exchange_slug,exchange_name,website,jurisdiction,jurisdiction_name,status,registers_read,takame_page
binance,Binance,https://www.binance.com,IN,India,flagged,India · FIU-IND enforcement orders,https://takame.io/en/exchange/binance
binance,Binance,https://www.binance.com,JP,Japan,licensed-flagged,Japan · FSA | Japan · FSA warning list,https://takame.io/en/exchange/binance
binance,Binance,https://www.binance.com,AE,Dubai,licensed,Dubai · VARA,https://takame.io/en/exchange/binance
binance,Binance,https://www.binance.com,CA,Canada,withdrawn,Canada · FINTRAC,https://takame.io/en/exchange/binance
binance,Binance,https://www.binance.com,FR,France,withdrawn,France · AMF,https://takame.io/en/exchange/binance
binance,Binance,https://www.binance.com,EU,European Union,absent,EU · MiCA | EU · non-compliant list,https://takame.io/en/exchange/binance
binance,Binance,https://www.binance.com,HK,Hong Kong,absent,Hong Kong · SFC | Hong Kong · SFC alert list,https://takame.io/en/exchange/binance
binance,Binance,https://www.binance.com,ID,Indonesia,absent,Indonesia · OJK,https://takame.io/en/exchange/binance
binance,Binance,https://www.binance.com,MY,Malaysia,absent,Malaysia · SC alert list,https://takame.io/en/exchange/binance
binance,Binance,https://www.binance.com,PH,Philippines,absent,Philippines · BSP,https://takame.io/en/exchange/binance
binance,Binance,https://www.binance.com,SG,Singapore,absent,Singapore · MAS,https://takame.io/en/exchange/binance
binance,Binance,https://www.binance.com,KR,South Korea,absent,South Korea · FIU,https://takame.io/en/exchange/binance
binance,Binance,https://www.binance.com,TW,Taiwan,absent,Taiwan · FSC,https://takame.io/en/exchange/binance
binance,Binance,https://www.binance.com,UK,United Kingdom,absent,United Kingdom · FCA,https://takame.io/en/exchange/binance
binance,Binance,https://www.binance.com,US,United States,absent,United States · FinCEN | United States · CFTC RED list,https://takame.io/en/exchange/binance
bitrue,Bitrue,https://www.bitrue.com,CA,Canada,absent,Canada · FINTRAC,https://takame.io/en/exchange/bitrue
bitrue,Bitrue,https://www.bitrue.com,AE,Dubai,absent,Dubai · VARA,https://takame.io/en/exchange/bitrue
bitrue,Bitrue,https://www.bitrue.com,EU,European Union,absent,EU · MiCA | EU · non-compliant list,https://takame.io/en/exchange/bitrue
bitrue,Bitrue,https://www.bitrue.com,FR,France,absent,France · AMF,https://takame.io/en/exchange/bitrue
bitrue,Bitrue,https://www.bitrue.com,HK,Hong Kong,absent,Hong Kong · SFC | Hong Kong · SFC alert list,https://takame.io/en/exchange/bitrue
bitrue,Bitrue,https://www.bitrue.com,IN,India,absent,India · FIU-IND enforcement orders,https://takame.io/en/exchange/bitrue
bitrue,Bitrue,https://www.bitrue.com,ID,Indonesia,absent,Indonesia · OJK,https://takame.io/en/exchange/bitrue
bitrue,Bitrue,https://www.bitrue.com,JP,Japan,absent,Japan · FSA | Japan · FSA warning list,https://takame.io/en/exchange/bitrue
bitrue,Bitrue,https://www.bitrue.com,MY,Malaysia,absent,Malaysia · SC alert list,https://takame.io/en/exchange/bitrue
bitrue,Bitrue,https://www.bitrue.com,PH,Philippines,absent,Philippines · BSP,https://takame.io/en/exchange/bitrue
bitrue,Bitrue,https://www.bitrue.com,SG,Singapore,absent,Singapore · MAS,https://takame.io/en/exchange/bitrue
bitrue,Bitrue,https://www.bitrue.com,KR,South Korea,absent,South Korea · FIU,https://takame.io/en/exchange/bitrue
bitrue,Bitrue,https://www.bitrue.com,TW,Taiwan,absent,Taiwan · FSC,https://takame.io/en/exchange/bitrue
bitrue,Bitrue,https://www.bitrue.com,UK,United Kingdom,absent,United Kingdom · FCA,https://takame.io/en/exchange/bitrue
bitrue,Bitrue,https://www.bitrue.com,US,United States,absent,United States · FinCEN | United States · CFTC RED list,https://takame.io/en/exchange/bitrue
coinbase,Coinbase,https://www.coinbase.com,IN,India,flagged,India · FIU-IND enforcement orders,https://takame.io/en/exchange/coinbase
coinbase,Coinbase,https://www.coinbase.com,CA,Canada,licensed,Canada · FINTRAC,https://takame.io/en/exchange/coinbase
coinbase,Coinbase,https://www.coinbase.com,EU,European Union,licensed,EU · MiCA | EU · non-compliant list,https://takame.io/en/exchange/coinbase
coinbase,Coinbase,https://www.coinbase.com,FR,France,licensed,France · AMF,https://takame.io/en/exchange/coinbase
coinbase,Coinbase,https://www.coinbase.com,JP,Japan,licensed,Japan · FSA | Japan · FSA warning list,https://takame.io/en/exchange/coinbase
coinbase,Coinbase,https://www.coinbase.com,SG,Singapore,licensed,Singapore · MAS,https://takame.io/en/exchange/coinbase
coinbase,Coinbase,https://www.coinbase.com,UK,United Kingdom,licensed,United Kingdom · FCA,https://takame.io/en/exchange/coinbase
coinbase,Coinbase,https://www.coinbase.com,US,United States,self-filed,United States · FinCEN | United States · CFTC RED list,https://takame.io/en/exchange/coinbase
coinbase,Coinbase,https://www.coinbase.com,AE,Dubai,absent,Dubai · VARA,https://takame.io/en/exchange/coinbase
coinbase,Coinbase,https://www.coinbase.com,HK,Hong Kong,absent,Hong Kong · SFC | Hong Kong · SFC alert list,https://takame.io/en/exchange/coinbase
coinbase,Coinbase,https://www.coinbase.com,ID,Indonesia,absent,Indonesia · OJK,https://takame.io/en/exchange/coinbase
coinbase,Coinbase,https://www.coinbase.com,MY,Malaysia,absent,Malaysia · SC alert list,https://takame.io/en/exchange/coinbase
coinbase,Coinbase,https://www.coinbase.com,PH,Philippines,absent,Philippines · BSP,https://takame.io/en/exchange/coinbase
coinbase,Coinbase,https://www.coinbase.com,KR,South Korea,absent,South Korea · FIU,https://takame.io/en/exchange/coinbase
coinbase,Coinbase,https://www.coinbase.com,TW,Taiwan,absent,Taiwan · FSC,https://takame.io/en/exchange/coinbase
weex,WEEX,https://www.weex.com,CA,Canada,licensed,Canada · FINTRAC,https://takame.io/en/exchange/weex
weex,WEEX,https://www.weex.com,AE,Dubai,absent,Dubai · VARA,https://takame.io/en/exchange/weex
weex,WEEX,https://www.weex.com,EU,European Union,absent,EU · MiCA | EU · non-compliant list,https://takame.io/en/exchange/weex
weex,WEEX,https://www.weex.com,FR,France,absent,France · AMF,https://takame.io/en/exchange/weex
weex,WEEX,https://www.weex.com,HK,Hong Kong,absent,Hong Kong · SFC | Hong Kong · SFC alert list,https://takame.io/en/exchange/weex
weex,WEEX,https://www.weex.com,IN,India,absent,India · FIU-IND enforcement orders,https://takame.io/en/exchange/weex
weex,WEEX,https://www.weex.com,ID,Indonesia,absent,Indonesia · OJK,https://takame.io/en/exchange/weex
weex,WEEX,https://www.weex.com,JP,Japan,absent,Japan · FSA | Japan · FSA warning list,https://takame.io/en/exchange/weex
weex,WEEX,https://www.weex.com,MY,Malaysia,absent,Malaysia · SC alert list,https://takame.io/en/exchange/weex
weex,WEEX,https://www.weex.com,PH,Philippines,absent,Philippines · BSP,https://takame.io/en/exchange/weex
weex,WEEX,https://www.weex.com,SG,Singapore,absent,Singapore · MAS,https://takame.io/en/exchange/weex
weex,WEEX,https://www.weex.com,KR,South Korea,absent,South Korea · FIU,https://takame.io/en/exchange/weex
weex,WEEX,https://www.weex.com,TW,Taiwan,absent,Taiwan · FSC,https://takame.io/en/exchange/weex
weex,WEEX,https://www.weex.com,UK,United Kingdom,absent,United Kingdom · FCA,https://takame.io/en/exchange/weex
weex,WEEX,https://www.weex.com,US,United States,absent,United States · FinCEN | United States · CFTC RED list,https://takame.io/en/exchange/weex
okx,OKX,https://www.okx.com,AE,Dubai,licensed,Dubai · VARA,https://takame.io/en/exchange/okx
okx,OKX,https://www.okx.com,EU,European Union,licensed,EU · MiCA | EU · non-compliant list,https://takame.io/en/exchange/okx
okx,OKX,https://www.okx.com,FR,France,licensed,France · AMF,https://takame.io/en/exchange/okx
okx,OKX,https://www.okx.com,SG,Singapore,licensed,Singapore · MAS,https://takame.io/en/exchange/okx
okx,OKX,https://www.okx.com,CA,Canada,absent,Canada · FINTRAC,https://takame.io/en/exchange/okx
okx,OKX,https://www.okx.com,HK,Hong Kong,absent,Hong Kong · SFC | Hong Kong · SFC alert list,https://takame.io/en/exchange/okx
okx,OKX,https://www.okx.com,IN,India,absent,India · FIU-IND enforcement orders,https://takame.io/en/exchange/okx
okx,OKX,https://www.okx.com,ID,Indonesia,absent,Indonesia · OJK,https://takame.io/en/exchange/okx
okx,OKX,https://www.okx.com,JP,Japan,absent,Japan · FSA | Japan · FSA warning list,https://takame.io/en/exchange/okx
okx,OKX,https://www.okx.com,MY,Malaysia,absent,Malaysia · SC alert list,https://takame.io/en/exchange/okx
okx,OKX,https://www.okx.com,PH,Philippines,absent,Philippines · BSP,https://takame.io/en/exchange/okx
okx,OKX,https://www.okx.com,KR,South Korea,absent,South Korea · FIU,https://takame.io/en/exchange/okx
okx,OKX,https://www.okx.com,TW,Taiwan,absent,Taiwan · FSC,https://takame.io/en/exchange/okx
okx,OKX,https://www.okx.com,UK,United Kingdom,absent,United Kingdom · FCA,https://takame.io/en/exchange/okx
okx,OKX,https://www.okx.com,US,United States,absent,United States · FinCEN | United States · CFTC RED list,https://takame.io/en/exchange/okx
lbank,LBank,https://www.lbank.com,JP,Japan,flagged,Japan · FSA | Japan · FSA warning list,https://takame.io/en/exchange/lbank
lbank,LBank,https://www.lbank.com,MY,Malaysia,flagged,Malaysia · SC alert list,https://takame.io/en/exchange/lbank
lbank,LBank,https://www.lbank.com,CA,Canada,absent,Canada · FINTRAC,https://takame.io/en/exchange/lbank
lbank,LBank,https://www.lbank.com,AE,Dubai,absent,Dubai · VARA,https://takame.io/en/exchange/lbank
lbank,LBank,https://www.lbank.com,EU,European Union,absent,EU · MiCA | EU · non-compliant list,https://takame.io/en/exchange/lbank
lbank,LBank,https://www.lbank.com,FR,France,absent,France · AMF,https://takame.io/en/exchange/lbank
lbank,LBank,https://www.lbank.com,HK,Hong Kong,absent,Hong Kong · SFC | Hong Kong · SFC alert list,https://takame.io/en/exchange/lbank
lbank,LBank,https://www.lbank.com,IN,India,absent,India · FIU-IND enforcement orders,https://takame.io/en/exchange/lbank
lbank,LBank,https://www.lbank.com,ID,Indonesia,absent,Indonesia · OJK,https://takame.io/en/exchange/lbank
lbank,LBank,https://www.lbank.com,PH,Philippines,absent,Philippines · BSP,https://takame.io/en/exchange/lbank
lbank,LBank,https://www.lbank.com,SG,Singapore,absent,Singapore · MAS,https://takame.io/en/exchange/lbank
lbank,LBank,https://www.lbank.com,KR,South Korea,absent,South Korea · FIU,https://takame.io/en/exchange/lbank
lbank,LBank,https://www.lbank.com,TW,Taiwan,absent,Taiwan · FSC,https://takame.io/en/exchange/lbank
lbank,LBank,https://www.lbank.com,UK,United Kingdom,absent,United Kingdom · FCA,https://takame.io/en/exchange/lbank
lbank,LBank,https://www.lbank.com,US,United States,absent,United States · FinCEN | United States · CFTC RED list,https://takame.io/en/exchange/lbank
toobit,Toobit,https://www.toobit.com,CA,Canada,unconfirmed,Canada · FINTRAC,https://takame.io/en/exchange/toobit
toobit,Toobit,https://www.toobit.com,AE,Dubai,absent,Dubai · VARA,https://takame.io/en/exchange/toobit
toobit,Toobit,https://www.toobit.com,EU,European Union,absent,EU · MiCA | EU · non-compliant list,https://takame.io/en/exchange/toobit
toobit,Toobit,https://www.toobit.com,FR,France,absent,France · AMF,https://takame.io/en/exchange/toobit
toobit,Toobit,https://www.toobit.com,HK,Hong Kong,absent,Hong Kong · SFC | Hong Kong · SFC alert list,https://takame.io/en/exchange/toobit
toobit,Toobit,https://www.toobit.com,IN,India,absent,India · FIU-IND enforcement orders,https://takame.io/en/exchange/toobit
toobit,Toobit,https://www.toobit.com,ID,Indonesia,absent,Indonesia · OJK,https://takame.io/en/exchange/toobit
toobit,Toobit,https://www.toobit.com,JP,Japan,absent,Japan · FSA | Japan · FSA warning list,https://takame.io/en/exchange/toobit
toobit,Toobit,https://www.toobit.com,MY,Malaysia,absent,Malaysia · SC alert list,https://takame.io/en/exchange/toobit
toobit,Toobit,https://www.toobit.com,PH,Philippines,absent,Philippines · BSP,https://takame.io/en/exchange/toobit
toobit,Toobit,https://www.toobit.com,SG,Singapore,absent,Singapore · MAS,https://takame.io/en/exchange/toobit
toobit,Toobit,https://www.toobit.com,KR,South Korea,absent,South Korea · FIU,https://takame.io/en/exchange/toobit
toobit,Toobit,https://www.toobit.com,TW,Taiwan,absent,Taiwan · FSC,https://takame.io/en/exchange/toobit
toobit,Toobit,https://www.toobit.com,UK,United Kingdom,absent,United Kingdom · FCA,https://takame.io/en/exchange/toobit
toobit,Toobit,https://www.toobit.com,US,United States,absent,United States · FinCEN | United States · CFTC RED list,https://takame.io/en/exchange/toobit
gate,Gate,https://www.gate.com,AE,Dubai,licensed,Dubai · VARA,https://takame.io/en/exchange/gate
gate,Gate,https://www.gate.com,EU,European Union,licensed,EU · MiCA | EU · non-compliant list,https://takame.io/en/exchange/gate
gate,Gate,https://www.gate.com,FR,France,licensed,France · AMF,https://takame.io/en/exchange/gate
gate,Gate,https://www.gate.com,JP,Japan,licensed,Japan · FSA | Japan · FSA warning list,https://takame.io/en/exchange/gate
gate,Gate,https://www.gate.com,CA,Canada,absent,Canada · FINTRAC,https://takame.io/en/exchange/gate
gate,Gate,https://www.gate.com,HK,Hong Kong,absent,Hong Kong · SFC | Hong Kong · SFC alert list,https://takame.io/en/exchange/gate
gate,Gate,https://www.gate.com,IN,India,absent,India · FIU-IND enforcement orders,https://takame.io/en/exchange/gate
gate,Gate,https://www.gate.com,ID,Indonesia,absent,Indonesia · OJK,https://takame.io/en/exchange/gate
gate,Gate,https://www.gate.com,MY,Malaysia,absent,Malaysia · SC alert list,https://takame.io/en/exchange/gate
gate,Gate,https://www.gate.com,PH,Philippines,absent,Philippines · BSP,https://takame.io/en/exchange/gate
gate,Gate,https://www.gate.com,SG,Singapore,absent,Singapore · MAS,https://takame.io/en/exchange/gate
gate,Gate,https://www.gate.com,KR,South Korea,absent,South Korea · FIU,https://takame.io/en/exchange/gate
gate,Gate,https://www.gate.com,TW,Taiwan,absent,Taiwan · FSC,https://takame.io/en/exchange/gate
gate,Gate,https://www.gate.com,UK,United Kingdom,absent,United Kingdom · FCA,https://takame.io/en/exchange/gate
gate,Gate,https://www.gate.com,US,United States,absent,United States · FinCEN | United States · CFTC RED list,https://takame.io/en/exchange/gate
xt,XT.com,https://www.xt.com,MY,Malaysia,flagged,Malaysia · SC alert list,https://takame.io/en/exchange/xt
xt,XT.com,https://www.xt.com,CA,Canada,absent,Canada · FINTRAC,https://takame.io/en/exchange/xt
xt,XT.com,https://www.xt.com,AE,Dubai,absent,Dubai · VARA,https://takame.io/en/exchange/xt
xt,XT.com,https://www.xt.com,EU,European Union,absent,EU · MiCA | EU · non-compliant list,https://takame.io/en/exchange/xt
xt,XT.com,https://www.xt.com,FR,France,absent,France · AMF,https://takame.io/en/exchange/xt
xt,XT.com,https://www.xt.com,HK,Hong Kong,absent,Hong Kong · SFC | Hong Kong · SFC alert list,https://takame.io/en/exchange/xt
xt,XT.com,https://www.xt.com,IN,India,absent,India · FIU-IND enforcement orders,https://takame.io/en/exchange/xt
xt,XT.com,https://www.xt.com,ID,Indonesia,absent,Indonesia · OJK,https://takame.io/en/exchange/xt
xt,XT.com,https://www.xt.com,JP,Japan,absent,Japan · FSA | Japan · FSA warning list,https://takame.io/en/exchange/xt
xt,XT.com,https://www.xt.com,PH,Philippines,absent,Philippines · BSP,https://takame.io/en/exchange/xt
xt,XT.com,https://www.xt.com,SG,Singapore,absent,Singapore · MAS,https://takame.io/en/exchange/xt
xt,XT.com,https://www.xt.com,KR,South Korea,absent,South Korea · FIU,https://takame.io/en/exchange/xt
xt,XT.com,https://www.xt.com,TW,Taiwan,absent,Taiwan · FSC,https://takame.io/en/exchange/xt
xt,XT.com,https://www.xt.com,UK,United Kingdom,absent,United Kingdom · FCA,https://takame.io/en/exchange/xt
xt,XT.com,https://www.xt.com,US,United States,absent,United States · FinCEN | United States · CFTC RED list,https://takame.io/en/exchange/xt
bybit,Bybit,https://www.bybit.com,IN,India,flagged,India · FIU-IND enforcement orders,https://takame.io/en/exchange/bybit
bybit,Bybit,https://www.bybit.com,JP,Japan,flagged,Japan · FSA | Japan · FSA warning list,https://takame.io/en/exchange/bybit
bybit,Bybit,https://www.bybit.com,CA,Canada,withdrawn,Canada · FINTRAC,https://takame.io/en/exchange/bybit
bybit,Bybit,https://www.bybit.com,AE,Dubai,absent,Dubai · VARA,https://takame.io/en/exchange/bybit
bybit,Bybit,https://www.bybit.com,EU,European Union,absent,EU · MiCA | EU · non-compliant list,https://takame.io/en/exchange/bybit
bybit,Bybit,https://www.bybit.com,FR,France,absent,France · AMF,https://takame.io/en/exchange/bybit
bybit,Bybit,https://www.bybit.com,HK,Hong Kong,absent,Hong Kong · SFC | Hong Kong · SFC alert list,https://takame.io/en/exchange/bybit
bybit,Bybit,https://www.bybit.com,ID,Indonesia,absent,Indonesia · OJK,https://takame.io/en/exchange/bybit
bybit,Bybit,https://www.bybit.com,MY,Malaysia,absent,Malaysia · SC alert list,https://takame.io/en/exchange/bybit
bybit,Bybit,https://www.bybit.com,PH,Philippines,absent,Philippines · BSP,https://takame.io/en/exchange/bybit
bybit,Bybit,https://www.bybit.com,SG,Singapore,absent,Singapore · MAS,https://takame.io/en/exchange/bybit
bybit,Bybit,https://www.bybit.com,KR,South Korea,absent,South Korea · FIU,https://takame.io/en/exchange/bybit
bybit,Bybit,https://www.bybit.com,TW,Taiwan,absent,Taiwan · FSC,https://takame.io/en/exchange/bybit
bybit,Bybit,https://www.bybit.com,UK,United Kingdom,absent,United Kingdom · FCA,https://takame.io/en/exchange/bybit
bybit,Bybit,https://www.bybit.com,US,United States,absent,United States · FinCEN | United States · CFTC RED list,https://takame.io/en/exchange/bybit
mexc,MEXC,https://www.mexc.com,EU,European Union,flagged,EU · MiCA | EU · non-compliant list,https://takame.io/en/exchange/mexc
mexc,MEXC,https://www.mexc.com,HK,Hong Kong,flagged,Hong Kong · SFC | Hong Kong · SFC alert list,https://takame.io/en/exchange/mexc
mexc,MEXC,https://www.mexc.com,JP,Japan,flagged,Japan · FSA | Japan · FSA warning list,https://takame.io/en/exchange/mexc
mexc,MEXC,https://www.mexc.com,MY,Malaysia,flagged,Malaysia · SC alert list,https://takame.io/en/exchange/mexc
mexc,MEXC,https://www.mexc.com,CA,Canada,absent,Canada · FINTRAC,https://takame.io/en/exchange/mexc
mexc,MEXC,https://www.mexc.com,AE,Dubai,absent,Dubai · VARA,https://takame.io/en/exchange/mexc
mexc,MEXC,https://www.mexc.com,FR,France,absent,France · AMF,https://takame.io/en/exchange/mexc
mexc,MEXC,https://www.mexc.com,IN,India,absent,India · FIU-IND enforcement orders,https://takame.io/en/exchange/mexc
mexc,MEXC,https://www.mexc.com,ID,Indonesia,absent,Indonesia · OJK,https://takame.io/en/exchange/mexc
mexc,MEXC,https://www.mexc.com,PH,Philippines,absent,Philippines · BSP,https://takame.io/en/exchange/mexc
mexc,MEXC,https://www.mexc.com,SG,Singapore,absent,Singapore · MAS,https://takame.io/en/exchange/mexc
mexc,MEXC,https://www.mexc.com,KR,South Korea,absent,South Korea · FIU,https://takame.io/en/exchange/mexc
mexc,MEXC,https://www.mexc.com,TW,Taiwan,absent,Taiwan · FSC,https://takame.io/en/exchange/mexc
mexc,MEXC,https://www.mexc.com,UK,United Kingdom,absent,United Kingdom · FCA,https://takame.io/en/exchange/mexc
mexc,MEXC,https://www.mexc.com,US,United States,absent,United States · FinCEN | United States · CFTC RED list,https://takame.io/en/exchange/mexc
kraken,Kraken,https://www.kraken.com,CA,Canada,licensed,Canada · FINTRAC,https://takame.io/en/exchange/kraken
kraken,Kraken,https://www.kraken.com,EU,European Union,licensed,EU · MiCA | EU · non-compliant list,https://takame.io/en/exchange/kraken
kraken,Kraken,https://www.kraken.com,FR,France,licensed,France · AMF,https://takame.io/en/exchange/kraken
kraken,Kraken,https://www.kraken.com,UK,United Kingdom,licensed,United Kingdom · FCA,https://takame.io/en/exchange/kraken
kraken,Kraken,https://www.kraken.com,US,United States,self-filed,United States · FinCEN | United States · CFTC RED list,https://takame.io/en/exchange/kraken
kraken,Kraken,https://www.kraken.com,AE,Dubai,absent,Dubai · VARA,https://takame.io/en/exchange/kraken
kraken,Kraken,https://www.kraken.com,HK,Hong Kong,absent,Hong Kong · SFC | Hong Kong · SFC alert list,https://takame.io/en/exchange/kraken
kraken,Kraken,https://www.kraken.com,IN,India,absent,India · FIU-IND enforcement orders,https://takame.io/en/exchange/kraken
kraken,Kraken,https://www.kraken.com,ID,Indonesia,absent,Indonesia · OJK,https://takame.io/en/exchange/kraken
kraken,Kraken,https://www.kraken.com,JP,Japan,absent,Japan · FSA | Japan · FSA warning list,https://takame.io/en/exchange/kraken
kraken,Kraken,https://www.kraken.com,MY,Malaysia,absent,Malaysia · SC alert list,https://takame.io/en/exchange/kraken
kraken,Kraken,https://www.kraken.com,PH,Philippines,absent,Philippines · BSP,https://takame.io/en/exchange/kraken
kraken,Kraken,https://www.kraken.com,SG,Singapore,absent,Singapore · MAS,https://takame.io/en/exchange/kraken
kraken,Kraken,https://www.kraken.com,KR,South Korea,absent,South Korea · FIU,https://takame.io/en/exchange/kraken
kraken,Kraken,https://www.kraken.com,TW,Taiwan,absent,Taiwan · FSC,https://takame.io/en/exchange/kraken
kucoin,KuCoin,https://www.kucoin.com,IN,India,flagged,India · FIU-IND enforcement orders,https://takame.io/en/exchange/kucoin
kucoin,KuCoin,https://www.kucoin.com,JP,Japan,flagged,Japan · FSA | Japan · FSA warning list,https://takame.io/en/exchange/kucoin
kucoin,KuCoin,https://www.kucoin.com,MY,Malaysia,flagged,Malaysia · SC alert list,https://takame.io/en/exchange/kucoin
kucoin,KuCoin,https://www.kucoin.com,EU,European Union,licensed,EU · MiCA | EU · non-compliant list,https://takame.io/en/exchange/kucoin
kucoin,KuCoin,https://www.kucoin.com,FR,France,licensed,France · AMF,https://takame.io/en/exchange/kucoin
kucoin,KuCoin,https://www.kucoin.com,CA,Canada,absent,Canada · FINTRAC,https://takame.io/en/exchange/kucoin
kucoin,KuCoin,https://www.kucoin.com,AE,Dubai,absent,Dubai · VARA,https://takame.io/en/exchange/kucoin
kucoin,KuCoin,https://www.kucoin.com,HK,Hong Kong,absent,Hong Kong · SFC | Hong Kong · SFC alert list,https://takame.io/en/exchange/kucoin
kucoin,KuCoin,https://www.kucoin.com,ID,Indonesia,absent,Indonesia · OJK,https://takame.io/en/exchange/kucoin
kucoin,KuCoin,https://www.kucoin.com,PH,Philippines,absent,Philippines · BSP,https://takame.io/en/exchange/kucoin
kucoin,KuCoin,https://www.kucoin.com,SG,Singapore,absent,Singapore · MAS,https://takame.io/en/exchange/kucoin
kucoin,KuCoin,https://www.kucoin.com,KR,South Korea,absent,South Korea · FIU,https://takame.io/en/exchange/kucoin
kucoin,KuCoin,https://www.kucoin.com,TW,Taiwan,absent,Taiwan · FSC,https://takame.io/en/exchange/kucoin
kucoin,KuCoin,https://www.kucoin.com,UK,United Kingdom,absent,United Kingdom · FCA,https://takame.io/en/exchange/kucoin
kucoin,KuCoin,https://www.kucoin.com,US,United States,absent,United States · FinCEN | United States · CFTC RED list,https://takame.io/en/exchange/kucoin
upbit,Upbit,https://upbit.com,ID,Indonesia,licensed,Indonesia · OJK,https://takame.io/en/exchange/upbit
upbit,Upbit,https://upbit.com,SG,Singapore,licensed,Singapore · MAS,https://takame.io/en/exchange/upbit
upbit,Upbit,https://upbit.com,KR,South Korea,licensed,South Korea · FIU,https://takame.io/en/exchange/upbit
upbit,Upbit,https://upbit.com,CA,Canada,absent,Canada · FINTRAC,https://takame.io/en/exchange/upbit
upbit,Upbit,https://upbit.com,AE,Dubai,absent,Dubai · VARA,https://takame.io/en/exchange/upbit
upbit,Upbit,https://upbit.com,EU,European Union,absent,EU · MiCA | EU · non-compliant list,https://takame.io/en/exchange/upbit
upbit,Upbit,https://upbit.com,FR,France,absent,France · AMF,https://takame.io/en/exchange/upbit
upbit,Upbit,https://upbit.com,HK,Hong Kong,absent,Hong Kong · SFC | Hong Kong · SFC alert list,https://takame.io/en/exchange/upbit
upbit,Upbit,https://upbit.com,IN,India,absent,India · FIU-IND enforcement orders,https://takame.io/en/exchange/upbit
upbit,Upbit,https://upbit.com,JP,Japan,absent,Japan · FSA | Japan · FSA warning list,https://takame.io/en/exchange/upbit
upbit,Upbit,https://upbit.com,MY,Malaysia,absent,Malaysia · SC alert list,https://takame.io/en/exchange/upbit
upbit,Upbit,https://upbit.com,PH,Philippines,absent,Philippines · BSP,https://takame.io/en/exchange/upbit
upbit,Upbit,https://upbit.com,TW,Taiwan,absent,Taiwan · FSC,https://takame.io/en/exchange/upbit
upbit,Upbit,https://upbit.com,UK,United Kingdom,absent,United Kingdom · FCA,https://takame.io/en/exchange/upbit
upbit,Upbit,https://upbit.com,US,United States,absent,United States · FinCEN | United States · CFTC RED list,https://takame.io/en/exchange/upbit
whitebit,WhiteBIT,https://whitebit.com,US,United States,self-filed,United States · FinCEN | United States · CFTC RED list,https://takame.io/en/exchange/whitebit
whitebit,WhiteBIT,https://whitebit.com,CA,Canada,absent,Canada · FINTRAC,https://takame.io/en/exchange/whitebit
whitebit,WhiteBIT,https://whitebit.com,AE,Dubai,absent,Dubai · VARA,https://takame.io/en/exchange/whitebit
whitebit,WhiteBIT,https://whitebit.com,EU,European Union,absent,EU · MiCA | EU · non-compliant list,https://takame.io/en/exchange/whitebit
whitebit,WhiteBIT,https://whitebit.com,FR,France,absent,France · AMF,https://takame.io/en/exchange/whitebit
whitebit,WhiteBIT,https://whitebit.com,HK,Hong Kong,absent,Hong Kong · SFC | Hong Kong · SFC alert list,https://takame.io/en/exchange/whitebit
whitebit,WhiteBIT,https://whitebit.com,IN,India,absent,India · FIU-IND enforcement orders,https://takame.io/en/exchange/whitebit
whitebit,WhiteBIT,https://whitebit.com,ID,Indonesia,absent,Indonesia · OJK,https://takame.io/en/exchange/whitebit
whitebit,WhiteBIT,https://whitebit.com,JP,Japan,absent,Japan · FSA | Japan · FSA warning list,https://takame.io/en/exchange/whitebit
whitebit,WhiteBIT,https://whitebit.com,MY,Malaysia,absent,Malaysia · SC alert list,https://takame.io/en/exchange/whitebit
whitebit,WhiteBIT,https://whitebit.com,PH,Philippines,absent,Philippines · BSP,https://takame.io/en/exchange/whitebit
whitebit,WhiteBIT,https://whitebit.com,SG,Singapore,absent,Singapore · MAS,https://takame.io/en/exchange/whitebit
whitebit,WhiteBIT,https://whitebit.com,KR,South Korea,absent,South Korea · FIU,https://takame.io/en/exchange/whitebit
whitebit,WhiteBIT,https://whitebit.com,TW,Taiwan,absent,Taiwan · FSC,https://takame.io/en/exchange/whitebit
whitebit,WhiteBIT,https://whitebit.com,UK,United Kingdom,absent,United Kingdom · FCA,https://takame.io/en/exchange/whitebit
poloniex,Poloniex,https://poloniex.com,CA,Canada,absent,Canada · FINTRAC,https://takame.io/en/exchange/poloniex
poloniex,Poloniex,https://poloniex.com,AE,Dubai,absent,Dubai · VARA,https://takame.io/en/exchange/poloniex
poloniex,Poloniex,https://poloniex.com,EU,European Union,absent,EU · MiCA | EU · non-compliant list,https://takame.io/en/exchange/poloniex
poloniex,Poloniex,https://poloniex.com,FR,France,absent,France · AMF,https://takame.io/en/exchange/poloniex
poloniex,Poloniex,https://poloniex.com,HK,Hong Kong,absent,Hong Kong · SFC | Hong Kong · SFC alert list,https://takame.io/en/exchange/poloniex
poloniex,Poloniex,https://poloniex.com,IN,India,absent,India · FIU-IND enforcement orders,https://takame.io/en/exchange/poloniex
poloniex,Poloniex,https://poloniex.com,ID,Indonesia,absent,Indonesia · OJK,https://takame.io/en/exchange/poloniex
poloniex,Poloniex,https://poloniex.com,JP,Japan,absent,Japan · FSA | Japan · FSA warning list,https://takame.io/en/exchange/poloniex
poloniex,Poloniex,https://poloniex.com,MY,Malaysia,absent,Malaysia · SC alert list,https://takame.io/en/exchange/poloniex
poloniex,Poloniex,https://poloniex.com,PH,Philippines,absent,Philippines · BSP,https://takame.io/en/exchange/poloniex
poloniex,Poloniex,https://poloniex.com,SG,Singapore,absent,Singapore · MAS,https://takame.io/en/exchange/poloniex
poloniex,Poloniex,https://poloniex.com,KR,South Korea,absent,South Korea · FIU,https://takame.io/en/exchange/poloniex
poloniex,Poloniex,https://poloniex.com,TW,Taiwan,absent,Taiwan · FSC,https://takame.io/en/exchange/poloniex
poloniex,Poloniex,https://poloniex.com,UK,United Kingdom,absent,United Kingdom · FCA,https://takame.io/en/exchange/poloniex
poloniex,Poloniex,https://poloniex.com,US,United States,absent,United States · FinCEN | United States · CFTC RED list,https://takame.io/en/exchange/poloniex
bigone,BigONE,https://bigone.com,CA,Canada,absent,Canada · FINTRAC,https://takame.io/en/exchange/bigone
bigone,BigONE,https://bigone.com,AE,Dubai,absent,Dubai · VARA,https://takame.io/en/exchange/bigone
bigone,BigONE,https://bigone.com,EU,European Union,absent,EU · MiCA | EU · non-compliant list,https://takame.io/en/exchange/bigone
bigone,BigONE,https://bigone.com,FR,France,absent,France · AMF,https://takame.io/en/exchange/bigone
bigone,BigONE,https://bigone.com,HK,Hong Kong,absent,Hong Kong · SFC | Hong Kong · SFC alert list,https://takame.io/en/exchange/bigone
bigone,BigONE,https://bigone.com,IN,India,absent,India · FIU-IND enforcement orders,https://takame.io/en/exchange/bigone
bigone,BigONE,https://bigone.com,ID,Indonesia,absent,Indonesia · OJK,https://takame.io/en/exchange/bigone
bigone,BigONE,https://bigone.com,JP,Japan,absent,Japan · FSA | Japan · FSA warning list,https://takame.io/en/exchange/bigone
bigone,BigONE,https://bigone.com,MY,Malaysia,absent,Malaysia · SC alert list,https://takame.io/en/exchange/bigone
bigone,BigONE,https://bigone.com,PH,Philippines,absent,Philippines · BSP,https://takame.io/en/exchange/bigone
bigone,BigONE,https://bigone.com,SG,Singapore,absent,Singapore · MAS,https://takame.io/en/exchange/bigone
bigone,BigONE,https://bigone.com,KR,South Korea,absent,South Korea · FIU,https://takame.io/en/exchange/bigone
bigone,BigONE,https://bigone.com,TW,Taiwan,absent,Taiwan · FSC,https://takame.io/en/exchange/bigone
bigone,BigONE,https://bigone.com,UK,United Kingdom,absent,United Kingdom · FCA,https://takame.io/en/exchange/bigone
bigone,BigONE,https://bigone.com,US,United States,absent,United States · FinCEN | United States · CFTC RED list,https://takame.io/en/exchange/bigone
bitget,Bitget,https://www.bitget.com,JP,Japan,flagged,Japan · FSA | Japan · FSA warning list,https://takame.io/en/exchange/bitget
bitget,Bitget,https://www.bitget.com,MY,Malaysia,flagged,Malaysia · SC alert list,https://takame.io/en/exchange/bitget
bitget,Bitget,https://www.bitget.com,CA,Canada,withdrawn,Canada · FINTRAC,https://takame.io/en/exchange/bitget
bitget,Bitget,https://www.bitget.com,AE,Dubai,absent,Dubai · VARA,https://takame.io/en/exchange/bitget
bitget,Bitget,https://www.bitget.com,EU,European Union,absent,EU · MiCA | EU · non-compliant list,https://takame.io/en/exchange/bitget
bitget,Bitget,https://www.bitget.com,FR,France,absent,France · AMF,https://takame.io/en/exchange/bitget
bitget,Bitget,https://www.bitget.com,HK,Hong Kong,absent,Hong Kong · SFC | Hong Kong · SFC alert list,https://takame.io/en/exchange/bitget
bitget,Bitget,https://www.bitget.com,IN,India,absent,India · FIU-IND enforcement orders,https://takame.io/en/exchange/bitget
bitget,Bitget,https://www.bitget.com,ID,Indonesia,absent,Indonesia · OJK,https://takame.io/en/exchange/bitget
bitget,Bitget,https://www.bitget.com,PH,Philippines,absent,Philippines · BSP,https://takame.io/en/exchange/bitget
bitget,Bitget,https://www.bitget.com,SG,Singapore,absent,Singapore · MAS,https://takame.io/en/exchange/bitget
bitget,Bitget,https://www.bitget.com,KR,South Korea,absent,South Korea · FIU,https://takame.io/en/exchange/bitget
bitget,Bitget,https://www.bitget.com,TW,Taiwan,absent,Taiwan · FSC,https://takame.io/en/exchange/bitget
bitget,Bitget,https://www.bitget.com,UK,United Kingdom,absent,United Kingdom · FCA,https://takame.io/en/exchange/bitget
bitget,Bitget,https://www.bitget.com,US,United States,absent,United States · FinCEN | United States · CFTC RED list,https://takame.io/en/exchange/bitget
htx,HTX,https://www.htx.com,MY,Malaysia,flagged,Malaysia · SC alert list,https://takame.io/en/exchange/htx
htx,HTX,https://www.htx.com,CA,Canada,absent,Canada · FINTRAC,https://takame.io/en/exchange/htx
htx,HTX,https://www.htx.com,AE,Dubai,absent,Dubai · VARA,https://takame.io/en/exchange/htx
htx,HTX,https://www.htx.com,EU,European Union,absent,EU · MiCA | EU · non-compliant list,https://takame.io/en/exchange/htx
htx,HTX,https://www.htx.com,FR,France,absent,France · AMF,https://takame.io/en/exchange/htx
htx,HTX,https://www.htx.com,HK,Hong Kong,absent,Hong Kong · SFC | Hong Kong · SFC alert list,https://takame.io/en/exchange/htx
htx,HTX,https://www.htx.com,IN,India,absent,India · FIU-IND enforcement orders,https://takame.io/en/exchange/htx
htx,HTX,https://www.htx.com,ID,Indonesia,absent,Indonesia · OJK,https://takame.io/en/exchange/htx
htx,HTX,https://www.htx.com,JP,Japan,absent,Japan · FSA | Japan · FSA warning list,https://takame.io/en/exchange/htx
htx,HTX,https://www.htx.com,PH,Philippines,absent,Philippines · BSP,https://takame.io/en/exchange/htx
htx,HTX,https://www.htx.com,SG,Singapore,absent,Singapore · MAS,https://takame.io/en/exchange/htx
htx,HTX,https://www.htx.com,KR,South Korea,absent,South Korea · FIU,https://takame.io/en/exchange/htx
htx,HTX,https://www.htx.com,TW,Taiwan,absent,Taiwan · FSC,https://takame.io/en/exchange/htx
htx,HTX,https://www.htx.com,UK,United Kingdom,absent,United Kingdom · FCA,https://takame.io/en/exchange/htx
htx,HTX,https://www.htx.com,US,United States,absent,United States · FinCEN | United States · CFTC RED list,https://takame.io/en/exchange/htx
phemex,Phemex,https://phemex.com,CA,Canada,withdrawn,Canada · FINTRAC,https://takame.io/en/exchange/phemex
phemex,Phemex,https://phemex.com,AE,Dubai,absent,Dubai · VARA,https://takame.io/en/exchange/phemex
phemex,Phemex,https://phemex.com,EU,European Union,absent,EU · MiCA | EU · non-compliant list,https://takame.io/en/exchange/phemex
phemex,Phemex,https://phemex.com,FR,France,absent,France · AMF,https://takame.io/en/exchange/phemex
phemex,Phemex,https://phemex.com,HK,Hong Kong,absent,Hong Kong · SFC | Hong Kong · SFC alert list,https://takame.io/en/exchange/phemex
phemex,Phemex,https://phemex.com,IN,India,absent,India · FIU-IND enforcement orders,https://takame.io/en/exchange/phemex
phemex,Phemex,https://phemex.com,ID,Indonesia,absent,Indonesia · OJK,https://takame.io/en/exchange/phemex
phemex,Phemex,https://phemex.com,JP,Japan,absent,Japan · FSA | Japan · FSA warning list,https://takame.io/en/exchange/phemex
phemex,Phemex,https://phemex.com,MY,Malaysia,absent,Malaysia · SC alert list,https://takame.io/en/exchange/phemex
phemex,Phemex,https://phemex.com,PH,Philippines,absent,Philippines · BSP,https://takame.io/en/exchange/phemex
phemex,Phemex,https://phemex.com,SG,Singapore,absent,Singapore · MAS,https://takame.io/en/exchange/phemex
phemex,Phemex,https://phemex.com,KR,South Korea,absent,South Korea · FIU,https://takame.io/en/exchange/phemex
phemex,Phemex,https://phemex.com,TW,Taiwan,absent,Taiwan · FSC,https://takame.io/en/exchange/phemex
phemex,Phemex,https://phemex.com,UK,United Kingdom,absent,United Kingdom · FCA,https://takame.io/en/exchange/phemex
phemex,Phemex,https://phemex.com,US,United States,absent,United States · FinCEN | United States · CFTC RED list,https://takame.io/en/exchange/phemex
crypto-com,Crypto.com,https://crypto.com,CA,Canada,licensed,Canada · FINTRAC,https://takame.io/en/exchange/crypto-com
crypto-com,Crypto.com,https://crypto.com,AE,Dubai,licensed,Dubai · VARA,https://takame.io/en/exchange/crypto-com
crypto-com,Crypto.com,https://crypto.com,EU,European Union,licensed,EU · MiCA | EU · non-compliant list,https://takame.io/en/exchange/crypto-com
crypto-com,Crypto.com,https://crypto.com,FR,France,licensed,France · AMF,https://takame.io/en/exchange/crypto-com
crypto-com,Crypto.com,https://crypto.com,KR,South Korea,licensed,South Korea · FIU,https://takame.io/en/exchange/crypto-com
crypto-com,Crypto.com,https://crypto.com,UK,United Kingdom,licensed,United Kingdom · FCA,https://takame.io/en/exchange/crypto-com
crypto-com,Crypto.com,https://crypto.com,US,United States,self-filed,United States · FinCEN | United States · CFTC RED list,https://takame.io/en/exchange/crypto-com
crypto-com,Crypto.com,https://crypto.com,HK,Hong Kong,absent,Hong Kong · SFC | Hong Kong · SFC alert list,https://takame.io/en/exchange/crypto-com
crypto-com,Crypto.com,https://crypto.com,IN,India,absent,India · FIU-IND enforcement orders,https://takame.io/en/exchange/crypto-com
crypto-com,Crypto.com,https://crypto.com,ID,Indonesia,absent,Indonesia · OJK,https://takame.io/en/exchange/crypto-com
crypto-com,Crypto.com,https://crypto.com,JP,Japan,absent,Japan · FSA | Japan · FSA warning list,https://takame.io/en/exchange/crypto-com
crypto-com,Crypto.com,https://crypto.com,MY,Malaysia,absent,Malaysia · SC alert list,https://takame.io/en/exchange/crypto-com
crypto-com,Crypto.com,https://crypto.com,PH,Philippines,absent,Philippines · BSP,https://takame.io/en/exchange/crypto-com
crypto-com,Crypto.com,https://crypto.com,SG,Singapore,absent,Singapore · MAS,https://takame.io/en/exchange/crypto-com
crypto-com,Crypto.com,https://crypto.com,TW,Taiwan,absent,Taiwan · FSC,https://takame.io/en/exchange/crypto-com
bithumb,Bithumb,https://www.bithumb.com,KR,South Korea,licensed,South Korea · FIU,https://takame.io/en/exchange/bithumb
bithumb,Bithumb,https://www.bithumb.com,CA,Canada,absent,Canada · FINTRAC,https://takame.io/en/exchange/bithumb
bithumb,Bithumb,https://www.bithumb.com,AE,Dubai,absent,Dubai · VARA,https://takame.io/en/exchange/bithumb
bithumb,Bithumb,https://www.bithumb.com,EU,European Union,absent,EU · MiCA | EU · non-compliant list,https://takame.io/en/exchange/bithumb
bithumb,Bithumb,https://www.bithumb.com,FR,France,absent,France · AMF,https://takame.io/en/exchange/bithumb
bithumb,Bithumb,https://www.bithumb.com,HK,Hong Kong,absent,Hong Kong · SFC | Hong Kong · SFC alert list,https://takame.io/en/exchange/bithumb
bithumb,Bithumb,https://www.bithumb.com,IN,India,absent,India · FIU-IND enforcement orders,https://takame.io/en/exchange/bithumb
bithumb,Bithumb,https://www.bithumb.com,ID,Indonesia,absent,Indonesia · OJK,https://takame.io/en/exchange/bithumb
bithumb,Bithumb,https://www.bithumb.com,JP,Japan,absent,Japan · FSA | Japan · FSA warning list,https://takame.io/en/exchange/bithumb
bithumb,Bithumb,https://www.bithumb.com,MY,Malaysia,absent,Malaysia · SC alert list,https://takame.io/en/exchange/bithumb
bithumb,Bithumb,https://www.bithumb.com,PH,Philippines,absent,Philippines · BSP,https://takame.io/en/exchange/bithumb
bithumb,Bithumb,https://www.bithumb.com,SG,Singapore,absent,Singapore · MAS,https://takame.io/en/exchange/bithumb
bithumb,Bithumb,https://www.bithumb.com,TW,Taiwan,absent,Taiwan · FSC,https://takame.io/en/exchange/bithumb
bithumb,Bithumb,https://www.bithumb.com,UK,United Kingdom,absent,United Kingdom · FCA,https://takame.io/en/exchange/bithumb
bithumb,Bithumb,https://www.bithumb.com,US,United States,absent,United States · FinCEN | United States · CFTC RED list,https://takame.io/en/exchange/bithumb
bingx,BingX,https://bingx.com,MY,Malaysia,flagged,Malaysia · SC alert list,https://takame.io/en/exchange/bingx
bingx,BingX,https://bingx.com,CA,Canada,withdrawn,Canada · FINTRAC,https://takame.io/en/exchange/bingx
bingx,BingX,https://bingx.com,AE,Dubai,absent,Dubai · VARA,https://takame.io/en/exchange/bingx
bingx,BingX,https://bingx.com,EU,European Union,absent,EU · MiCA | EU · non-compliant list,https://takame.io/en/exchange/bingx
bingx,BingX,https://bingx.com,FR,France,absent,France · AMF,https://takame.io/en/exchange/bingx
bingx,BingX,https://bingx.com,HK,Hong Kong,absent,Hong Kong · SFC | Hong Kong · SFC alert list,https://takame.io/en/exchange/bingx
bingx,BingX,https://bingx.com,IN,India,absent,India · FIU-IND enforcement orders,https://takame.io/en/exchange/bingx
bingx,BingX,https://bingx.com,ID,Indonesia,absent,Indonesia · OJK,https://takame.io/en/exchange/bingx
bingx,BingX,https://bingx.com,JP,Japan,absent,Japan · FSA | Japan · FSA warning list,https://takame.io/en/exchange/bingx
bingx,BingX,https://bingx.com,PH,Philippines,absent,Philippines · BSP,https://takame.io/en/exchange/bingx
bingx,BingX,https://bingx.com,SG,Singapore,absent,Singapore · MAS,https://takame.io/en/exchange/bingx
bingx,BingX,https://bingx.com,KR,South Korea,absent,South Korea · FIU,https://takame.io/en/exchange/bingx
bingx,BingX,https://bingx.com,TW,Taiwan,absent,Taiwan · FSC,https://takame.io/en/exchange/bingx
bingx,BingX,https://bingx.com,UK,United Kingdom,absent,United Kingdom · FCA,https://takame.io/en/exchange/bingx
bingx,BingX,https://bingx.com,US,United States,absent,United States · FinCEN | United States · CFTC RED list,https://takame.io/en/exchange/bingx
digifinex,DigiFinex,https://www.digifinex.com,CA,Canada,licensed,Canada · FINTRAC,https://takame.io/en/exchange/digifinex
digifinex,DigiFinex,https://www.digifinex.com,AE,Dubai,absent,Dubai · VARA,https://takame.io/en/exchange/digifinex
digifinex,DigiFinex,https://www.digifinex.com,EU,European Union,absent,EU · MiCA | EU · non-compliant list,https://takame.io/en/exchange/digifinex
digifinex,DigiFinex,https://www.digifinex.com,FR,France,absent,France · AMF,https://takame.io/en/exchange/digifinex
digifinex,DigiFinex,https://www.digifinex.com,HK,Hong Kong,absent,Hong Kong · SFC | Hong Kong · SFC alert list,https://takame.io/en/exchange/digifinex
digifinex,DigiFinex,https://www.digifinex.com,IN,India,absent,India · FIU-IND enforcement orders,https://takame.io/en/exchange/digifinex
digifinex,DigiFinex,https://www.digifinex.com,ID,Indonesia,absent,Indonesia · OJK,https://takame.io/en/exchange/digifinex
digifinex,DigiFinex,https://www.digifinex.com,JP,Japan,absent,Japan · FSA | Japan · FSA warning list,https://takame.io/en/exchange/digifinex
digifinex,DigiFinex,https://www.digifinex.com,MY,Malaysia,absent,Malaysia · SC alert list,https://takame.io/en/exchange/digifinex
digifinex,DigiFinex,https://www.digifinex.com,PH,Philippines,absent,Philippines · BSP,https://takame.io/en/exchange/digifinex
digifinex,DigiFinex,https://www.digifinex.com,SG,Singapore,absent,Singapore · MAS,https://takame.io/en/exchange/digifinex
digifinex,DigiFinex,https://www.digifinex.com,KR,South Korea,absent,South Korea · FIU,https://takame.io/en/exchange/digifinex
digifinex,DigiFinex,https://www.digifinex.com,TW,Taiwan,absent,Taiwan · FSC,https://takame.io/en/exchange/digifinex
digifinex,DigiFinex,https://www.digifinex.com,UK,United Kingdom,absent,United Kingdom · FCA,https://takame.io/en/exchange/digifinex
digifinex,DigiFinex,https://www.digifinex.com,US,United States,absent,United States · FinCEN | United States · CFTC RED list,https://takame.io/en/exchange/digifinex
bitstamp,Bitstamp,https://www.bitstamp.net,EU,European Union,licensed,EU · MiCA | EU · non-compliant list,https://takame.io/en/exchange/bitstamp
bitstamp,Bitstamp,https://www.bitstamp.net,FR,France,licensed,France · AMF,https://takame.io/en/exchange/bitstamp
bitstamp,Bitstamp,https://www.bitstamp.net,SG,Singapore,licensed,Singapore · MAS,https://takame.io/en/exchange/bitstamp
bitstamp,Bitstamp,https://www.bitstamp.net,UK,United Kingdom,licensed,United Kingdom · FCA,https://takame.io/en/exchange/bitstamp
bitstamp,Bitstamp,https://www.bitstamp.net,US,United States,self-filed,United States · FinCEN | United States · CFTC RED list,https://takame.io/en/exchange/bitstamp
bitstamp,Bitstamp,https://www.bitstamp.net,CA,Canada,withdrawn,Canada · FINTRAC,https://takame.io/en/exchange/bitstamp
bitstamp,Bitstamp,https://www.bitstamp.net,AE,Dubai,absent,Dubai · VARA,https://takame.io/en/exchange/bitstamp
bitstamp,Bitstamp,https://www.bitstamp.net,HK,Hong Kong,absent,Hong Kong · SFC | Hong Kong · SFC alert list,https://takame.io/en/exchange/bitstamp
bitstamp,Bitstamp,https://www.bitstamp.net,IN,India,absent,India · FIU-IND enforcement orders,https://takame.io/en/exchange/bitstamp
bitstamp,Bitstamp,https://www.bitstamp.net,ID,Indonesia,absent,Indonesia · OJK,https://takame.io/en/exchange/bitstamp
bitstamp,Bitstamp,https://www.bitstamp.net,JP,Japan,absent,Japan · FSA | Japan · FSA warning list,https://takame.io/en/exchange/bitstamp
bitstamp,Bitstamp,https://www.bitstamp.net,MY,Malaysia,absent,Malaysia · SC alert list,https://takame.io/en/exchange/bitstamp
bitstamp,Bitstamp,https://www.bitstamp.net,PH,Philippines,absent,Philippines · BSP,https://takame.io/en/exchange/bitstamp
bitstamp,Bitstamp,https://www.bitstamp.net,KR,South Korea,absent,South Korea · FIU,https://takame.io/en/exchange/bitstamp
bitstamp,Bitstamp,https://www.bitstamp.net,TW,Taiwan,absent,Taiwan · FSC,https://takame.io/en/exchange/bitstamp
p2b,P2B,https://p2pb2b.com,CA,Canada,absent,Canada · FINTRAC,https://takame.io/en/exchange/p2b
p2b,P2B,https://p2pb2b.com,AE,Dubai,absent,Dubai · VARA,https://takame.io/en/exchange/p2b
p2b,P2B,https://p2pb2b.com,EU,European Union,absent,EU · MiCA | EU · non-compliant list,https://takame.io/en/exchange/p2b
p2b,P2B,https://p2pb2b.com,FR,France,absent,France · AMF,https://takame.io/en/exchange/p2b
p2b,P2B,https://p2pb2b.com,HK,Hong Kong,absent,Hong Kong · SFC | Hong Kong · SFC alert list,https://takame.io/en/exchange/p2b
p2b,P2B,https://p2pb2b.com,IN,India,absent,India · FIU-IND enforcement orders,https://takame.io/en/exchange/p2b
p2b,P2B,https://p2pb2b.com,ID,Indonesia,absent,Indonesia · OJK,https://takame.io/en/exchange/p2b
p2b,P2B,https://p2pb2b.com,JP,Japan,absent,Japan · FSA | Japan · FSA warning list,https://takame.io/en/exchange/p2b
p2b,P2B,https://p2pb2b.com,MY,Malaysia,absent,Malaysia · SC alert list,https://takame.io/en/exchange/p2b
p2b,P2B,https://p2pb2b.com,PH,Philippines,absent,Philippines · BSP,https://takame.io/en/exchange/p2b
p2b,P2B,https://p2pb2b.com,SG,Singapore,absent,Singapore · MAS,https://takame.io/en/exchange/p2b
p2b,P2B,https://p2pb2b.com,KR,South Korea,absent,South Korea · FIU,https://takame.io/en/exchange/p2b
p2b,P2B,https://p2pb2b.com,TW,Taiwan,absent,Taiwan · FSC,https://takame.io/en/exchange/p2b
p2b,P2B,https://p2pb2b.com,UK,United Kingdom,absent,United Kingdom · FCA,https://takame.io/en/exchange/p2b
p2b,P2B,https://p2pb2b.com,US,United States,absent,United States · FinCEN | United States · CFTC RED list,https://takame.io/en/exchange/p2b
bitvavo,Bitvavo,https://bitvavo.com,EU,European Union,licensed,EU · MiCA | EU · non-compliant list,https://takame.io/en/exchange/bitvavo
bitvavo,Bitvavo,https://bitvavo.com,FR,France,licensed,France · AMF,https://takame.io/en/exchange/bitvavo
bitvavo,Bitvavo,https://bitvavo.com,CA,Canada,absent,Canada · FINTRAC,https://takame.io/en/exchange/bitvavo
bitvavo,Bitvavo,https://bitvavo.com,AE,Dubai,absent,Dubai · VARA,https://takame.io/en/exchange/bitvavo
bitvavo,Bitvavo,https://bitvavo.com,HK,Hong Kong,absent,Hong Kong · SFC | Hong Kong · SFC alert list,https://takame.io/en/exchange/bitvavo
bitvavo,Bitvavo,https://bitvavo.com,IN,India,absent,India · FIU-IND enforcement orders,https://takame.io/en/exchange/bitvavo
bitvavo,Bitvavo,https://bitvavo.com,ID,Indonesia,absent,Indonesia · OJK,https://takame.io/en/exchange/bitvavo
bitvavo,Bitvavo,https://bitvavo.com,JP,Japan,absent,Japan · FSA | Japan · FSA warning list,https://takame.io/en/exchange/bitvavo
bitvavo,Bitvavo,https://bitvavo.com,MY,Malaysia,absent,Malaysia · SC alert list,https://takame.io/en/exchange/bitvavo
bitvavo,Bitvavo,https://bitvavo.com,PH,Philippines,absent,Philippines · BSP,https://takame.io/en/exchange/bitvavo
bitvavo,Bitvavo,https://bitvavo.com,SG,Singapore,absent,Singapore · MAS,https://takame.io/en/exchange/bitvavo
bitvavo,Bitvavo,https://bitvavo.com,KR,South Korea,absent,South Korea · FIU,https://takame.io/en/exchange/bitvavo
bitvavo,Bitvavo,https://bitvavo.com,TW,Taiwan,absent,Taiwan · FSC,https://takame.io/en/exchange/bitvavo
bitvavo,Bitvavo,https://bitvavo.com,UK,United Kingdom,absent,United Kingdom · FCA,https://takame.io/en/exchange/bitvavo
bitvavo,Bitvavo,https://bitvavo.com,US,United States,absent,United States · FinCEN | United States · CFTC RED list,https://takame.io/en/exchange/bitvavo
btse,BTSE,https://www.btse.com,CA,Canada,absent,Canada · FINTRAC,https://takame.io/en/exchange/btse
btse,BTSE,https://www.btse.com,AE,Dubai,absent,Dubai · VARA,https://takame.io/en/exchange/btse
btse,BTSE,https://www.btse.com,EU,European Union,absent,EU · MiCA | EU · non-compliant list,https://takame.io/en/exchange/btse
btse,BTSE,https://www.btse.com,FR,France,absent,France · AMF,https://takame.io/en/exchange/btse
btse,BTSE,https://www.btse.com,HK,Hong Kong,absent,Hong Kong · SFC | Hong Kong · SFC alert list,https://takame.io/en/exchange/btse
btse,BTSE,https://www.btse.com,IN,India,absent,India · FIU-IND enforcement orders,https://takame.io/en/exchange/btse
btse,BTSE,https://www.btse.com,ID,Indonesia,absent,Indonesia · OJK,https://takame.io/en/exchange/btse
btse,BTSE,https://www.btse.com,JP,Japan,absent,Japan · FSA | Japan · FSA warning list,https://takame.io/en/exchange/btse
btse,BTSE,https://www.btse.com,MY,Malaysia,absent,Malaysia · SC alert list,https://takame.io/en/exchange/btse
btse,BTSE,https://www.btse.com,PH,Philippines,absent,Philippines · BSP,https://takame.io/en/exchange/btse
btse,BTSE,https://www.btse.com,SG,Singapore,absent,Singapore · MAS,https://takame.io/en/exchange/btse
btse,BTSE,https://www.btse.com,KR,South Korea,absent,South Korea · FIU,https://takame.io/en/exchange/btse
btse,BTSE,https://www.btse.com,TW,Taiwan,absent,Taiwan · FSC,https://takame.io/en/exchange/btse
btse,BTSE,https://www.btse.com,UK,United Kingdom,absent,United Kingdom · FCA,https://takame.io/en/exchange/btse
btse,BTSE,https://www.btse.com,US,United States,absent,United States · FinCEN | United States · CFTC RED list,https://takame.io/en/exchange/btse
bitfinex,Bitfinex,https://www.bitfinex.com,US,United States,self-filed,United States · FinCEN | United States · CFTC RED list,https://takame.io/en/exchange/bitfinex
bitfinex,Bitfinex,https://www.bitfinex.com,CA,Canada,absent,Canada · FINTRAC,https://takame.io/en/exchange/bitfinex
bitfinex,Bitfinex,https://www.bitfinex.com,AE,Dubai,absent,Dubai · VARA,https://takame.io/en/exchange/bitfinex
bitfinex,Bitfinex,https://www.bitfinex.com,EU,European Union,absent,EU · MiCA | EU · non-compliant list,https://takame.io/en/exchange/bitfinex
bitfinex,Bitfinex,https://www.bitfinex.com,FR,France,absent,France · AMF,https://takame.io/en/exchange/bitfinex
bitfinex,Bitfinex,https://www.bitfinex.com,HK,Hong Kong,absent,Hong Kong · SFC | Hong Kong · SFC alert list,https://takame.io/en/exchange/bitfinex
bitfinex,Bitfinex,https://www.bitfinex.com,IN,India,absent,India · FIU-IND enforcement orders,https://takame.io/en/exchange/bitfinex
bitfinex,Bitfinex,https://www.bitfinex.com,ID,Indonesia,absent,Indonesia · OJK,https://takame.io/en/exchange/bitfinex
bitfinex,Bitfinex,https://www.bitfinex.com,JP,Japan,absent,Japan · FSA | Japan · FSA warning list,https://takame.io/en/exchange/bitfinex
bitfinex,Bitfinex,https://www.bitfinex.com,MY,Malaysia,absent,Malaysia · SC alert list,https://takame.io/en/exchange/bitfinex
bitfinex,Bitfinex,https://www.bitfinex.com,PH,Philippines,absent,Philippines · BSP,https://takame.io/en/exchange/bitfinex
bitfinex,Bitfinex,https://www.bitfinex.com,SG,Singapore,absent,Singapore · MAS,https://takame.io/en/exchange/bitfinex
bitfinex,Bitfinex,https://www.bitfinex.com,KR,South Korea,absent,South Korea · FIU,https://takame.io/en/exchange/bitfinex
bitfinex,Bitfinex,https://www.bitfinex.com,TW,Taiwan,absent,Taiwan · FSC,https://takame.io/en/exchange/bitfinex
bitfinex,Bitfinex,https://www.bitfinex.com,UK,United Kingdom,absent,United Kingdom · FCA,https://takame.io/en/exchange/bitfinex
cryptomus,Cryptomus,https://cryptomus.com,CA,Canada,absent,Canada · FINTRAC,https://takame.io/en/exchange/cryptomus
cryptomus,Cryptomus,https://cryptomus.com,AE,Dubai,absent,Dubai · VARA,https://takame.io/en/exchange/cryptomus
cryptomus,Cryptomus,https://cryptomus.com,EU,European Union,absent,EU · MiCA | EU · non-compliant list,https://takame.io/en/exchange/cryptomus
cryptomus,Cryptomus,https://cryptomus.com,FR,France,absent,France · AMF,https://takame.io/en/exchange/cryptomus
cryptomus,Cryptomus,https://cryptomus.com,HK,Hong Kong,absent,Hong Kong · SFC | Hong Kong · SFC alert list,https://takame.io/en/exchange/cryptomus
cryptomus,Cryptomus,https://cryptomus.com,IN,India,absent,India · FIU-IND enforcement orders,https://takame.io/en/exchange/cryptomus
cryptomus,Cryptomus,https://cryptomus.com,ID,Indonesia,absent,Indonesia · OJK,https://takame.io/en/exchange/cryptomus
cryptomus,Cryptomus,https://cryptomus.com,JP,Japan,absent,Japan · FSA | Japan · FSA warning list,https://takame.io/en/exchange/cryptomus
cryptomus,Cryptomus,https://cryptomus.com,MY,Malaysia,absent,Malaysia · SC alert list,https://takame.io/en/exchange/cryptomus
cryptomus,Cryptomus,https://cryptomus.com,PH,Philippines,absent,Philippines · BSP,https://takame.io/en/exchange/cryptomus
cryptomus,Cryptomus,https://cryptomus.com,SG,Singapore,absent,Singapore · MAS,https://takame.io/en/exchange/cryptomus
cryptomus,Cryptomus,https://cryptomus.com,KR,South Korea,absent,South Korea · FIU,https://takame.io/en/exchange/cryptomus
cryptomus,Cryptomus,https://cryptomus.com,TW,Taiwan,absent,Taiwan · FSC,https://takame.io/en/exchange/cryptomus
cryptomus,Cryptomus,https://cryptomus.com,UK,United Kingdom,absent,United Kingdom · FCA,https://takame.io/en/exchange/cryptomus
cryptomus,Cryptomus,https://cryptomus.com,US,United States,absent,United States · FinCEN | United States · CFTC RED list,https://takame.io/en/exchange/cryptomus
hitbtc,HitBTC,https://hitbtc.com,CA,Canada,absent,Canada · FINTRAC,https://takame.io/en/exchange/hitbtc
hitbtc,HitBTC,https://hitbtc.com,AE,Dubai,absent,Dubai · VARA,https://takame.io/en/exchange/hitbtc
hitbtc,HitBTC,https://hitbtc.com,EU,European Union,absent,EU · MiCA | EU · non-compliant list,https://takame.io/en/exchange/hitbtc
hitbtc,HitBTC,https://hitbtc.com,FR,France,absent,France · AMF,https://takame.io/en/exchange/hitbtc
hitbtc,HitBTC,https://hitbtc.com,HK,Hong Kong,absent,Hong Kong · SFC | Hong Kong · SFC alert list,https://takame.io/en/exchange/hitbtc
hitbtc,HitBTC,https://hitbtc.com,IN,India,absent,India · FIU-IND enforcement orders,https://takame.io/en/exchange/hitbtc
hitbtc,HitBTC,https://hitbtc.com,ID,Indonesia,absent,Indonesia · OJK,https://takame.io/en/exchange/hitbtc
hitbtc,HitBTC,https://hitbtc.com,JP,Japan,absent,Japan · FSA | Japan · FSA warning list,https://takame.io/en/exchange/hitbtc
hitbtc,HitBTC,https://hitbtc.com,MY,Malaysia,absent,Malaysia · SC alert list,https://takame.io/en/exchange/hitbtc
hitbtc,HitBTC,https://hitbtc.com,PH,Philippines,absent,Philippines · BSP,https://takame.io/en/exchange/hitbtc
hitbtc,HitBTC,https://hitbtc.com,SG,Singapore,absent,Singapore · MAS,https://takame.io/en/exchange/hitbtc
hitbtc,HitBTC,https://hitbtc.com,KR,South Korea,absent,South Korea · FIU,https://takame.io/en/exchange/hitbtc
hitbtc,HitBTC,https://hitbtc.com,TW,Taiwan,absent,Taiwan · FSC,https://takame.io/en/exchange/hitbtc
hitbtc,HitBTC,https://hitbtc.com,UK,United Kingdom,absent,United Kingdom · FCA,https://takame.io/en/exchange/hitbtc
hitbtc,HitBTC,https://hitbtc.com,US,United States,absent,United States · FinCEN | United States · CFTC RED list,https://takame.io/en/exchange/hitbtc
fmfw,FMFW.io,https://fmfw.io,CA,Canada,absent,Canada · FINTRAC,https://takame.io/en/exchange/fmfw
fmfw,FMFW.io,https://fmfw.io,AE,Dubai,absent,Dubai · VARA,https://takame.io/en/exchange/fmfw
fmfw,FMFW.io,https://fmfw.io,EU,European Union,absent,EU · MiCA | EU · non-compliant list,https://takame.io/en/exchange/fmfw
fmfw,FMFW.io,https://fmfw.io,FR,France,absent,France · AMF,https://takame.io/en/exchange/fmfw
fmfw,FMFW.io,https://fmfw.io,HK,Hong Kong,absent,Hong Kong · SFC | Hong Kong · SFC alert list,https://takame.io/en/exchange/fmfw
fmfw,FMFW.io,https://fmfw.io,IN,India,absent,India · FIU-IND enforcement orders,https://takame.io/en/exchange/fmfw
fmfw,FMFW.io,https://fmfw.io,ID,Indonesia,absent,Indonesia · OJK,https://takame.io/en/exchange/fmfw
fmfw,FMFW.io,https://fmfw.io,JP,Japan,absent,Japan · FSA | Japan · FSA warning list,https://takame.io/en/exchange/fmfw
fmfw,FMFW.io,https://fmfw.io,MY,Malaysia,absent,Malaysia · SC alert list,https://takame.io/en/exchange/fmfw
fmfw,FMFW.io,https://fmfw.io,PH,Philippines,absent,Philippines · BSP,https://takame.io/en/exchange/fmfw
fmfw,FMFW.io,https://fmfw.io,SG,Singapore,absent,Singapore · MAS,https://takame.io/en/exchange/fmfw
fmfw,FMFW.io,https://fmfw.io,KR,South Korea,absent,South Korea · FIU,https://takame.io/en/exchange/fmfw
fmfw,FMFW.io,https://fmfw.io,TW,Taiwan,absent,Taiwan · FSC,https://takame.io/en/exchange/fmfw
fmfw,FMFW.io,https://fmfw.io,UK,United Kingdom,absent,United Kingdom · FCA,https://takame.io/en/exchange/fmfw
fmfw,FMFW.io,https://fmfw.io,US,United States,absent,United States · FinCEN | United States · CFTC RED list,https://takame.io/en/exchange/fmfw
bequant,Bequant,https://bequant.io,EU,European Union,unconfirmed,EU · MiCA | EU · non-compliant list,https://takame.io/en/exchange/bequant
bequant,Bequant,https://bequant.io,FR,France,unconfirmed,France · AMF,https://takame.io/en/exchange/bequant
bequant,Bequant,https://bequant.io,CA,Canada,absent,Canada · FINTRAC,https://takame.io/en/exchange/bequant
bequant,Bequant,https://bequant.io,AE,Dubai,absent,Dubai · VARA,https://takame.io/en/exchange/bequant
bequant,Bequant,https://bequant.io,HK,Hong Kong,absent,Hong Kong · SFC | Hong Kong · SFC alert list,https://takame.io/en/exchange/bequant
bequant,Bequant,https://bequant.io,IN,India,absent,India · FIU-IND enforcement orders,https://takame.io/en/exchange/bequant
bequant,Bequant,https://bequant.io,ID,Indonesia,absent,Indonesia · OJK,https://takame.io/en/exchange/bequant
bequant,Bequant,https://bequant.io,JP,Japan,absent,Japan · FSA | Japan · FSA warning list,https://takame.io/en/exchange/bequant
bequant,Bequant,https://bequant.io,MY,Malaysia,absent,Malaysia · SC alert list,https://takame.io/en/exchange/bequant
bequant,Bequant,https://bequant.io,PH,Philippines,absent,Philippines · BSP,https://takame.io/en/exchange/bequant
bequant,Bequant,https://bequant.io,SG,Singapore,absent,Singapore · MAS,https://takame.io/en/exchange/bequant
bequant,Bequant,https://bequant.io,KR,South Korea,absent,South Korea · FIU,https://takame.io/en/exchange/bequant
bequant,Bequant,https://bequant.io,TW,Taiwan,absent,Taiwan · FSC,https://takame.io/en/exchange/bequant
bequant,Bequant,https://bequant.io,UK,United Kingdom,absent,United Kingdom · FCA,https://takame.io/en/exchange/bequant
bequant,Bequant,https://bequant.io,US,United States,absent,United States · FinCEN | United States · CFTC RED list,https://takame.io/en/exchange/bequant
btcturk,BtcTurk,https://www.btcturk.com,CA,Canada,absent,Canada · FINTRAC,https://takame.io/en/exchange/btcturk
btcturk,BtcTurk,https://www.btcturk.com,AE,Dubai,absent,Dubai · VARA,https://takame.io/en/exchange/btcturk
btcturk,BtcTurk,https://www.btcturk.com,EU,European Union,absent,EU · MiCA | EU · non-compliant list,https://takame.io/en/exchange/btcturk
btcturk,BtcTurk,https://www.btcturk.com,FR,France,absent,France · AMF,https://takame.io/en/exchange/btcturk
btcturk,BtcTurk,https://www.btcturk.com,HK,Hong Kong,absent,Hong Kong · SFC | Hong Kong · SFC alert list,https://takame.io/en/exchange/btcturk
btcturk,BtcTurk,https://www.btcturk.com,IN,India,absent,India · FIU-IND enforcement orders,https://takame.io/en/exchange/btcturk
btcturk,BtcTurk,https://www.btcturk.com,ID,Indonesia,absent,Indonesia · OJK,https://takame.io/en/exchange/btcturk
btcturk,BtcTurk,https://www.btcturk.com,JP,Japan,absent,Japan · FSA | Japan · FSA warning list,https://takame.io/en/exchange/btcturk
btcturk,BtcTurk,https://www.btcturk.com,MY,Malaysia,absent,Malaysia · SC alert list,https://takame.io/en/exchange/btcturk
btcturk,BtcTurk,https://www.btcturk.com,PH,Philippines,absent,Philippines · BSP,https://takame.io/en/exchange/btcturk
btcturk,BtcTurk,https://www.btcturk.com,SG,Singapore,absent,Singapore · MAS,https://takame.io/en/exchange/btcturk
btcturk,BtcTurk,https://www.btcturk.com,KR,South Korea,absent,South Korea · FIU,https://takame.io/en/exchange/btcturk
btcturk,BtcTurk,https://www.btcturk.com,TW,Taiwan,absent,Taiwan · FSC,https://takame.io/en/exchange/btcturk
btcturk,BtcTurk,https://www.btcturk.com,UK,United Kingdom,absent,United Kingdom · FCA,https://takame.io/en/exchange/btcturk
btcturk,BtcTurk,https://www.btcturk.com,US,United States,absent,United States · FinCEN | United States · CFTC RED list,https://takame.io/en/exchange/btcturk
coinone,Coinone,https://coinone.co.kr,KR,South Korea,licensed,South Korea · FIU,https://takame.io/en/exchange/coinone
coinone,Coinone,https://coinone.co.kr,CA,Canada,absent,Canada · FINTRAC,https://takame.io/en/exchange/coinone
coinone,Coinone,https://coinone.co.kr,AE,Dubai,absent,Dubai · VARA,https://takame.io/en/exchange/coinone
coinone,Coinone,https://coinone.co.kr,EU,European Union,absent,EU · MiCA | EU · non-compliant list,https://takame.io/en/exchange/coinone
coinone,Coinone,https://coinone.co.kr,FR,France,absent,France · AMF,https://takame.io/en/exchange/coinone
coinone,Coinone,https://coinone.co.kr,HK,Hong Kong,absent,Hong Kong · SFC | Hong Kong · SFC alert list,https://takame.io/en/exchange/coinone
coinone,Coinone,https://coinone.co.kr,IN,India,absent,India · FIU-IND enforcement orders,https://takame.io/en/exchange/coinone
coinone,Coinone,https://coinone.co.kr,ID,Indonesia,absent,Indonesia · OJK,https://takame.io/en/exchange/coinone
coinone,Coinone,https://coinone.co.kr,JP,Japan,absent,Japan · FSA | Japan · FSA warning list,https://takame.io/en/exchange/coinone
coinone,Coinone,https://coinone.co.kr,MY,Malaysia,absent,Malaysia · SC alert list,https://takame.io/en/exchange/coinone
coinone,Coinone,https://coinone.co.kr,PH,Philippines,absent,Philippines · BSP,https://takame.io/en/exchange/coinone
coinone,Coinone,https://coinone.co.kr,SG,Singapore,absent,Singapore · MAS,https://takame.io/en/exchange/coinone
coinone,Coinone,https://coinone.co.kr,TW,Taiwan,absent,Taiwan · FSC,https://takame.io/en/exchange/coinone
coinone,Coinone,https://coinone.co.kr,UK,United Kingdom,absent,United Kingdom · FCA,https://takame.io/en/exchange/coinone
coinone,Coinone,https://coinone.co.kr,US,United States,absent,United States · FinCEN | United States · CFTC RED list,https://takame.io/en/exchange/coinone
revolut-x,Revolut X,https://exchange.revolut.com,EU,European Union,licensed,EU · MiCA | EU · non-compliant list,https://takame.io/en/exchange/revolut-x
revolut-x,Revolut X,https://exchange.revolut.com,FR,France,licensed,France · AMF,https://takame.io/en/exchange/revolut-x
revolut-x,Revolut X,https://exchange.revolut.com,SG,Singapore,licensed,Singapore · MAS,https://takame.io/en/exchange/revolut-x
revolut-x,Revolut X,https://exchange.revolut.com,CA,Canada,absent,Canada · FINTRAC,https://takame.io/en/exchange/revolut-x
revolut-x,Revolut X,https://exchange.revolut.com,AE,Dubai,absent,Dubai · VARA,https://takame.io/en/exchange/revolut-x
revolut-x,Revolut X,https://exchange.revolut.com,HK,Hong Kong,absent,Hong Kong · SFC | Hong Kong · SFC alert list,https://takame.io/en/exchange/revolut-x
revolut-x,Revolut X,https://exchange.revolut.com,IN,India,absent,India · FIU-IND enforcement orders,https://takame.io/en/exchange/revolut-x
revolut-x,Revolut X,https://exchange.revolut.com,ID,Indonesia,absent,Indonesia · OJK,https://takame.io/en/exchange/revolut-x
revolut-x,Revolut X,https://exchange.revolut.com,JP,Japan,absent,Japan · FSA | Japan · FSA warning list,https://takame.io/en/exchange/revolut-x
revolut-x,Revolut X,https://exchange.revolut.com,MY,Malaysia,absent,Malaysia · SC alert list,https://takame.io/en/exchange/revolut-x
revolut-x,Revolut X,https://exchange.revolut.com,PH,Philippines,absent,Philippines · BSP,https://takame.io/en/exchange/revolut-x
revolut-x,Revolut X,https://exchange.revolut.com,KR,South Korea,absent,South Korea · FIU,https://takame.io/en/exchange/revolut-x
revolut-x,Revolut X,https://exchange.revolut.com,TW,Taiwan,absent,Taiwan · FSC,https://takame.io/en/exchange/revolut-x
revolut-x,Revolut X,https://exchange.revolut.com,UK,United Kingdom,absent,United Kingdom · FCA,https://takame.io/en/exchange/revolut-x
revolut-x,Revolut X,https://exchange.revolut.com,US,United States,absent,United States · FinCEN | United States · CFTC RED list,https://takame.io/en/exchange/revolut-x
coins-ph,Coins.ph,https://coins.ph,PH,Philippines,licensed,Philippines · BSP,https://takame.io/en/exchange/coins-ph
coins-ph,Coins.ph,https://coins.ph,CA,Canada,absent,Canada · FINTRAC,https://takame.io/en/exchange/coins-ph
coins-ph,Coins.ph,https://coins.ph,AE,Dubai,absent,Dubai · VARA,https://takame.io/en/exchange/coins-ph
coins-ph,Coins.ph,https://coins.ph,EU,European Union,absent,EU · MiCA | EU · non-compliant list,https://takame.io/en/exchange/coins-ph
coins-ph,Coins.ph,https://coins.ph,FR,France,absent,France · AMF,https://takame.io/en/exchange/coins-ph
coins-ph,Coins.ph,https://coins.ph,HK,Hong Kong,absent,Hong Kong · SFC | Hong Kong · SFC alert list,https://takame.io/en/exchange/coins-ph
coins-ph,Coins.ph,https://coins.ph,IN,India,absent,India · FIU-IND enforcement orders,https://takame.io/en/exchange/coins-ph
coins-ph,Coins.ph,https://coins.ph,ID,Indonesia,absent,Indonesia · OJK,https://takame.io/en/exchange/coins-ph
coins-ph,Coins.ph,https://coins.ph,JP,Japan,absent,Japan · FSA | Japan · FSA warning list,https://takame.io/en/exchange/coins-ph
coins-ph,Coins.ph,https://coins.ph,MY,Malaysia,absent,Malaysia · SC alert list,https://takame.io/en/exchange/coins-ph
coins-ph,Coins.ph,https://coins.ph,SG,Singapore,absent,Singapore · MAS,https://takame.io/en/exchange/coins-ph
coins-ph,Coins.ph,https://coins.ph,KR,South Korea,absent,South Korea · FIU,https://takame.io/en/exchange/coins-ph
coins-ph,Coins.ph,https://coins.ph,TW,Taiwan,absent,Taiwan · FSC,https://takame.io/en/exchange/coins-ph
coins-ph,Coins.ph,https://coins.ph,UK,United Kingdom,absent,United Kingdom · FCA,https://takame.io/en/exchange/coins-ph
coins-ph,Coins.ph,https://coins.ph,US,United States,absent,United States · FinCEN | United States · CFTC RED list,https://takame.io/en/exchange/coins-ph
latoken,LATOKEN,https://latoken.com,CA,Canada,absent,Canada · FINTRAC,https://takame.io/en/exchange/latoken
latoken,LATOKEN,https://latoken.com,AE,Dubai,absent,Dubai · VARA,https://takame.io/en/exchange/latoken
latoken,LATOKEN,https://latoken.com,EU,European Union,absent,EU · MiCA | EU · non-compliant list,https://takame.io/en/exchange/latoken
latoken,LATOKEN,https://latoken.com,FR,France,absent,France · AMF,https://takame.io/en/exchange/latoken
latoken,LATOKEN,https://latoken.com,HK,Hong Kong,absent,Hong Kong · SFC | Hong Kong · SFC alert list,https://takame.io/en/exchange/latoken
latoken,LATOKEN,https://latoken.com,IN,India,absent,India · FIU-IND enforcement orders,https://takame.io/en/exchange/latoken
latoken,LATOKEN,https://latoken.com,ID,Indonesia,absent,Indonesia · OJK,https://takame.io/en/exchange/latoken
latoken,LATOKEN,https://latoken.com,JP,Japan,absent,Japan · FSA | Japan · FSA warning list,https://takame.io/en/exchange/latoken
latoken,LATOKEN,https://latoken.com,MY,Malaysia,absent,Malaysia · SC alert list,https://takame.io/en/exchange/latoken
latoken,LATOKEN,https://latoken.com,PH,Philippines,absent,Philippines · BSP,https://takame.io/en/exchange/latoken
latoken,LATOKEN,https://latoken.com,SG,Singapore,absent,Singapore · MAS,https://takame.io/en/exchange/latoken
latoken,LATOKEN,https://latoken.com,KR,South Korea,absent,South Korea · FIU,https://takame.io/en/exchange/latoken
latoken,LATOKEN,https://latoken.com,TW,Taiwan,absent,Taiwan · FSC,https://takame.io/en/exchange/latoken
latoken,LATOKEN,https://latoken.com,UK,United Kingdom,absent,United Kingdom · FCA,https://takame.io/en/exchange/latoken
latoken,LATOKEN,https://latoken.com,US,United States,absent,United States · FinCEN | United States · CFTC RED list,https://takame.io/en/exchange/latoken
cex-io,CEX.IO,https://cex.io,CA,Canada,licensed,Canada · FINTRAC,https://takame.io/en/exchange/cex-io
cex-io,CEX.IO,https://cex.io,UK,United Kingdom,licensed,United Kingdom · FCA,https://takame.io/en/exchange/cex-io
cex-io,CEX.IO,https://cex.io,US,United States,self-filed,United States · FinCEN | United States · CFTC RED list,https://takame.io/en/exchange/cex-io
cex-io,CEX.IO,https://cex.io,AE,Dubai,absent,Dubai · VARA,https://takame.io/en/exchange/cex-io
cex-io,CEX.IO,https://cex.io,EU,European Union,absent,EU · MiCA | EU · non-compliant list,https://takame.io/en/exchange/cex-io
cex-io,CEX.IO,https://cex.io,FR,France,absent,France · AMF,https://takame.io/en/exchange/cex-io
cex-io,CEX.IO,https://cex.io,HK,Hong Kong,absent,Hong Kong · SFC | Hong Kong · SFC alert list,https://takame.io/en/exchange/cex-io
cex-io,CEX.IO,https://cex.io,IN,India,absent,India · FIU-IND enforcement orders,https://takame.io/en/exchange/cex-io
cex-io,CEX.IO,https://cex.io,ID,Indonesia,absent,Indonesia · OJK,https://takame.io/en/exchange/cex-io
cex-io,CEX.IO,https://cex.io,JP,Japan,absent,Japan · FSA | Japan · FSA warning list,https://takame.io/en/exchange/cex-io
cex-io,CEX.IO,https://cex.io,MY,Malaysia,absent,Malaysia · SC alert list,https://takame.io/en/exchange/cex-io
cex-io,CEX.IO,https://cex.io,PH,Philippines,absent,Philippines · BSP,https://takame.io/en/exchange/cex-io
cex-io,CEX.IO,https://cex.io,SG,Singapore,absent,Singapore · MAS,https://takame.io/en/exchange/cex-io
cex-io,CEX.IO,https://cex.io,KR,South Korea,absent,South Korea · FIU,https://takame.io/en/exchange/cex-io
cex-io,CEX.IO,https://cex.io,TW,Taiwan,absent,Taiwan · FSC,https://takame.io/en/exchange/cex-io
deepcoin,Deepcoin,https://www.deepcoin.com,CA,Canada,unconfirmed,Canada · FINTRAC,https://takame.io/en/exchange/deepcoin
deepcoin,Deepcoin,https://www.deepcoin.com,AE,Dubai,absent,Dubai · VARA,https://takame.io/en/exchange/deepcoin
deepcoin,Deepcoin,https://www.deepcoin.com,EU,European Union,absent,EU · MiCA | EU · non-compliant list,https://takame.io/en/exchange/deepcoin
deepcoin,Deepcoin,https://www.deepcoin.com,FR,France,absent,France · AMF,https://takame.io/en/exchange/deepcoin
deepcoin,Deepcoin,https://www.deepcoin.com,HK,Hong Kong,absent,Hong Kong · SFC | Hong Kong · SFC alert list,https://takame.io/en/exchange/deepcoin
deepcoin,Deepcoin,https://www.deepcoin.com,IN,India,absent,India · FIU-IND enforcement orders,https://takame.io/en/exchange/deepcoin
deepcoin,Deepcoin,https://www.deepcoin.com,ID,Indonesia,absent,Indonesia · OJK,https://takame.io/en/exchange/deepcoin
deepcoin,Deepcoin,https://www.deepcoin.com,JP,Japan,absent,Japan · FSA | Japan · FSA warning list,https://takame.io/en/exchange/deepcoin
deepcoin,Deepcoin,https://www.deepcoin.com,MY,Malaysia,absent,Malaysia · SC alert list,https://takame.io/en/exchange/deepcoin
deepcoin,Deepcoin,https://www.deepcoin.com,PH,Philippines,absent,Philippines · BSP,https://takame.io/en/exchange/deepcoin
deepcoin,Deepcoin,https://www.deepcoin.com,SG,Singapore,absent,Singapore · MAS,https://takame.io/en/exchange/deepcoin
deepcoin,Deepcoin,https://www.deepcoin.com,KR,South Korea,absent,South Korea · FIU,https://takame.io/en/exchange/deepcoin
deepcoin,Deepcoin,https://www.deepcoin.com,TW,Taiwan,absent,Taiwan · FSC,https://takame.io/en/exchange/deepcoin
deepcoin,Deepcoin,https://www.deepcoin.com,UK,United Kingdom,absent,United Kingdom · FCA,https://takame.io/en/exchange/deepcoin
deepcoin,Deepcoin,https://www.deepcoin.com,US,United States,absent,United States · FinCEN | United States · CFTC RED list,https://takame.io/en/exchange/deepcoin
foxbit,Foxbit,https://foxbit.com.br,CA,Canada,absent,Canada · FINTRAC,https://takame.io/en/exchange/foxbit
foxbit,Foxbit,https://foxbit.com.br,AE,Dubai,absent,Dubai · VARA,https://takame.io/en/exchange/foxbit
foxbit,Foxbit,https://foxbit.com.br,EU,European Union,absent,EU · MiCA | EU · non-compliant list,https://takame.io/en/exchange/foxbit
foxbit,Foxbit,https://foxbit.com.br,FR,France,absent,France · AMF,https://takame.io/en/exchange/foxbit
foxbit,Foxbit,https://foxbit.com.br,HK,Hong Kong,absent,Hong Kong · SFC | Hong Kong · SFC alert list,https://takame.io/en/exchange/foxbit
foxbit,Foxbit,https://foxbit.com.br,IN,India,absent,India · FIU-IND enforcement orders,https://takame.io/en/exchange/foxbit
foxbit,Foxbit,https://foxbit.com.br,ID,Indonesia,absent,Indonesia · OJK,https://takame.io/en/exchange/foxbit
foxbit,Foxbit,https://foxbit.com.br,JP,Japan,absent,Japan · FSA | Japan · FSA warning list,https://takame.io/en/exchange/foxbit
foxbit,Foxbit,https://foxbit.com.br,MY,Malaysia,absent,Malaysia · SC alert list,https://takame.io/en/exchange/foxbit
foxbit,Foxbit,https://foxbit.com.br,PH,Philippines,absent,Philippines · BSP,https://takame.io/en/exchange/foxbit
foxbit,Foxbit,https://foxbit.com.br,SG,Singapore,absent,Singapore · MAS,https://takame.io/en/exchange/foxbit
foxbit,Foxbit,https://foxbit.com.br,KR,South Korea,absent,South Korea · FIU,https://takame.io/en/exchange/foxbit
foxbit,Foxbit,https://foxbit.com.br,TW,Taiwan,absent,Taiwan · FSC,https://takame.io/en/exchange/foxbit
foxbit,Foxbit,https://foxbit.com.br,UK,United Kingdom,absent,United Kingdom · FCA,https://takame.io/en/exchange/foxbit
foxbit,Foxbit,https://foxbit.com.br,US,United States,absent,United States · FinCEN | United States · CFTC RED list,https://takame.io/en/exchange/foxbit
bitbank,bitbank,https://bitbank.cc,JP,Japan,licensed,Japan · FSA | Japan · FSA warning list,https://takame.io/en/exchange/bitbank
bitbank,bitbank,https://bitbank.cc,CA,Canada,absent,Canada · FINTRAC,https://takame.io/en/exchange/bitbank
bitbank,bitbank,https://bitbank.cc,AE,Dubai,absent,Dubai · VARA,https://takame.io/en/exchange/bitbank
bitbank,bitbank,https://bitbank.cc,EU,European Union,absent,EU · MiCA | EU · non-compliant list,https://takame.io/en/exchange/bitbank
bitbank,bitbank,https://bitbank.cc,FR,France,absent,France · AMF,https://takame.io/en/exchange/bitbank
bitbank,bitbank,https://bitbank.cc,HK,Hong Kong,absent,Hong Kong · SFC | Hong Kong · SFC alert list,https://takame.io/en/exchange/bitbank
bitbank,bitbank,https://bitbank.cc,IN,India,absent,India · FIU-IND enforcement orders,https://takame.io/en/exchange/bitbank
bitbank,bitbank,https://bitbank.cc,ID,Indonesia,absent,Indonesia · OJK,https://takame.io/en/exchange/bitbank
bitbank,bitbank,https://bitbank.cc,MY,Malaysia,absent,Malaysia · SC alert list,https://takame.io/en/exchange/bitbank
bitbank,bitbank,https://bitbank.cc,PH,Philippines,absent,Philippines · BSP,https://takame.io/en/exchange/bitbank
bitbank,bitbank,https://bitbank.cc,SG,Singapore,absent,Singapore · MAS,https://takame.io/en/exchange/bitbank
bitbank,bitbank,https://bitbank.cc,KR,South Korea,absent,South Korea · FIU,https://takame.io/en/exchange/bitbank
bitbank,bitbank,https://bitbank.cc,TW,Taiwan,absent,Taiwan · FSC,https://takame.io/en/exchange/bitbank
bitbank,bitbank,https://bitbank.cc,UK,United Kingdom,absent,United Kingdom · FCA,https://takame.io/en/exchange/bitbank
bitbank,bitbank,https://bitbank.cc,US,United States,absent,United States · FinCEN | United States · CFTC RED list,https://takame.io/en/exchange/bitbank
coincheck,Coincheck,https://coincheck.com,JP,Japan,licensed,Japan · FSA | Japan · FSA warning list,https://takame.io/en/exchange/coincheck
coincheck,Coincheck,https://coincheck.com,CA,Canada,absent,Canada · FINTRAC,https://takame.io/en/exchange/coincheck
coincheck,Coincheck,https://coincheck.com,AE,Dubai,absent,Dubai · VARA,https://takame.io/en/exchange/coincheck
coincheck,Coincheck,https://coincheck.com,EU,European Union,absent,EU · MiCA | EU · non-compliant list,https://takame.io/en/exchange/coincheck
coincheck,Coincheck,https://coincheck.com,FR,France,absent,France · AMF,https://takame.io/en/exchange/coincheck
coincheck,Coincheck,https://coincheck.com,HK,Hong Kong,absent,Hong Kong · SFC | Hong Kong · SFC alert list,https://takame.io/en/exchange/coincheck
coincheck,Coincheck,https://coincheck.com,IN,India,absent,India · FIU-IND enforcement orders,https://takame.io/en/exchange/coincheck
coincheck,Coincheck,https://coincheck.com,ID,Indonesia,absent,Indonesia · OJK,https://takame.io/en/exchange/coincheck
coincheck,Coincheck,https://coincheck.com,MY,Malaysia,absent,Malaysia · SC alert list,https://takame.io/en/exchange/coincheck
coincheck,Coincheck,https://coincheck.com,PH,Philippines,absent,Philippines · BSP,https://takame.io/en/exchange/coincheck
coincheck,Coincheck,https://coincheck.com,SG,Singapore,absent,Singapore · MAS,https://takame.io/en/exchange/coincheck
coincheck,Coincheck,https://coincheck.com,KR,South Korea,absent,South Korea · FIU,https://takame.io/en/exchange/coincheck
coincheck,Coincheck,https://coincheck.com,TW,Taiwan,absent,Taiwan · FSC,https://takame.io/en/exchange/coincheck
coincheck,Coincheck,https://coincheck.com,UK,United Kingdom,absent,United Kingdom · FCA,https://takame.io/en/exchange/coincheck
coincheck,Coincheck,https://coincheck.com,US,United States,absent,United States · FinCEN | United States · CFTC RED list,https://takame.io/en/exchange/coincheck
gemini,Gemini,https://www.gemini.com,CA,Canada,licensed,Canada · FINTRAC,https://takame.io/en/exchange/gemini
gemini,Gemini,https://www.gemini.com,EU,European Union,licensed,EU · MiCA | EU · non-compliant list,https://takame.io/en/exchange/gemini
gemini,Gemini,https://www.gemini.com,FR,France,licensed,France · AMF,https://takame.io/en/exchange/gemini
gemini,Gemini,https://www.gemini.com,SG,Singapore,licensed,Singapore · MAS,https://takame.io/en/exchange/gemini
gemini,Gemini,https://www.gemini.com,UK,United Kingdom,licensed,United Kingdom · FCA,https://takame.io/en/exchange/gemini
gemini,Gemini,https://www.gemini.com,US,United States,self-filed,United States · FinCEN | United States · CFTC RED list,https://takame.io/en/exchange/gemini
gemini,Gemini,https://www.gemini.com,AE,Dubai,absent,Dubai · VARA,https://takame.io/en/exchange/gemini
gemini,Gemini,https://www.gemini.com,HK,Hong Kong,absent,Hong Kong · SFC | Hong Kong · SFC alert list,https://takame.io/en/exchange/gemini
gemini,Gemini,https://www.gemini.com,IN,India,absent,India · FIU-IND enforcement orders,https://takame.io/en/exchange/gemini
gemini,Gemini,https://www.gemini.com,ID,Indonesia,absent,Indonesia · OJK,https://takame.io/en/exchange/gemini
gemini,Gemini,https://www.gemini.com,JP,Japan,absent,Japan · FSA | Japan · FSA warning list,https://takame.io/en/exchange/gemini
gemini,Gemini,https://www.gemini.com,MY,Malaysia,absent,Malaysia · SC alert list,https://takame.io/en/exchange/gemini
gemini,Gemini,https://www.gemini.com,PH,Philippines,absent,Philippines · BSP,https://takame.io/en/exchange/gemini
gemini,Gemini,https://www.gemini.com,KR,South Korea,absent,South Korea · FIU,https://takame.io/en/exchange/gemini
gemini,Gemini,https://www.gemini.com,TW,Taiwan,absent,Taiwan · FSC,https://takame.io/en/exchange/gemini
hollaex,HollaEx,https://pro.hollaex.com,CA,Canada,absent,Canada · FINTRAC,https://takame.io/en/exchange/hollaex
hollaex,HollaEx,https://pro.hollaex.com,AE,Dubai,absent,Dubai · VARA,https://takame.io/en/exchange/hollaex
hollaex,HollaEx,https://pro.hollaex.com,EU,European Union,absent,EU · MiCA | EU · non-compliant list,https://takame.io/en/exchange/hollaex
hollaex,HollaEx,https://pro.hollaex.com,FR,France,absent,France · AMF,https://takame.io/en/exchange/hollaex
hollaex,HollaEx,https://pro.hollaex.com,HK,Hong Kong,absent,Hong Kong · SFC | Hong Kong · SFC alert list,https://takame.io/en/exchange/hollaex
hollaex,HollaEx,https://pro.hollaex.com,IN,India,absent,India · FIU-IND enforcement orders,https://takame.io/en/exchange/hollaex
hollaex,HollaEx,https://pro.hollaex.com,ID,Indonesia,absent,Indonesia · OJK,https://takame.io/en/exchange/hollaex
hollaex,HollaEx,https://pro.hollaex.com,JP,Japan,absent,Japan · FSA | Japan · FSA warning list,https://takame.io/en/exchange/hollaex
hollaex,HollaEx,https://pro.hollaex.com,MY,Malaysia,absent,Malaysia · SC alert list,https://takame.io/en/exchange/hollaex
hollaex,HollaEx,https://pro.hollaex.com,PH,Philippines,absent,Philippines · BSP,https://takame.io/en/exchange/hollaex
hollaex,HollaEx,https://pro.hollaex.com,SG,Singapore,absent,Singapore · MAS,https://takame.io/en/exchange/hollaex
hollaex,HollaEx,https://pro.hollaex.com,KR,South Korea,absent,South Korea · FIU,https://takame.io/en/exchange/hollaex
hollaex,HollaEx,https://pro.hollaex.com,TW,Taiwan,absent,Taiwan · FSC,https://takame.io/en/exchange/hollaex
hollaex,HollaEx,https://pro.hollaex.com,UK,United Kingdom,absent,United Kingdom · FCA,https://takame.io/en/exchange/hollaex
hollaex,HollaEx,https://pro.hollaex.com,US,United States,absent,United States · FinCEN | United States · CFTC RED list,https://takame.io/en/exchange/hollaex
bitflyer,bitFlyer,https://bitflyer.com,EU,European Union,licensed,EU · MiCA | EU · non-compliant list,https://takame.io/en/exchange/bitflyer
bitflyer,bitFlyer,https://bitflyer.com,FR,France,licensed,France · AMF,https://takame.io/en/exchange/bitflyer
bitflyer,bitFlyer,https://bitflyer.com,JP,Japan,licensed,Japan · FSA | Japan · FSA warning list,https://takame.io/en/exchange/bitflyer
bitflyer,bitFlyer,https://bitflyer.com,US,United States,self-filed,United States · FinCEN | United States · CFTC RED list,https://takame.io/en/exchange/bitflyer
bitflyer,bitFlyer,https://bitflyer.com,CA,Canada,absent,Canada · FINTRAC,https://takame.io/en/exchange/bitflyer
bitflyer,bitFlyer,https://bitflyer.com,AE,Dubai,absent,Dubai · VARA,https://takame.io/en/exchange/bitflyer
bitflyer,bitFlyer,https://bitflyer.com,HK,Hong Kong,absent,Hong Kong · SFC | Hong Kong · SFC alert list,https://takame.io/en/exchange/bitflyer
bitflyer,bitFlyer,https://bitflyer.com,IN,India,absent,India · FIU-IND enforcement orders,https://takame.io/en/exchange/bitflyer
bitflyer,bitFlyer,https://bitflyer.com,ID,Indonesia,absent,Indonesia · OJK,https://takame.io/en/exchange/bitflyer
bitflyer,bitFlyer,https://bitflyer.com,MY,Malaysia,absent,Malaysia · SC alert list,https://takame.io/en/exchange/bitflyer
bitflyer,bitFlyer,https://bitflyer.com,PH,Philippines,absent,Philippines · BSP,https://takame.io/en/exchange/bitflyer
bitflyer,bitFlyer,https://bitflyer.com,SG,Singapore,absent,Singapore · MAS,https://takame.io/en/exchange/bitflyer
bitflyer,bitFlyer,https://bitflyer.com,KR,South Korea,absent,South Korea · FIU,https://takame.io/en/exchange/bitflyer
bitflyer,bitFlyer,https://bitflyer.com,TW,Taiwan,absent,Taiwan · FSC,https://takame.io/en/exchange/bitflyer
bitflyer,bitFlyer,https://bitflyer.com,UK,United Kingdom,absent,United Kingdom · FCA,https://takame.io/en/exchange/bitflyer
bybit-eu,Bybit EU,https://www.bybit.eu,EU,European Union,licensed,EU · MiCA | EU · non-compliant list,https://takame.io/en/exchange/bybit-eu
bybit-eu,Bybit EU,https://www.bybit.eu,FR,France,licensed,France · AMF,https://takame.io/en/exchange/bybit-eu
bybit-eu,Bybit EU,https://www.bybit.eu,CA,Canada,absent,Canada · FINTRAC,https://takame.io/en/exchange/bybit-eu
bybit-eu,Bybit EU,https://www.bybit.eu,AE,Dubai,absent,Dubai · VARA,https://takame.io/en/exchange/bybit-eu
bybit-eu,Bybit EU,https://www.bybit.eu,HK,Hong Kong,absent,Hong Kong · SFC | Hong Kong · SFC alert list,https://takame.io/en/exchange/bybit-eu
bybit-eu,Bybit EU,https://www.bybit.eu,IN,India,absent,India · FIU-IND enforcement orders,https://takame.io/en/exchange/bybit-eu
bybit-eu,Bybit EU,https://www.bybit.eu,ID,Indonesia,absent,Indonesia · OJK,https://takame.io/en/exchange/bybit-eu
bybit-eu,Bybit EU,https://www.bybit.eu,JP,Japan,absent,Japan · FSA | Japan · FSA warning list,https://takame.io/en/exchange/bybit-eu
bybit-eu,Bybit EU,https://www.bybit.eu,MY,Malaysia,absent,Malaysia · SC alert list,https://takame.io/en/exchange/bybit-eu
bybit-eu,Bybit EU,https://www.bybit.eu,PH,Philippines,absent,Philippines · BSP,https://takame.io/en/exchange/bybit-eu
bybit-eu,Bybit EU,https://www.bybit.eu,SG,Singapore,absent,Singapore · MAS,https://takame.io/en/exchange/bybit-eu
bybit-eu,Bybit EU,https://www.bybit.eu,KR,South Korea,absent,South Korea · FIU,https://takame.io/en/exchange/bybit-eu
bybit-eu,Bybit EU,https://www.bybit.eu,TW,Taiwan,absent,Taiwan · FSC,https://takame.io/en/exchange/bybit-eu
bybit-eu,Bybit EU,https://www.bybit.eu,UK,United Kingdom,absent,United Kingdom · FCA,https://takame.io/en/exchange/bybit-eu
bybit-eu,Bybit EU,https://www.bybit.eu,US,United States,absent,United States · FinCEN | United States · CFTC RED list,https://takame.io/en/exchange/bybit-eu
binance-us,Binance.US,https://www.binance.us,US,United States,self-filed,United States · FinCEN | United States · CFTC RED list,https://takame.io/en/exchange/binance-us
binance-us,Binance.US,https://www.binance.us,CA,Canada,absent,Canada · FINTRAC,https://takame.io/en/exchange/binance-us
binance-us,Binance.US,https://www.binance.us,AE,Dubai,absent,Dubai · VARA,https://takame.io/en/exchange/binance-us
binance-us,Binance.US,https://www.binance.us,EU,European Union,absent,EU · MiCA | EU · non-compliant list,https://takame.io/en/exchange/binance-us
binance-us,Binance.US,https://www.binance.us,FR,France,absent,France · AMF,https://takame.io/en/exchange/binance-us
binance-us,Binance.US,https://www.binance.us,HK,Hong Kong,absent,Hong Kong · SFC | Hong Kong · SFC alert list,https://takame.io/en/exchange/binance-us
binance-us,Binance.US,https://www.binance.us,IN,India,absent,India · FIU-IND enforcement orders,https://takame.io/en/exchange/binance-us
binance-us,Binance.US,https://www.binance.us,ID,Indonesia,absent,Indonesia · OJK,https://takame.io/en/exchange/binance-us
binance-us,Binance.US,https://www.binance.us,JP,Japan,absent,Japan · FSA | Japan · FSA warning list,https://takame.io/en/exchange/binance-us
binance-us,Binance.US,https://www.binance.us,MY,Malaysia,absent,Malaysia · SC alert list,https://takame.io/en/exchange/binance-us
binance-us,Binance.US,https://www.binance.us,PH,Philippines,absent,Philippines · BSP,https://takame.io/en/exchange/binance-us
binance-us,Binance.US,https://www.binance.us,SG,Singapore,absent,Singapore · MAS,https://takame.io/en/exchange/binance-us
binance-us,Binance.US,https://www.binance.us,KR,South Korea,absent,South Korea · FIU,https://takame.io/en/exchange/binance-us
binance-us,Binance.US,https://www.binance.us,TW,Taiwan,absent,Taiwan · FSC,https://takame.io/en/exchange/binance-us
binance-us,Binance.US,https://www.binance.us,UK,United Kingdom,absent,United Kingdom · FCA,https://takame.io/en/exchange/binance-us
indodax,Indodax,https://indodax.com,ID,Indonesia,licensed,Indonesia · OJK,https://takame.io/en/exchange/indodax
indodax,Indodax,https://indodax.com,CA,Canada,absent,Canada · FINTRAC,https://takame.io/en/exchange/indodax
indodax,Indodax,https://indodax.com,AE,Dubai,absent,Dubai · VARA,https://takame.io/en/exchange/indodax
indodax,Indodax,https://indodax.com,EU,European Union,absent,EU · MiCA | EU · non-compliant list,https://takame.io/en/exchange/indodax
indodax,Indodax,https://indodax.com,FR,France,absent,France · AMF,https://takame.io/en/exchange/indodax
indodax,Indodax,https://indodax.com,HK,Hong Kong,absent,Hong Kong · SFC | Hong Kong · SFC alert list,https://takame.io/en/exchange/indodax
indodax,Indodax,https://indodax.com,IN,India,absent,India · FIU-IND enforcement orders,https://takame.io/en/exchange/indodax
indodax,Indodax,https://indodax.com,JP,Japan,absent,Japan · FSA | Japan · FSA warning list,https://takame.io/en/exchange/indodax
indodax,Indodax,https://indodax.com,MY,Malaysia,absent,Malaysia · SC alert list,https://takame.io/en/exchange/indodax
indodax,Indodax,https://indodax.com,PH,Philippines,absent,Philippines · BSP,https://takame.io/en/exchange/indodax
indodax,Indodax,https://indodax.com,SG,Singapore,absent,Singapore · MAS,https://takame.io/en/exchange/indodax
indodax,Indodax,https://indodax.com,KR,South Korea,absent,South Korea · FIU,https://takame.io/en/exchange/indodax
indodax,Indodax,https://indodax.com,TW,Taiwan,absent,Taiwan · FSC,https://takame.io/en/exchange/indodax
indodax,Indodax,https://indodax.com,UK,United Kingdom,absent,United Kingdom · FCA,https://takame.io/en/exchange/indodax
indodax,Indodax,https://indodax.com,US,United States,absent,United States · FinCEN | United States · CFTC RED list,https://takame.io/en/exchange/indodax
luno,Luno,https://www.luno.com,ID,Indonesia,licensed,Indonesia · OJK,https://takame.io/en/exchange/luno
luno,Luno,https://www.luno.com,FR,France,withdrawn,France · AMF,https://takame.io/en/exchange/luno
luno,Luno,https://www.luno.com,CA,Canada,absent,Canada · FINTRAC,https://takame.io/en/exchange/luno
luno,Luno,https://www.luno.com,AE,Dubai,absent,Dubai · VARA,https://takame.io/en/exchange/luno
luno,Luno,https://www.luno.com,EU,European Union,absent,EU · MiCA | EU · non-compliant list,https://takame.io/en/exchange/luno
luno,Luno,https://www.luno.com,HK,Hong Kong,absent,Hong Kong · SFC | Hong Kong · SFC alert list,https://takame.io/en/exchange/luno
luno,Luno,https://www.luno.com,IN,India,absent,India · FIU-IND enforcement orders,https://takame.io/en/exchange/luno
luno,Luno,https://www.luno.com,JP,Japan,absent,Japan · FSA | Japan · FSA warning list,https://takame.io/en/exchange/luno
luno,Luno,https://www.luno.com,MY,Malaysia,absent,Malaysia · SC alert list,https://takame.io/en/exchange/luno
luno,Luno,https://www.luno.com,PH,Philippines,absent,Philippines · BSP,https://takame.io/en/exchange/luno
luno,Luno,https://www.luno.com,SG,Singapore,absent,Singapore · MAS,https://takame.io/en/exchange/luno
luno,Luno,https://www.luno.com,KR,South Korea,absent,South Korea · FIU,https://takame.io/en/exchange/luno
luno,Luno,https://www.luno.com,TW,Taiwan,absent,Taiwan · FSC,https://takame.io/en/exchange/luno
luno,Luno,https://www.luno.com,UK,United Kingdom,absent,United Kingdom · FCA,https://takame.io/en/exchange/luno
luno,Luno,https://www.luno.com,US,United States,absent,United States · FinCEN | United States · CFTC RED list,https://takame.io/en/exchange/luno
backpack,Backpack,https://backpack.exchange,AE,Dubai,licensed,Dubai · VARA,https://takame.io/en/exchange/backpack
backpack,Backpack,https://backpack.exchange,EU,European Union,licensed,EU · MiCA | EU · non-compliant list,https://takame.io/en/exchange/backpack
backpack,Backpack,https://backpack.exchange,FR,France,licensed,France · AMF,https://takame.io/en/exchange/backpack
backpack,Backpack,https://backpack.exchange,CA,Canada,absent,Canada · FINTRAC,https://takame.io/en/exchange/backpack
backpack,Backpack,https://backpack.exchange,HK,Hong Kong,absent,Hong Kong · SFC | Hong Kong · SFC alert list,https://takame.io/en/exchange/backpack
backpack,Backpack,https://backpack.exchange,IN,India,absent,India · FIU-IND enforcement orders,https://takame.io/en/exchange/backpack
backpack,Backpack,https://backpack.exchange,ID,Indonesia,absent,Indonesia · OJK,https://takame.io/en/exchange/backpack
backpack,Backpack,https://backpack.exchange,JP,Japan,absent,Japan · FSA | Japan · FSA warning list,https://takame.io/en/exchange/backpack
backpack,Backpack,https://backpack.exchange,MY,Malaysia,absent,Malaysia · SC alert list,https://takame.io/en/exchange/backpack
backpack,Backpack,https://backpack.exchange,PH,Philippines,absent,Philippines · BSP,https://takame.io/en/exchange/backpack
backpack,Backpack,https://backpack.exchange,SG,Singapore,absent,Singapore · MAS,https://takame.io/en/exchange/backpack
backpack,Backpack,https://backpack.exchange,KR,South Korea,absent,South Korea · FIU,https://takame.io/en/exchange/backpack
backpack,Backpack,https://backpack.exchange,TW,Taiwan,absent,Taiwan · FSC,https://takame.io/en/exchange/backpack
backpack,Backpack,https://backpack.exchange,UK,United Kingdom,absent,United Kingdom · FCA,https://takame.io/en/exchange/backpack
backpack,Backpack,https://backpack.exchange,US,United States,absent,United States · FinCEN | United States · CFTC RED list,https://takame.io/en/exchange/backpack
bittrade,BitTrade,https://www.bittrade.co.jp,JP,Japan,licensed,Japan · FSA | Japan · FSA warning list,https://takame.io/en/exchange/bittrade
bittrade,BitTrade,https://www.bittrade.co.jp,CA,Canada,absent,Canada · FINTRAC,https://takame.io/en/exchange/bittrade
bittrade,BitTrade,https://www.bittrade.co.jp,AE,Dubai,absent,Dubai · VARA,https://takame.io/en/exchange/bittrade
bittrade,BitTrade,https://www.bittrade.co.jp,EU,European Union,absent,EU · MiCA | EU · non-compliant list,https://takame.io/en/exchange/bittrade
bittrade,BitTrade,https://www.bittrade.co.jp,FR,France,absent,France · AMF,https://takame.io/en/exchange/bittrade
bittrade,BitTrade,https://www.bittrade.co.jp,HK,Hong Kong,absent,Hong Kong · SFC | Hong Kong · SFC alert list,https://takame.io/en/exchange/bittrade
bittrade,BitTrade,https://www.bittrade.co.jp,IN,India,absent,India · FIU-IND enforcement orders,https://takame.io/en/exchange/bittrade
bittrade,BitTrade,https://www.bittrade.co.jp,ID,Indonesia,absent,Indonesia · OJK,https://takame.io/en/exchange/bittrade
bittrade,BitTrade,https://www.bittrade.co.jp,MY,Malaysia,absent,Malaysia · SC alert list,https://takame.io/en/exchange/bittrade
bittrade,BitTrade,https://www.bittrade.co.jp,PH,Philippines,absent,Philippines · BSP,https://takame.io/en/exchange/bittrade
bittrade,BitTrade,https://www.bittrade.co.jp,SG,Singapore,absent,Singapore · MAS,https://takame.io/en/exchange/bittrade
bittrade,BitTrade,https://www.bittrade.co.jp,KR,South Korea,absent,South Korea · FIU,https://takame.io/en/exchange/bittrade
bittrade,BitTrade,https://www.bittrade.co.jp,TW,Taiwan,absent,Taiwan · FSC,https://takame.io/en/exchange/bittrade
bittrade,BitTrade,https://www.bittrade.co.jp,UK,United Kingdom,absent,United Kingdom · FCA,https://takame.io/en/exchange/bittrade
bittrade,BitTrade,https://www.bittrade.co.jp,US,United States,absent,United States · FinCEN | United States · CFTC RED list,https://takame.io/en/exchange/bittrade
coinex,CoinEx,https://www.coinex.com,CA,Canada,withdrawn,Canada · FINTRAC,https://takame.io/en/exchange/coinex
coinex,CoinEx,https://www.coinex.com,AE,Dubai,absent,Dubai · VARA,https://takame.io/en/exchange/coinex
coinex,CoinEx,https://www.coinex.com,EU,European Union,absent,EU · MiCA | EU · non-compliant list,https://takame.io/en/exchange/coinex
coinex,CoinEx,https://www.coinex.com,FR,France,absent,France · AMF,https://takame.io/en/exchange/coinex
coinex,CoinEx,https://www.coinex.com,HK,Hong Kong,absent,Hong Kong · SFC | Hong Kong · SFC alert list,https://takame.io/en/exchange/coinex
coinex,CoinEx,https://www.coinex.com,IN,India,absent,India · FIU-IND enforcement orders,https://takame.io/en/exchange/coinex
coinex,CoinEx,https://www.coinex.com,ID,Indonesia,absent,Indonesia · OJK,https://takame.io/en/exchange/coinex
coinex,CoinEx,https://www.coinex.com,JP,Japan,absent,Japan · FSA | Japan · FSA warning list,https://takame.io/en/exchange/coinex
coinex,CoinEx,https://www.coinex.com,MY,Malaysia,absent,Malaysia · SC alert list,https://takame.io/en/exchange/coinex
coinex,CoinEx,https://www.coinex.com,PH,Philippines,absent,Philippines · BSP,https://takame.io/en/exchange/coinex
coinex,CoinEx,https://www.coinex.com,SG,Singapore,absent,Singapore · MAS,https://takame.io/en/exchange/coinex
coinex,CoinEx,https://www.coinex.com,KR,South Korea,absent,South Korea · FIU,https://takame.io/en/exchange/coinex
coinex,CoinEx,https://www.coinex.com,TW,Taiwan,absent,Taiwan · FSC,https://takame.io/en/exchange/coinex
coinex,CoinEx,https://www.coinex.com,UK,United Kingdom,absent,United Kingdom · FCA,https://takame.io/en/exchange/coinex
coinex,CoinEx,https://www.coinex.com,US,United States,absent,United States · FinCEN | United States · CFTC RED list,https://takame.io/en/exchange/coinex
one-trading,One Trading,https://onetrading.com,EU,European Union,licensed,EU · MiCA | EU · non-compliant list,https://takame.io/en/exchange/one-trading
one-trading,One Trading,https://onetrading.com,FR,France,licensed,France · AMF,https://takame.io/en/exchange/one-trading
one-trading,One Trading,https://onetrading.com,CA,Canada,absent,Canada · FINTRAC,https://takame.io/en/exchange/one-trading
one-trading,One Trading,https://onetrading.com,AE,Dubai,absent,Dubai · VARA,https://takame.io/en/exchange/one-trading
one-trading,One Trading,https://onetrading.com,HK,Hong Kong,absent,Hong Kong · SFC | Hong Kong · SFC alert list,https://takame.io/en/exchange/one-trading
one-trading,One Trading,https://onetrading.com,IN,India,absent,India · FIU-IND enforcement orders,https://takame.io/en/exchange/one-trading
one-trading,One Trading,https://onetrading.com,ID,Indonesia,absent,Indonesia · OJK,https://takame.io/en/exchange/one-trading
one-trading,One Trading,https://onetrading.com,JP,Japan,absent,Japan · FSA | Japan · FSA warning list,https://takame.io/en/exchange/one-trading
one-trading,One Trading,https://onetrading.com,MY,Malaysia,absent,Malaysia · SC alert list,https://takame.io/en/exchange/one-trading
one-trading,One Trading,https://onetrading.com,PH,Philippines,absent,Philippines · BSP,https://takame.io/en/exchange/one-trading
one-trading,One Trading,https://onetrading.com,SG,Singapore,absent,Singapore · MAS,https://takame.io/en/exchange/one-trading
one-trading,One Trading,https://onetrading.com,KR,South Korea,absent,South Korea · FIU,https://takame.io/en/exchange/one-trading
one-trading,One Trading,https://onetrading.com,TW,Taiwan,absent,Taiwan · FSC,https://takame.io/en/exchange/one-trading
one-trading,One Trading,https://onetrading.com,UK,United Kingdom,absent,United Kingdom · FCA,https://takame.io/en/exchange/one-trading
one-trading,One Trading,https://onetrading.com,US,United States,absent,United States · FinCEN | United States · CFTC RED list,https://takame.io/en/exchange/one-trading
ndax,NDAX,https://ndax.io,CA,Canada,licensed,Canada · FINTRAC,https://takame.io/en/exchange/ndax
ndax,NDAX,https://ndax.io,US,United States,self-filed,United States · FinCEN | United States · CFTC RED list,https://takame.io/en/exchange/ndax
ndax,NDAX,https://ndax.io,AE,Dubai,absent,Dubai · VARA,https://takame.io/en/exchange/ndax
ndax,NDAX,https://ndax.io,EU,European Union,absent,EU · MiCA | EU · non-compliant list,https://takame.io/en/exchange/ndax
ndax,NDAX,https://ndax.io,FR,France,absent,France · AMF,https://takame.io/en/exchange/ndax
ndax,NDAX,https://ndax.io,HK,Hong Kong,absent,Hong Kong · SFC | Hong Kong · SFC alert list,https://takame.io/en/exchange/ndax
ndax,NDAX,https://ndax.io,IN,India,absent,India · FIU-IND enforcement orders,https://takame.io/en/exchange/ndax
ndax,NDAX,https://ndax.io,ID,Indonesia,absent,Indonesia · OJK,https://takame.io/en/exchange/ndax
ndax,NDAX,https://ndax.io,JP,Japan,absent,Japan · FSA | Japan · FSA warning list,https://takame.io/en/exchange/ndax
ndax,NDAX,https://ndax.io,MY,Malaysia,absent,Malaysia · SC alert list,https://takame.io/en/exchange/ndax
ndax,NDAX,https://ndax.io,PH,Philippines,absent,Philippines · BSP,https://takame.io/en/exchange/ndax
ndax,NDAX,https://ndax.io,SG,Singapore,absent,Singapore · MAS,https://takame.io/en/exchange/ndax
ndax,NDAX,https://ndax.io,KR,South Korea,absent,South Korea · FIU,https://takame.io/en/exchange/ndax
ndax,NDAX,https://ndax.io,TW,Taiwan,absent,Taiwan · FSC,https://takame.io/en/exchange/ndax
ndax,NDAX,https://ndax.io,UK,United Kingdom,absent,United Kingdom · FCA,https://takame.io/en/exchange/ndax
coinmate,Coinmate,https://coinmate.io,EU,European Union,licensed,EU · MiCA | EU · non-compliant list,https://takame.io/en/exchange/coinmate
coinmate,Coinmate,https://coinmate.io,FR,France,licensed,France · AMF,https://takame.io/en/exchange/coinmate
coinmate,Coinmate,https://coinmate.io,CA,Canada,absent,Canada · FINTRAC,https://takame.io/en/exchange/coinmate
coinmate,Coinmate,https://coinmate.io,AE,Dubai,absent,Dubai · VARA,https://takame.io/en/exchange/coinmate
coinmate,Coinmate,https://coinmate.io,HK,Hong Kong,absent,Hong Kong · SFC | Hong Kong · SFC alert list,https://takame.io/en/exchange/coinmate
coinmate,Coinmate,https://coinmate.io,IN,India,absent,India · FIU-IND enforcement orders,https://takame.io/en/exchange/coinmate
coinmate,Coinmate,https://coinmate.io,ID,Indonesia,absent,Indonesia · OJK,https://takame.io/en/exchange/coinmate
coinmate,Coinmate,https://coinmate.io,JP,Japan,absent,Japan · FSA | Japan · FSA warning list,https://takame.io/en/exchange/coinmate
coinmate,Coinmate,https://coinmate.io,MY,Malaysia,absent,Malaysia · SC alert list,https://takame.io/en/exchange/coinmate
coinmate,Coinmate,https://coinmate.io,PH,Philippines,absent,Philippines · BSP,https://takame.io/en/exchange/coinmate
coinmate,Coinmate,https://coinmate.io,SG,Singapore,absent,Singapore · MAS,https://takame.io/en/exchange/coinmate
coinmate,Coinmate,https://coinmate.io,KR,South Korea,absent,South Korea · FIU,https://takame.io/en/exchange/coinmate
coinmate,Coinmate,https://coinmate.io,TW,Taiwan,absent,Taiwan · FSC,https://takame.io/en/exchange/coinmate
coinmate,Coinmate,https://coinmate.io,UK,United Kingdom,absent,United Kingdom · FCA,https://takame.io/en/exchange/coinmate
coinmate,Coinmate,https://coinmate.io,US,United States,absent,United States · FinCEN | United States · CFTC RED list,https://takame.io/en/exchange/coinmate
btc-markets,BTC Markets,https://www.btcmarkets.net,CA,Canada,absent,Canada · FINTRAC,https://takame.io/en/exchange/btc-markets
btc-markets,BTC Markets,https://www.btcmarkets.net,AE,Dubai,absent,Dubai · VARA,https://takame.io/en/exchange/btc-markets
btc-markets,BTC Markets,https://www.btcmarkets.net,EU,European Union,absent,EU · MiCA | EU · non-compliant list,https://takame.io/en/exchange/btc-markets
btc-markets,BTC Markets,https://www.btcmarkets.net,FR,France,absent,France · AMF,https://takame.io/en/exchange/btc-markets
btc-markets,BTC Markets,https://www.btcmarkets.net,HK,Hong Kong,absent,Hong Kong · SFC | Hong Kong · SFC alert list,https://takame.io/en/exchange/btc-markets
btc-markets,BTC Markets,https://www.btcmarkets.net,IN,India,absent,India · FIU-IND enforcement orders,https://takame.io/en/exchange/btc-markets
btc-markets,BTC Markets,https://www.btcmarkets.net,ID,Indonesia,absent,Indonesia · OJK,https://takame.io/en/exchange/btc-markets
btc-markets,BTC Markets,https://www.btcmarkets.net,JP,Japan,absent,Japan · FSA | Japan · FSA warning list,https://takame.io/en/exchange/btc-markets
btc-markets,BTC Markets,https://www.btcmarkets.net,MY,Malaysia,absent,Malaysia · SC alert list,https://takame.io/en/exchange/btc-markets
btc-markets,BTC Markets,https://www.btcmarkets.net,PH,Philippines,absent,Philippines · BSP,https://takame.io/en/exchange/btc-markets
btc-markets,BTC Markets,https://www.btcmarkets.net,SG,Singapore,absent,Singapore · MAS,https://takame.io/en/exchange/btc-markets
btc-markets,BTC Markets,https://www.btcmarkets.net,KR,South Korea,absent,South Korea · FIU,https://takame.io/en/exchange/btc-markets
btc-markets,BTC Markets,https://www.btcmarkets.net,TW,Taiwan,absent,Taiwan · FSC,https://takame.io/en/exchange/btc-markets
btc-markets,BTC Markets,https://www.btcmarkets.net,UK,United Kingdom,absent,United Kingdom · FCA,https://takame.io/en/exchange/btc-markets
btc-markets,BTC Markets,https://www.btcmarkets.net,US,United States,absent,United States · FinCEN | United States · CFTC RED list,https://takame.io/en/exchange/btc-markets
btcbox,BTCBOX,https://www.btcbox.co.jp,JP,Japan,licensed,Japan · FSA | Japan · FSA warning list,https://takame.io/en/exchange/btcbox
btcbox,BTCBOX,https://www.btcbox.co.jp,CA,Canada,absent,Canada · FINTRAC,https://takame.io/en/exchange/btcbox
btcbox,BTCBOX,https://www.btcbox.co.jp,AE,Dubai,absent,Dubai · VARA,https://takame.io/en/exchange/btcbox
btcbox,BTCBOX,https://www.btcbox.co.jp,EU,European Union,absent,EU · MiCA | EU · non-compliant list,https://takame.io/en/exchange/btcbox
btcbox,BTCBOX,https://www.btcbox.co.jp,FR,France,absent,France · AMF,https://takame.io/en/exchange/btcbox
btcbox,BTCBOX,https://www.btcbox.co.jp,HK,Hong Kong,absent,Hong Kong · SFC | Hong Kong · SFC alert list,https://takame.io/en/exchange/btcbox
btcbox,BTCBOX,https://www.btcbox.co.jp,IN,India,absent,India · FIU-IND enforcement orders,https://takame.io/en/exchange/btcbox
btcbox,BTCBOX,https://www.btcbox.co.jp,ID,Indonesia,absent,Indonesia · OJK,https://takame.io/en/exchange/btcbox
btcbox,BTCBOX,https://www.btcbox.co.jp,MY,Malaysia,absent,Malaysia · SC alert list,https://takame.io/en/exchange/btcbox
btcbox,BTCBOX,https://www.btcbox.co.jp,PH,Philippines,absent,Philippines · BSP,https://takame.io/en/exchange/btcbox
btcbox,BTCBOX,https://www.btcbox.co.jp,SG,Singapore,absent,Singapore · MAS,https://takame.io/en/exchange/btcbox
btcbox,BTCBOX,https://www.btcbox.co.jp,KR,South Korea,absent,South Korea · FIU,https://takame.io/en/exchange/btcbox
btcbox,BTCBOX,https://www.btcbox.co.jp,TW,Taiwan,absent,Taiwan · FSC,https://takame.io/en/exchange/btcbox
btcbox,BTCBOX,https://www.btcbox.co.jp,UK,United Kingdom,absent,United Kingdom · FCA,https://takame.io/en/exchange/btcbox
btcbox,BTCBOX,https://www.btcbox.co.jp,US,United States,absent,United States · FinCEN | United States · CFTC RED list,https://takame.io/en/exchange/btcbox
bit-team,BIT.TEAM,https://bit.team,CA,Canada,absent,Canada · FINTRAC,https://takame.io/en/exchange/bit-team
bit-team,BIT.TEAM,https://bit.team,AE,Dubai,absent,Dubai · VARA,https://takame.io/en/exchange/bit-team
bit-team,BIT.TEAM,https://bit.team,EU,European Union,absent,EU · MiCA | EU · non-compliant list,https://takame.io/en/exchange/bit-team
bit-team,BIT.TEAM,https://bit.team,FR,France,absent,France · AMF,https://takame.io/en/exchange/bit-team
bit-team,BIT.TEAM,https://bit.team,HK,Hong Kong,absent,Hong Kong · SFC | Hong Kong · SFC alert list,https://takame.io/en/exchange/bit-team
bit-team,BIT.TEAM,https://bit.team,IN,India,absent,India · FIU-IND enforcement orders,https://takame.io/en/exchange/bit-team
bit-team,BIT.TEAM,https://bit.team,ID,Indonesia,absent,Indonesia · OJK,https://takame.io/en/exchange/bit-team
bit-team,BIT.TEAM,https://bit.team,JP,Japan,absent,Japan · FSA | Japan · FSA warning list,https://takame.io/en/exchange/bit-team
bit-team,BIT.TEAM,https://bit.team,MY,Malaysia,absent,Malaysia · SC alert list,https://takame.io/en/exchange/bit-team
bit-team,BIT.TEAM,https://bit.team,PH,Philippines,absent,Philippines · BSP,https://takame.io/en/exchange/bit-team
bit-team,BIT.TEAM,https://bit.team,SG,Singapore,absent,Singapore · MAS,https://takame.io/en/exchange/bit-team
bit-team,BIT.TEAM,https://bit.team,KR,South Korea,absent,South Korea · FIU,https://takame.io/en/exchange/bit-team
bit-team,BIT.TEAM,https://bit.team,TW,Taiwan,absent,Taiwan · FSC,https://takame.io/en/exchange/bit-team
bit-team,BIT.TEAM,https://bit.team,UK,United Kingdom,absent,United Kingdom · FCA,https://takame.io/en/exchange/bit-team
bit-team,BIT.TEAM,https://bit.team,US,United States,absent,United States · FinCEN | United States · CFTC RED list,https://takame.io/en/exchange/bit-team
zaif,Zaif,https://zaif.jp,JP,Japan,licensed,Japan · FSA | Japan · FSA warning list,https://takame.io/en/exchange/zaif
zaif,Zaif,https://zaif.jp,CA,Canada,absent,Canada · FINTRAC,https://takame.io/en/exchange/zaif
zaif,Zaif,https://zaif.jp,AE,Dubai,absent,Dubai · VARA,https://takame.io/en/exchange/zaif
zaif,Zaif,https://zaif.jp,EU,European Union,absent,EU · MiCA | EU · non-compliant list,https://takame.io/en/exchange/zaif
zaif,Zaif,https://zaif.jp,FR,France,absent,France · AMF,https://takame.io/en/exchange/zaif
zaif,Zaif,https://zaif.jp,HK,Hong Kong,absent,Hong Kong · SFC | Hong Kong · SFC alert list,https://takame.io/en/exchange/zaif
zaif,Zaif,https://zaif.jp,IN,India,absent,India · FIU-IND enforcement orders,https://takame.io/en/exchange/zaif
zaif,Zaif,https://zaif.jp,ID,Indonesia,absent,Indonesia · OJK,https://takame.io/en/exchange/zaif
zaif,Zaif,https://zaif.jp,MY,Malaysia,absent,Malaysia · SC alert list,https://takame.io/en/exchange/zaif
zaif,Zaif,https://zaif.jp,PH,Philippines,absent,Philippines · BSP,https://takame.io/en/exchange/zaif
zaif,Zaif,https://zaif.jp,SG,Singapore,absent,Singapore · MAS,https://takame.io/en/exchange/zaif
zaif,Zaif,https://zaif.jp,KR,South Korea,absent,South Korea · FIU,https://takame.io/en/exchange/zaif
zaif,Zaif,https://zaif.jp,TW,Taiwan,absent,Taiwan · FSC,https://takame.io/en/exchange/zaif
zaif,Zaif,https://zaif.jp,UK,United Kingdom,absent,United Kingdom · FCA,https://takame.io/en/exchange/zaif
zaif,Zaif,https://zaif.jp,US,United States,absent,United States · FinCEN | United States · CFTC RED list,https://takame.io/en/exchange/zaif
hashkey-global,HashKey Global,https://global.hashkey.com,CA,Canada,absent,Canada · FINTRAC,https://takame.io/en/exchange/hashkey-global
hashkey-global,HashKey Global,https://global.hashkey.com,AE,Dubai,absent,Dubai · VARA,https://takame.io/en/exchange/hashkey-global
hashkey-global,HashKey Global,https://global.hashkey.com,EU,European Union,absent,EU · MiCA | EU · non-compliant list,https://takame.io/en/exchange/hashkey-global
hashkey-global,HashKey Global,https://global.hashkey.com,FR,France,absent,France · AMF,https://takame.io/en/exchange/hashkey-global
hashkey-global,HashKey Global,https://global.hashkey.com,HK,Hong Kong,absent,Hong Kong · SFC | Hong Kong · SFC alert list,https://takame.io/en/exchange/hashkey-global
hashkey-global,HashKey Global,https://global.hashkey.com,IN,India,absent,India · FIU-IND enforcement orders,https://takame.io/en/exchange/hashkey-global
hashkey-global,HashKey Global,https://global.hashkey.com,ID,Indonesia,absent,Indonesia · OJK,https://takame.io/en/exchange/hashkey-global
hashkey-global,HashKey Global,https://global.hashkey.com,JP,Japan,absent,Japan · FSA | Japan · FSA warning list,https://takame.io/en/exchange/hashkey-global
hashkey-global,HashKey Global,https://global.hashkey.com,MY,Malaysia,absent,Malaysia · SC alert list,https://takame.io/en/exchange/hashkey-global
hashkey-global,HashKey Global,https://global.hashkey.com,PH,Philippines,absent,Philippines · BSP,https://takame.io/en/exchange/hashkey-global
hashkey-global,HashKey Global,https://global.hashkey.com,SG,Singapore,absent,Singapore · MAS,https://takame.io/en/exchange/hashkey-global
hashkey-global,HashKey Global,https://global.hashkey.com,KR,South Korea,absent,South Korea · FIU,https://takame.io/en/exchange/hashkey-global
hashkey-global,HashKey Global,https://global.hashkey.com,TW,Taiwan,absent,Taiwan · FSC,https://takame.io/en/exchange/hashkey-global
hashkey-global,HashKey Global,https://global.hashkey.com,UK,United Kingdom,absent,United Kingdom · FCA,https://takame.io/en/exchange/hashkey-global
hashkey-global,HashKey Global,https://global.hashkey.com,US,United States,absent,United States · FinCEN | United States · CFTC RED list,https://takame.io/en/exchange/hashkey-global
blockchain-com,Blockchain.com,https://exchange.blockchain.com,EU,European Union,licensed,EU · MiCA | EU · non-compliant list,https://takame.io/en/exchange/blockchain-com
blockchain-com,Blockchain.com,https://exchange.blockchain.com,FR,France,licensed,France · AMF,https://takame.io/en/exchange/blockchain-com
blockchain-com,Blockchain.com,https://exchange.blockchain.com,SG,Singapore,licensed,Singapore · MAS,https://takame.io/en/exchange/blockchain-com
blockchain-com,Blockchain.com,https://exchange.blockchain.com,UK,United Kingdom,licensed,United Kingdom · FCA,https://takame.io/en/exchange/blockchain-com
blockchain-com,Blockchain.com,https://exchange.blockchain.com,CA,Canada,absent,Canada · FINTRAC,https://takame.io/en/exchange/blockchain-com
blockchain-com,Blockchain.com,https://exchange.blockchain.com,AE,Dubai,absent,Dubai · VARA,https://takame.io/en/exchange/blockchain-com
blockchain-com,Blockchain.com,https://exchange.blockchain.com,HK,Hong Kong,absent,Hong Kong · SFC | Hong Kong · SFC alert list,https://takame.io/en/exchange/blockchain-com
blockchain-com,Blockchain.com,https://exchange.blockchain.com,IN,India,absent,India · FIU-IND enforcement orders,https://takame.io/en/exchange/blockchain-com
blockchain-com,Blockchain.com,https://exchange.blockchain.com,ID,Indonesia,absent,Indonesia · OJK,https://takame.io/en/exchange/blockchain-com
blockchain-com,Blockchain.com,https://exchange.blockchain.com,JP,Japan,absent,Japan · FSA | Japan · FSA warning list,https://takame.io/en/exchange/blockchain-com
blockchain-com,Blockchain.com,https://exchange.blockchain.com,MY,Malaysia,absent,Malaysia · SC alert list,https://takame.io/en/exchange/blockchain-com
blockchain-com,Blockchain.com,https://exchange.blockchain.com,PH,Philippines,absent,Philippines · BSP,https://takame.io/en/exchange/blockchain-com
blockchain-com,Blockchain.com,https://exchange.blockchain.com,KR,South Korea,absent,South Korea · FIU,https://takame.io/en/exchange/blockchain-com
blockchain-com,Blockchain.com,https://exchange.blockchain.com,TW,Taiwan,absent,Taiwan · FSC,https://takame.io/en/exchange/blockchain-com
blockchain-com,Blockchain.com,https://exchange.blockchain.com,US,United States,absent,United States · FinCEN | United States · CFTC RED list,https://takame.io/en/exchange/blockchain-com
bitbns,Bitbns,https://bitbns.com,CA,Canada,absent,Canada · FINTRAC,https://takame.io/en/exchange/bitbns
bitbns,Bitbns,https://bitbns.com,AE,Dubai,absent,Dubai · VARA,https://takame.io/en/exchange/bitbns
bitbns,Bitbns,https://bitbns.com,EU,European Union,absent,EU · MiCA | EU · non-compliant list,https://takame.io/en/exchange/bitbns
bitbns,Bitbns,https://bitbns.com,FR,France,absent,France · AMF,https://takame.io/en/exchange/bitbns
bitbns,Bitbns,https://bitbns.com,HK,Hong Kong,absent,Hong Kong · SFC | Hong Kong · SFC alert list,https://takame.io/en/exchange/bitbns
bitbns,Bitbns,https://bitbns.com,IN,India,absent,India · FIU-IND enforcement orders,https://takame.io/en/exchange/bitbns
bitbns,Bitbns,https://bitbns.com,ID,Indonesia,absent,Indonesia · OJK,https://takame.io/en/exchange/bitbns
bitbns,Bitbns,https://bitbns.com,JP,Japan,absent,Japan · FSA | Japan · FSA warning list,https://takame.io/en/exchange/bitbns
bitbns,Bitbns,https://bitbns.com,MY,Malaysia,absent,Malaysia · SC alert list,https://takame.io/en/exchange/bitbns
bitbns,Bitbns,https://bitbns.com,PH,Philippines,absent,Philippines · BSP,https://takame.io/en/exchange/bitbns
bitbns,Bitbns,https://bitbns.com,SG,Singapore,absent,Singapore · MAS,https://takame.io/en/exchange/bitbns
bitbns,Bitbns,https://bitbns.com,KR,South Korea,absent,South Korea · FIU,https://takame.io/en/exchange/bitbns
bitbns,Bitbns,https://bitbns.com,TW,Taiwan,absent,Taiwan · FSC,https://takame.io/en/exchange/bitbns
bitbns,Bitbns,https://bitbns.com,UK,United Kingdom,absent,United Kingdom · FCA,https://takame.io/en/exchange/bitbns
bitbns,Bitbns,https://bitbns.com,US,United States,absent,United States · FinCEN | United States · CFTC RED list,https://takame.io/en/exchange/bitbns
bitso,Bitso,https://bitso.com,CA,Canada,absent,Canada · FINTRAC,https://takame.io/en/exchange/bitso
bitso,Bitso,https://bitso.com,AE,Dubai,absent,Dubai · VARA,https://takame.io/en/exchange/bitso
bitso,Bitso,https://bitso.com,EU,European Union,absent,EU · MiCA | EU · non-compliant list,https://takame.io/en/exchange/bitso
bitso,Bitso,https://bitso.com,FR,France,absent,France · AMF,https://takame.io/en/exchange/bitso
bitso,Bitso,https://bitso.com,HK,Hong Kong,absent,Hong Kong · SFC | Hong Kong · SFC alert list,https://takame.io/en/exchange/bitso
bitso,Bitso,https://bitso.com,IN,India,absent,India · FIU-IND enforcement orders,https://takame.io/en/exchange/bitso
bitso,Bitso,https://bitso.com,ID,Indonesia,absent,Indonesia · OJK,https://takame.io/en/exchange/bitso
bitso,Bitso,https://bitso.com,JP,Japan,absent,Japan · FSA | Japan · FSA warning list,https://takame.io/en/exchange/bitso
bitso,Bitso,https://bitso.com,MY,Malaysia,absent,Malaysia · SC alert list,https://takame.io/en/exchange/bitso
bitso,Bitso,https://bitso.com,PH,Philippines,absent,Philippines · BSP,https://takame.io/en/exchange/bitso
bitso,Bitso,https://bitso.com,SG,Singapore,absent,Singapore · MAS,https://takame.io/en/exchange/bitso
bitso,Bitso,https://bitso.com,KR,South Korea,absent,South Korea · FIU,https://takame.io/en/exchange/bitso
bitso,Bitso,https://bitso.com,TW,Taiwan,absent,Taiwan · FSC,https://takame.io/en/exchange/bitso
bitso,Bitso,https://bitso.com,UK,United Kingdom,absent,United Kingdom · FCA,https://takame.io/en/exchange/bitso
bitso,Bitso,https://bitso.com,US,United States,absent,United States · FinCEN | United States · CFTC RED list,https://takame.io/en/exchange/bitso
woo,WOO X,https://woo.org,CA,Canada,absent,Canada · FINTRAC,https://takame.io/en/exchange/woo
woo,WOO X,https://woo.org,AE,Dubai,absent,Dubai · VARA,https://takame.io/en/exchange/woo
woo,WOO X,https://woo.org,EU,European Union,absent,EU · MiCA | EU · non-compliant list,https://takame.io/en/exchange/woo
woo,WOO X,https://woo.org,FR,France,absent,France · AMF,https://takame.io/en/exchange/woo
woo,WOO X,https://woo.org,HK,Hong Kong,absent,Hong Kong · SFC | Hong Kong · SFC alert list,https://takame.io/en/exchange/woo
woo,WOO X,https://woo.org,IN,India,absent,India · FIU-IND enforcement orders,https://takame.io/en/exchange/woo
woo,WOO X,https://woo.org,ID,Indonesia,absent,Indonesia · OJK,https://takame.io/en/exchange/woo
woo,WOO X,https://woo.org,JP,Japan,absent,Japan · FSA | Japan · FSA warning list,https://takame.io/en/exchange/woo
woo,WOO X,https://woo.org,MY,Malaysia,absent,Malaysia · SC alert list,https://takame.io/en/exchange/woo
woo,WOO X,https://woo.org,PH,Philippines,absent,Philippines · BSP,https://takame.io/en/exchange/woo
woo,WOO X,https://woo.org,SG,Singapore,absent,Singapore · MAS,https://takame.io/en/exchange/woo
woo,WOO X,https://woo.org,KR,South Korea,absent,South Korea · FIU,https://takame.io/en/exchange/woo
woo,WOO X,https://woo.org,TW,Taiwan,absent,Taiwan · FSC,https://takame.io/en/exchange/woo
woo,WOO X,https://woo.org,UK,United Kingdom,absent,United Kingdom · FCA,https://takame.io/en/exchange/woo
woo,WOO X,https://woo.org,US,United States,absent,United States · FinCEN | United States · CFTC RED list,https://takame.io/en/exchange/woo
bitopro,BitoPro,https://www.bitopro.com,TW,Taiwan,licensed,Taiwan · FSC,https://takame.io/en/exchange/bitopro
bitopro,BitoPro,https://www.bitopro.com,CA,Canada,absent,Canada · FINTRAC,https://takame.io/en/exchange/bitopro
bitopro,BitoPro,https://www.bitopro.com,AE,Dubai,absent,Dubai · VARA,https://takame.io/en/exchange/bitopro
bitopro,BitoPro,https://www.bitopro.com,EU,European Union,absent,EU · MiCA | EU · non-compliant list,https://takame.io/en/exchange/bitopro
bitopro,BitoPro,https://www.bitopro.com,FR,France,absent,France · AMF,https://takame.io/en/exchange/bitopro
bitopro,BitoPro,https://www.bitopro.com,HK,Hong Kong,absent,Hong Kong · SFC | Hong Kong · SFC alert list,https://takame.io/en/exchange/bitopro
bitopro,BitoPro,https://www.bitopro.com,IN,India,absent,India · FIU-IND enforcement orders,https://takame.io/en/exchange/bitopro
bitopro,BitoPro,https://www.bitopro.com,ID,Indonesia,absent,Indonesia · OJK,https://takame.io/en/exchange/bitopro
bitopro,BitoPro,https://www.bitopro.com,JP,Japan,absent,Japan · FSA | Japan · FSA warning list,https://takame.io/en/exchange/bitopro
bitopro,BitoPro,https://www.bitopro.com,MY,Malaysia,absent,Malaysia · SC alert list,https://takame.io/en/exchange/bitopro
bitopro,BitoPro,https://www.bitopro.com,PH,Philippines,absent,Philippines · BSP,https://takame.io/en/exchange/bitopro
bitopro,BitoPro,https://www.bitopro.com,SG,Singapore,absent,Singapore · MAS,https://takame.io/en/exchange/bitopro
bitopro,BitoPro,https://www.bitopro.com,KR,South Korea,absent,South Korea · FIU,https://takame.io/en/exchange/bitopro
bitopro,BitoPro,https://www.bitopro.com,UK,United Kingdom,absent,United Kingdom · FCA,https://takame.io/en/exchange/bitopro
bitopro,BitoPro,https://www.bitopro.com,US,United States,absent,United States · FinCEN | United States · CFTC RED list,https://takame.io/en/exchange/bitopro
tokocrypto,Tokocrypto,https://www.tokocrypto.com,ID,Indonesia,licensed,Indonesia · OJK,https://takame.io/en/exchange/tokocrypto
tokocrypto,Tokocrypto,https://www.tokocrypto.com,CA,Canada,absent,Canada · FINTRAC,https://takame.io/en/exchange/tokocrypto
tokocrypto,Tokocrypto,https://www.tokocrypto.com,AE,Dubai,absent,Dubai · VARA,https://takame.io/en/exchange/tokocrypto
tokocrypto,Tokocrypto,https://www.tokocrypto.com,EU,European Union,absent,EU · MiCA | EU · non-compliant list,https://takame.io/en/exchange/tokocrypto
tokocrypto,Tokocrypto,https://www.tokocrypto.com,FR,France,absent,France · AMF,https://takame.io/en/exchange/tokocrypto
tokocrypto,Tokocrypto,https://www.tokocrypto.com,HK,Hong Kong,absent,Hong Kong · SFC | Hong Kong · SFC alert list,https://takame.io/en/exchange/tokocrypto
tokocrypto,Tokocrypto,https://www.tokocrypto.com,IN,India,absent,India · FIU-IND enforcement orders,https://takame.io/en/exchange/tokocrypto
tokocrypto,Tokocrypto,https://www.tokocrypto.com,JP,Japan,absent,Japan · FSA | Japan · FSA warning list,https://takame.io/en/exchange/tokocrypto
tokocrypto,Tokocrypto,https://www.tokocrypto.com,MY,Malaysia,absent,Malaysia · SC alert list,https://takame.io/en/exchange/tokocrypto
tokocrypto,Tokocrypto,https://www.tokocrypto.com,PH,Philippines,absent,Philippines · BSP,https://takame.io/en/exchange/tokocrypto
tokocrypto,Tokocrypto,https://www.tokocrypto.com,SG,Singapore,absent,Singapore · MAS,https://takame.io/en/exchange/tokocrypto
tokocrypto,Tokocrypto,https://www.tokocrypto.com,KR,South Korea,absent,South Korea · FIU,https://takame.io/en/exchange/tokocrypto
tokocrypto,Tokocrypto,https://www.tokocrypto.com,TW,Taiwan,absent,Taiwan · FSC,https://takame.io/en/exchange/tokocrypto
tokocrypto,Tokocrypto,https://www.tokocrypto.com,UK,United Kingdom,absent,United Kingdom · FCA,https://takame.io/en/exchange/tokocrypto
tokocrypto,Tokocrypto,https://www.tokocrypto.com,US,United States,absent,United States · FinCEN | United States · CFTC RED list,https://takame.io/en/exchange/tokocrypto
independent-reserve,Independent Reserve,https://www.independentreserve.com,SG,Singapore,licensed,Singapore · MAS,https://takame.io/en/exchange/independent-reserve
independent-reserve,Independent Reserve,https://www.independentreserve.com,CA,Canada,absent,Canada · FINTRAC,https://takame.io/en/exchange/independent-reserve
independent-reserve,Independent Reserve,https://www.independentreserve.com,AE,Dubai,absent,Dubai · VARA,https://takame.io/en/exchange/independent-reserve
independent-reserve,Independent Reserve,https://www.independentreserve.com,EU,European Union,absent,EU · MiCA | EU · non-compliant list,https://takame.io/en/exchange/independent-reserve
independent-reserve,Independent Reserve,https://www.independentreserve.com,FR,France,absent,France · AMF,https://takame.io/en/exchange/independent-reserve
independent-reserve,Independent Reserve,https://www.independentreserve.com,HK,Hong Kong,absent,Hong Kong · SFC | Hong Kong · SFC alert list,https://takame.io/en/exchange/independent-reserve
independent-reserve,Independent Reserve,https://www.independentreserve.com,IN,India,absent,India · FIU-IND enforcement orders,https://takame.io/en/exchange/independent-reserve
independent-reserve,Independent Reserve,https://www.independentreserve.com,ID,Indonesia,absent,Indonesia · OJK,https://takame.io/en/exchange/independent-reserve
independent-reserve,Independent Reserve,https://www.independentreserve.com,JP,Japan,absent,Japan · FSA | Japan · FSA warning list,https://takame.io/en/exchange/independent-reserve
independent-reserve,Independent Reserve,https://www.independentreserve.com,MY,Malaysia,absent,Malaysia · SC alert list,https://takame.io/en/exchange/independent-reserve
independent-reserve,Independent Reserve,https://www.independentreserve.com,PH,Philippines,absent,Philippines · BSP,https://takame.io/en/exchange/independent-reserve
independent-reserve,Independent Reserve,https://www.independentreserve.com,KR,South Korea,absent,South Korea · FIU,https://takame.io/en/exchange/independent-reserve
independent-reserve,Independent Reserve,https://www.independentreserve.com,TW,Taiwan,absent,Taiwan · FSC,https://takame.io/en/exchange/independent-reserve
independent-reserve,Independent Reserve,https://www.independentreserve.com,UK,United Kingdom,absent,United Kingdom · FCA,https://takame.io/en/exchange/independent-reserve
independent-reserve,Independent Reserve,https://www.independentreserve.com,US,United States,absent,United States · FinCEN | United States · CFTC RED list,https://takame.io/en/exchange/independent-reserve
