registry,jurisdiction,entity_name,reference_id,register_status,effective_date,services,website_domains,source_url
AMF_FR,FR,2525 VENTURES B.V. / LITEBIT,E2021-015,WITHDRAWN,2024-02-20,Radiation pour arrêt d’activité | Conservation d'actifs numériques | Achat/vente d'actifs numériques contre monnaie ayant cours légal | Echange d'actifs numériques contre d'autres actifs numériques,litebit.eu,https://www.data.gouv.fr/datasets/liste-blanche-des-prestataires-de-services-sur-actifs-numeriques-psan
AMF_FR,FR,360 TREASURY SYSTEMS AG,N/A - Passeport,AUTHORISED,2025-04-10,Exploitation d’une plate-forme de négociation de crypto-actifs,360t.com,https://www.data.gouv.fr/datasets/liste-blanche-des-prestataires-de-services-sur-actifs-numeriques-psan
AMF_FR,FR,ACHERON EUROPE B.V.,N/A - Passeport,AUTHORISED,2025-06-26,Conservation et administration de crypto-actifs pour le compte de clients | Exécution d’ordres sur crypto-actifs pour le compte de clients | Fourniture de conseils en crypto-actifs | Fourniture de services de gestion de portefeuille de crypto-actifs | Fourniture de services de transfert de crypto-actifs pour le compte de clients,acherontrading.com,https://www.data.gouv.fr/datasets/liste-blanche-des-prestataires-de-services-sur-actifs-numeriques-psan
AMF_FR,FR,ADVIJU INVESTISSEMENT SAS / FIBO,E2023-089,WITHDRAWN,2026-07-02,Radiation pour arrêt d’activité | Conservation d'actifs numériques | Achat/vente d'actifs numériques contre monnaie ayant cours légal | Echange d'actifs numériques contre d'autres actifs numériques,fibo-crypto.fr,https://www.data.gouv.fr/datasets/liste-blanche-des-prestataires-de-services-sur-actifs-numeriques-psan
AMF_FR,FR,ALPHACAP DIGITAL ASSETS SAS,A2026-021,AUTHORISED,2026-06-25,Conservation et administration de crypto-actifs pour le compte de clients | Fourniture de conseils en crypto-actifs | Fourniture de services de gestion de portefeuille de crypto-actifs | Fourniture de services de transfert de crypto-actifs pour le compte de clients,,https://www.data.gouv.fr/datasets/liste-blanche-des-prestataires-de-services-sur-actifs-numeriques-psan
AMF_FR,FR,ALPHACAP DIGITAL ASSETS SAS,E2023-091,WITHDRAWN,2026-06-25,Caducité pour cause de décision d’agrément MiCA | Conservation d'actifs numériques | Achat/vente d'actifs numériques contre monnaie ayant cours légal | Echange d'actifs numériques contre d'autres actifs numériques,alphacapdam.com,https://www.data.gouv.fr/datasets/liste-blanche-des-prestataires-de-services-sur-actifs-numeriques-psan
AMF_FR,FR,ALTCOINS BG EOOD,N/A - Passeport,AUTHORISED,2026-09-17,Conservation et administration de crypto-actifs pour le compte de clients | Échange de crypto-actifs contre des fonds | Échange de crypto-actifs contre d’autres crypto-actifs | Fourniture de services de transfert de crypto-actifs pour le compte de clients,altcoins.bg,https://www.data.gouv.fr/datasets/liste-blanche-des-prestataires-de-services-sur-actifs-numeriques-psan
AMF_FR,FR,AMBROSIA SAS / AMBRO,E2022-046,WITHDRAWN,2026-07-02,Radiation pour arrêt d’activité | Conservation d'actifs numériques | Achat/vente d'actifs numériques contre monnaie ayant cours légal | Echange d'actifs numériques contre d'autres actifs numériques,ambro-crypto.fr,https://www.data.gouv.fr/datasets/liste-blanche-des-prestataires-de-services-sur-actifs-numeriques-psan
AMF_FR,FR,AMDAX B.V.,N/A - Passeport,AUTHORISED,2025-09-15,Conservation et administration de crypto-actifs pour le compte de clients | Exécution d’ordres sur crypto-actifs pour le compte de clients | Fourniture de services de gestion de portefeuille de crypto-actifs | Fourniture de services de transfert de crypto-actifs pour le compte de clients,amdax.com,https://www.data.gouv.fr/datasets/liste-blanche-des-prestataires-de-services-sur-actifs-numeriques-psan
AMF_FR,FR,AMINA (AUSTRIA) AG,N/A - Passeport,AUTHORISED,2025-10-29,Conservation et administration de crypto-actifs pour le compte de clients | Échange de crypto-actifs contre des fonds | Échange de crypto-actifs contre d’autres crypto-actifs | Fourniture de services de gestion de portefeuille de crypto-actifs | Fourniture de services de transfert de crypto-actifs pour le compte de clients,aminagroup.com,https://www.data.gouv.fr/datasets/liste-blanche-des-prestataires-de-services-sur-actifs-numeriques-psan
AMF_FR,FR,APLO SAS,A2026-023,AUTHORISED,2026-06-30,Conservation et administration de crypto-actifs pour le compte de clients | Échange de crypto-actifs contre des fonds | Échange de crypto-actifs contre d’autres crypto-actifs | Exécution d’ordres sur crypto-actifs pour le compte de clients | Fourniture de services de transfert de crypto-actifs pour le compte de clients,aplo.io,https://www.data.gouv.fr/datasets/liste-blanche-des-prestataires-de-services-sur-actifs-numeriques-psan
AMF_FR,FR,APLO SAS (anciennement SHEELDMARKET SAS),E2020-005,WITHDRAWN,2026-06-30,Caducité pour cause de décision d’agrément MiCA | Conservation d'actifs numériques | Achat/vente d'actifs numériques contre monnaie ayant cours légal | Echange d'actifs numériques contre d'autres actifs numériques | Exploitation d'une plateforme de négociation d'actifs numériques,aplo.io,https://www.data.gouv.fr/datasets/liste-blanche-des-prestataires-de-services-sur-actifs-numeriques-psan
AMF_FR,FR,AS TWINO INVESTMENTS,N/A - Passeport,AUTHORISED,2027-03-01,Conservation et administration de crypto-actifs pour le compte de clients | Échange de crypto-actifs contre des fonds | Échange de crypto-actifs contre d’autres crypto-actifs | Exécution d’ordres sur crypto-actifs pour le compte de clients,twino.eu,https://www.data.gouv.fr/datasets/liste-blanche-des-prestataires-de-services-sur-actifs-numeriques-psan
AMF_FR,FR,AUTOMATA FRANCE SAS,E2023-087,WITHDRAWN,2026-06-30,Radiation pour non-respect des exigences de l'enregistrement | Conservation d'actifs numériques | Achat/vente d'actifs numériques contre monnaie ayant cours légal | Echange d'actifs numériques contre d'autres actifs numériques,vancelian.com,https://www.data.gouv.fr/datasets/liste-blanche-des-prestataires-de-services-sur-actifs-numeriques-psan
AMF_FR,FR,AVIANLABS NETHERLANDS B.V.,N/A - Passeport,AUTHORISED,2025-04-02,Échange de crypto-actifs contre des fonds | Échange de crypto-actifs contre d’autres crypto-actifs | Fourniture de services de transfert de crypto-actifs pour le compte de clients,sling.money,https://www.data.gouv.fr/datasets/liste-blanche-des-prestataires-de-services-sur-actifs-numeriques-psan
AMF_FR,FR,AXA INVESTMENT MANAGERS IF SA,E2023-065,WITHDRAWN,2024-09-09,Radiation pour arrêt d’activité | Conservation d'actifs numériques | Achat/vente d'actifs numériques contre monnaie ayant cours légal | Echange d'actifs numériques contre d'autres actifs numériques,axa-im.fr,https://www.data.gouv.fr/datasets/liste-blanche-des-prestataires-de-services-sur-actifs-numeriques-psan
AMF_FR,FR,B2C2 EUROPE SARL,N/A - Passeport,AUTHORISED,2026-05-20,Échange de crypto-actifs contre des fonds | Échange de crypto-actifs contre d’autres crypto-actifs | Exécution d’ordres sur crypto-actifs pour le compte de clients,b2c2.com,https://www.data.gouv.fr/datasets/liste-blanche-des-prestataires-de-services-sur-actifs-numeriques-psan
AMF_FR,FR,BAADER BANK AKTIENGESELLSCHAFT,N/A - Passeport,AUTHORISED,2025-06-24,Exécution d’ordres sur crypto-actifs pour le compte de clients,baaderbank.de,https://www.data.gouv.fr/datasets/liste-blanche-des-prestataires-de-services-sur-actifs-numeriques-psan
AMF_FR,FR,BANK FRICK AG,N/A - Passeport,AUTHORISED,2026-02-24,Conservation et administration de crypto-actifs pour le compte de clients | Exécution d’ordres sur crypto-actifs pour le compte de clients | Fourniture de services de transfert de crypto-actifs pour le compte de clients,bankfrick.li,https://www.data.gouv.fr/datasets/liste-blanche-des-prestataires-de-services-sur-actifs-numeriques-psan
AMF_FR,FR,BANKING CIRCLE S.A.,N/A - Passeport,AUTHORISED,2026-04-15,Échange de crypto-actifs contre des fonds | Échange de crypto-actifs contre d’autres crypto-actifs | Fourniture de services de transfert de crypto-actifs pour le compte de clients,bankingcircle.com,https://www.data.gouv.fr/datasets/liste-blanche-des-prestataires-de-services-sur-actifs-numeriques-psan
AMF_FR,FR,BANQUE DELUBAC ET CIE,E2022-033,WITHDRAWN,2025-10-23,Caducité pour cause de décision d’agrément MiCA | Conservation d'actifs numériques | Achat/vente d'actifs numériques contre monnaie ayant cours légal | Echange d'actifs numériques contre d'autres actifs numériques,delubac.com,https://www.data.gouv.fr/datasets/liste-blanche-des-prestataires-de-services-sur-actifs-numeriques-psan
AMF_FR,FR,BANQUE DELUBAC ET CIE,N2025-004,AUTHORISED,2025-10-23,Conservation et administration de crypto-actifs pour le compte de clients | Échange de crypto-actifs contre des fonds | Échange de crypto-actifs contre d’autres crypto-actifs | Exécution d’ordres sur crypto-actifs pour le compte de clients | Fourniture de conseils en crypto-actifs | Fourniture de services de gestion de portefeuille de crypto-actifs | Fourniture de services de transfert de crypto-actifs pour le compte de clients,delubac.com,https://www.data.gouv.fr/datasets/liste-blanche-des-prestataires-de-services-sur-actifs-numeriques-psan
AMF_FR,FR,BCB MARKETS (Europe) SAS,E2024-112,WITHDRAWN,2026-07-02,Radiation pour arrêt d’activité | Conservation d'actifs numériques | Achat/vente d'actifs numériques contre monnaie ayant cours légal | Echange d'actifs numériques contre d'autres actifs numériques,bcbgroup.com,https://www.data.gouv.fr/datasets/liste-blanche-des-prestataires-de-services-sur-actifs-numeriques-psan
AMF_FR,FR,BEQUANT PRO LIMITED,N/A - Passeport,AUTHORISED,2026-07-01,Conservation et administration de crypto-actifs pour le compte de clients | Échange de crypto-actifs contre des fonds | Échange de crypto-actifs contre d’autres crypto-actifs | Fourniture de services de transfert de crypto-actifs pour le compte de clients,bequant.pro,https://www.data.gouv.fr/datasets/liste-blanche-des-prestataires-de-services-sur-actifs-numeriques-psan
AMF_FR,FR,BINANCE France SAS,E2022-037,WITHDRAWN,2026-07-02,Radiation pour arrêt d’activité | Conservation d'actifs numériques | Achat/vente d'actifs numériques contre monnaie ayant cours légal | Echange d'actifs numériques contre d'autres actifs numériques | Exploitation d'une plateforme de négociation d'actifs numériques,binance.com,https://www.data.gouv.fr/datasets/liste-blanche-des-prestataires-de-services-sur-actifs-numeriques-psan
AMF_FR,FR,"BITCOINFORME, S.L.",N/A - Passeport,AUTHORISED,2025-10-31,Conservation et administration de crypto-actifs pour le compte de clients | Échange de crypto-actifs contre des fonds | Échange de crypto-actifs contre d’autres crypto-actifs | Exécution d’ordres sur crypto-actifs pour le compte de clients | Placement de crypto-actifs | Réception et transmission d’ordres sur crypto-actifs pour le compte de clients | Fourniture de services de transfert de crypto-actifs pour le compte de clients,bit2me.com,https://www.data.gouv.fr/datasets/liste-blanche-des-prestataires-de-services-sur-actifs-numeriques-psan
AMF_FR,FR,BITCOIN SUISSE (EUROPE) AG,N/A - Passeport,AUTHORISED,2026-06-24,Conservation et administration de crypto-actifs pour le compte de clients | Échange de crypto-actifs contre des fonds | Échange de crypto-actifs contre d’autres crypto-actifs | Exécution d’ordres sur crypto-actifs pour le compte de clients | La réception et transmission d'ordres sur actifs numériques pour le compte de tiers | Fourniture de services de transfert de crypto-actifs pour le compte de clients,bitcoinsuisse.com,https://www.data.gouv.fr/datasets/liste-blanche-des-prestataires-de-services-sur-actifs-numeriques-psan
AMF_FR,FR,BITFLYER EUROPE S.A.,N/A - Passeport,AUTHORISED,2026-06-26,Conservation et administration de crypto-actifs pour le compte de clients | Échange de crypto-actifs contre des fonds | Échange de crypto-actifs contre d’autres crypto-actifs | Exécution d’ordres sur crypto-actifs pour le compte de clients | Fourniture de services de transfert de crypto-actifs pour le compte de clients,bitflyer.com,https://www.data.gouv.fr/datasets/liste-blanche-des-prestataires-de-services-sur-actifs-numeriques-psan
AMF_FR,FR,BITGEN SAS,E2022-041,WITHDRAWN,2026-07-02,Radiation pour arrêt d’activité | Conservation d'actifs numériques | Achat/vente d'actifs numériques contre monnaie ayant cours légal | Echange d'actifs numériques contre d'autres actifs numériques,bitgen.com,https://www.data.gouv.fr/datasets/liste-blanche-des-prestataires-de-services-sur-actifs-numeriques-psan
AMF_FR,FR,BITGO EUROPE GMBH,N/A - Passeport,AUTHORISED,2025-09-21,Conservation et administration de crypto-actifs pour le compte de clients | Fourniture de services de transfert de crypto-actifs pour le compte de clients | Échange de crypto-actifs contre des fonds | Échange de crypto-actifs contre d’autres crypto-actifs | Exécution d’ordres sur crypto-actifs pour le compte de clients | Réception et transmission d’ordres sur crypto-actifs pour le compte de clients,bitgo.com,https://www.data.gouv.fr/datasets/liste-blanche-des-prestataires-de-services-sur-actifs-numeriques-psan
AMF_FR,FR,BITONIC B.V.,N/A - Passeport,AUTHORISED,2025-11-21,Conservation et administration de crypto-actifs pour le compte de clients | Échange de crypto-actifs contre des fonds | Exécution d’ordres sur crypto-actifs pour le compte de clients | Fourniture de services de transfert de crypto-actifs pour le compte de clients,bitonic.nl,https://www.data.gouv.fr/datasets/liste-blanche-des-prestataires-de-services-sur-actifs-numeriques-psan
AMF_FR,FR,BITPANDA ASSET MANAGEMENT GMBH,N/A - Passeport,AUTHORISED,2025-02-21,Conservation et administration de crypto-actifs pour le compte de clients | Échange de crypto-actifs contre des fonds | Échange de crypto-actifs contre d’autres crypto-actifs | Fourniture de services de transfert de crypto-actifs pour le compte de clients,bitpanda.com,https://www.data.gouv.fr/datasets/liste-blanche-des-prestataires-de-services-sur-actifs-numeriques-psan
AMF_FR,FR,BITPANDA GmbH,E2023-076,WITHDRAWN,2025-04-14,Caducité pour cause de décision d’agrément MiCA | Conservation d'actifs numériques | Achat/vente d'actifs numériques contre monnaie ayant cours légal | Echange d'actifs numériques contre d'autres actifs numériques,bitpanda.com,https://www.data.gouv.fr/datasets/liste-blanche-des-prestataires-de-services-sur-actifs-numeriques-psan
AMF_FR,FR,BITPANDA GMBH,E2020-006,WITHDRAWN,2023-05-30,"Radiation suite à une restructuration au niveau du groupe Bitpanda. L’entité Bitpanda GmbH a été radiée au profit de la nouvelle entité du même nom, enregistrée en tant que PSAN le 30/05/2023 sous le numéro E2023-076. | Conservation d'actifs numériques | Achat/vente d'actifs numériques contre monnaie ayant cours légal | Echange d'actifs numériques contre d'autres actifs numériques",bitpanda.com,https://www.data.gouv.fr/datasets/liste-blanche-des-prestataires-de-services-sur-actifs-numeriques-psan
AMF_FR,FR,BITPANDA GMBH,N/A - Passeport,AUTHORISED,2025-04-14,Conservation et administration de crypto-actifs pour le compte de clients | Échange de crypto-actifs contre des fonds | Échange de crypto-actifs contre d’autres crypto-actifs | Exécution d’ordres sur crypto-actifs pour le compte de clients | Placement de crypto-actifs | Réception et transmission d’ordres sur crypto-actifs pour le compte de clients | Fourniture de services de transfert de crypto-actifs pour le compte de clients,bitpanda.com,https://www.data.gouv.fr/datasets/liste-blanche-des-prestataires-de-services-sur-actifs-numeriques-psan
AMF_FR,FR,BITPAY B.V.,N/A - Passeport,AUTHORISED,2026-07-15,Échange de crypto-actifs contre des fonds | Fourniture de services de transfert de crypto-actifs pour le compte de clients,bitpay.com,https://www.data.gouv.fr/datasets/liste-blanche-des-prestataires-de-services-sur-actifs-numeriques-psan
AMF_FR,FR,BITSTACK DIGITAL ASSETS SAS,A2025-003,AUTHORISED,2025-06-30,Conservation et administration de crypto-actifs pour le compte de clients | Échange de crypto-actifs contre des fonds | Échange de crypto-actifs contre d’autres crypto-actifs | Exécution d’ordres sur crypto-actifs pour le compte de clients | Fourniture de services de transfert de crypto-actifs pour le compte de clients,bitstack-app.com,https://www.data.gouv.fr/datasets/liste-blanche-des-prestataires-de-services-sur-actifs-numeriques-psan
AMF_FR,FR,BITSTACK SAS,E2021-027,WITHDRAWN,2025-06-30,Caducité pour cause de décision d’agrément MiCA | Conservation d'actifs numériques | Achat/vente d'actifs numériques contre monnaie ayant cours légal,bitstack-app.com,https://www.data.gouv.fr/datasets/liste-blanche-des-prestataires-de-services-sur-actifs-numeriques-psan
AMF_FR,FR,BITSTAMP EUROPE S.A.,E2023-064,WITHDRAWN,2025-05-15,Caducité pour cause de décision d’agrément MiCA | Conservation d'actifs numériques | Achat/vente d'actifs numériques contre monnaie ayant cours légal | Echange d'actifs numériques contre d'autres actifs numériques | Exploitation d'une plateforme de négociation d'actifs numériques,bitstamp.net,https://www.data.gouv.fr/datasets/liste-blanche-des-prestataires-de-services-sur-actifs-numeriques-psan
AMF_FR,FR,BITSTAMP EUROPE S.A.,N/A - Passeport,AUTHORISED,2025-05-15,Conservation et administration de crypto-actifs pour le compte de clients | Exploitation d’une plate-forme de négociation de crypto-actifs | Échange de crypto-actifs contre des fonds | Échange de crypto-actifs contre d’autres crypto-actifs | Exécution d’ordres sur crypto-actifs pour le compte de clients | Réception et transmission d’ordres sur crypto-actifs pour le compte de clients | Fourniture de services de transfert de crypto-actifs pour le compte de clients,bitstamp.net,https://www.data.gouv.fr/datasets/liste-blanche-des-prestataires-de-services-sur-actifs-numeriques-psan
AMF_FR,FR,BITVAVO B.V.,E2023-101,WITHDRAWN,2025-07-14,Caducité pour cause de décision d’agrément MiCA | Conservation d'actifs numériques | Achat/vente d'actifs numériques contre monnaie ayant cours légal | Exploitation d'une plateforme de négociation d'actifs numériques,bitvavo.com,https://www.data.gouv.fr/datasets/liste-blanche-des-prestataires-de-services-sur-actifs-numeriques-psan
AMF_FR,FR,BITVAVO B.V.,N/A - Passeport,AUTHORISED,2025-07-14,Conservation et administration de crypto-actifs pour le compte de clients | Exploitation d’une plate-forme de négociation de crypto-actifs | Fourniture de services de transfert de crypto-actifs pour le compte de clients,bitvavo.com,https://www.data.gouv.fr/datasets/liste-blanche-des-prestataires-de-services-sur-actifs-numeriques-psan
AMF_FR,FR,BLEAP SIA,N/A - Passeport,AUTHORISED,2026-06-15,Échange de crypto-actifs contre des fonds | Échange de crypto-actifs contre d’autres crypto-actifs,bleap.finance,https://www.data.gouv.fr/datasets/liste-blanche-des-prestataires-de-services-sur-actifs-numeriques-psan
AMF_FR,FR,BLOCKBEN SIA,N/A - Passeport,AUTHORISED,2025-12-19,Conservation et administration de crypto-actifs pour le compte de clients | Échange de crypto-actifs contre des fonds | Échange de crypto-actifs contre d’autres crypto-actifs | Placement de crypto-actifs | Fourniture de services de transfert de crypto-actifs pour le compte de clients,blockben.com,https://www.data.gouv.fr/datasets/liste-blanche-des-prestataires-de-services-sur-actifs-numeriques-psan
AMF_FR,FR,BLOCKCHAIN.COM OPERATIONS (MALTA) LIMITED,N/A - Passeport,AUTHORISED,2025-12-01,Conservation et administration de crypto-actifs pour le compte de clients | Échange de crypto-actifs contre des fonds | Échange de crypto-actifs contre d’autres crypto-actifs | Exécution d’ordres sur crypto-actifs pour le compte de clients | Fourniture de services de transfert de crypto-actifs pour le compte de clients,blockchain.com,https://www.data.gouv.fr/datasets/liste-blanche-des-prestataires-de-services-sur-actifs-numeriques-psan
AMF_FR,FR,BLOCKCHAIN PROCESS SECURITY (B.P.S.) SAS,A2026-029,AUTHORISED,2026-07-24,Conservation et administration de crypto-actifs pour le compte de clients | Échange de crypto-actifs contre des fonds | Échange de crypto-actifs contre d’autres crypto-actifs | Exécution d’ordres sur crypto-actifs pour le compte de clients | Fourniture de services de gestion de portefeuille de crypto-actifs | Fourniture de services de transfert de crypto-actifs pour le compte de clients,,https://www.data.gouv.fr/datasets/liste-blanche-des-prestataires-de-services-sur-actifs-numeriques-psan
AMF_FR,FR,BLOCKCHAIN PROCESS SECURITY SAS / FEEL MINING,E2021-022,WITHDRAWN,2026-07-02,Radiation pour arrêt d’activité | Conservation d'actifs numériques | Echange d'actifs numériques contre d'autres actifs numériques | Achat/vente d'actifs numériques contre monnaie ayant cours légal,feel-mining.com,https://www.data.gouv.fr/datasets/liste-blanche-des-prestataires-de-services-sur-actifs-numeriques-psan
AMF_FR,FR,BLOCKNODES SAS,A2026-011,AUTHORISED,2026-03-05,Conservation et administration de crypto-actifs pour le compte de clients | Exécution d’ordres sur crypto-actifs pour le compte de clients | Placement de crypto-actifs | Fourniture de conseils en crypto-actifs | Fourniture de services de gestion de portefeuille de crypto-actifs | Fourniture de services de transfert de crypto-actifs pour le compte de clients,swissborg.com,https://www.data.gouv.fr/datasets/liste-blanche-des-prestataires-de-services-sur-actifs-numeriques-psan
AMF_FR,FR,BLOCKRISE CAPITAL B.V.,N/A - Passeport,AUTHORISED,2025-11-25,Conservation et administration de crypto-actifs pour le compte de clients | Exécution d’ordres sur crypto-actifs pour le compte de clients | Fourniture de services de gestion de portefeuille de crypto-actifs | Fourniture de services de transfert de crypto-actifs pour le compte de clients,blockrise.com,https://www.data.gouv.fr/datasets/liste-blanche-des-prestataires-de-services-sur-actifs-numeriques-psan
AMF_FR,FR,BLOX B.V.,N/A - Passeport,AUTHORISED,2026-05-19,Conservation et administration de crypto-actifs pour le compte de clients | Échange de crypto-actifs contre des fonds | Fourniture de services de transfert de crypto-actifs pour le compte de clients,weareblox.com,https://www.data.gouv.fr/datasets/liste-blanche-des-prestataires-de-services-sur-actifs-numeriques-psan
AMF_FR,FR,BOERSE STUTTGART DIGITAL CUSTODY GMBH,N/A - Passeport,AUTHORISED,2025-05-01,Conservation et administration de crypto-actifs pour le compte de clients | Fourniture de services de transfert de crypto-actifs pour le compte de clients,bsdex.de,https://www.data.gouv.fr/datasets/liste-blanche-des-prestataires-de-services-sur-actifs-numeriques-psan
AMF_FR,FR,BPIFRANCE INVESTISSEMENT,N2026-006,AUTHORISED,2026-06-18,Fourniture de conseils en crypto-actifs,bpifrance.fr,https://www.data.gouv.fr/datasets/liste-blanche-des-prestataires-de-services-sur-actifs-numeriques-psan
AMF_FR,FR,BRIDGE BUILDING S.A.,N/A - Passeport,AUTHORISED,2026-06-29,Conservation et administration de crypto-actifs pour le compte de clients | Échange de crypto-actifs contre des fonds | Échange de crypto-actifs contre d’autres crypto-actifs | Fourniture de services de transfert de crypto-actifs pour le compte de clients,bridge.xyz,https://www.data.gouv.fr/datasets/liste-blanche-des-prestataires-de-services-sur-actifs-numeriques-psan
AMF_FR,FR,BRILLIANTSCOPE TRADING LTD,N/A - Passeport,AUTHORISED,2026-07-03,Conservation et administration de crypto-actifs pour le compte de clients | Échange de crypto-actifs contre des fonds | Échange de crypto-actifs contre d’autres crypto-actifs | Exécution d’ordres sur crypto-actifs pour le compte de clients | Placement de crypto-actifs | La réception et transmission d'ordres sur actifs numériques pour le compte de tiers | Fourniture de services de transfert de crypto-actifs pour le compte de clients,tothemoon.com,https://www.data.gouv.fr/datasets/liste-blanche-des-prestataires-de-services-sur-actifs-numeriques-psan
AMF_FR,FR,BTC DIRECT EUROPE B.V.,N/A - Passeport,AUTHORISED,2025-06-18,Échange de crypto-actifs contre des fonds | Fourniture de services de transfert de crypto-actifs pour le compte de clients | Échange de crypto-actifs contre d’autres crypto-actifs,btcdirect.eu,https://www.data.gouv.fr/datasets/liste-blanche-des-prestataires-de-services-sur-actifs-numeriques-psan
AMF_FR,FR,BTC DIRECT EUROPE B.V.,E2023-068,WITHDRAWN,2025-06-18,Caducité pour cause de décision d’agrément MiCA | Achat/vente d'actifs numériques contre monnaie ayant cours légal,btcdirect.eu,https://www.data.gouv.fr/datasets/liste-blanche-des-prestataires-de-services-sur-actifs-numeriques-psan
AMF_FR,FR,BULLISH EUROPE GMBH,N/A - Passeport,AUTHORISED,2025-09-04,Conservation et administration de crypto-actifs pour le compte de clients | Échange de crypto-actifs contre des fonds | Échange de crypto-actifs contre d’autres crypto-actifs | Exécution d’ordres sur crypto-actifs pour le compte de clients | Fourniture de services de transfert de crypto-actifs pour le compte de clients,bullish.com,https://www.data.gouv.fr/datasets/liste-blanche-des-prestataires-de-services-sur-actifs-numeriques-psan
AMF_FR,FR,BUX ALTERNATIVE INVESTMENTS B.V,E2022-061,WITHDRAWN,2024-04-30,Radiation pour arrêt d’activité | Conservation d'actifs numériques | Achat/vente d'actifs numériques contre monnaie ayant cours légal | Echange d'actifs numériques contre d'autres actifs numériques,getbux.com,https://www.data.gouv.fr/datasets/liste-blanche-des-prestataires-de-services-sur-actifs-numeriques-psan
AMF_FR,FR,BYBIT EU GMBH,N/A - Passeport,AUTHORISED,2025-05-28,Conservation et administration de crypto-actifs pour le compte de clients | Échange de crypto-actifs contre des fonds | Échange de crypto-actifs contre d’autres crypto-actifs | Placement de crypto-actifs | Fourniture de services de transfert de crypto-actifs pour le compte de clients,bybit.eu,https://www.data.gouv.fr/datasets/liste-blanche-des-prestataires-de-services-sur-actifs-numeriques-psan
AMF_FR,FR,BYKEP SAS (anciennement KEPLERK BLOCKCHAIN SAS),E2021-009,WITHDRAWN,2022-09-27,Radiation pour manquement | Conservation d'actifs numériques | Achat/vente d'actifs numériques contre monnaie ayant cours légal,,https://www.data.gouv.fr/datasets/liste-blanche-des-prestataires-de-services-sur-actifs-numeriques-psan
AMF_FR,FR,CACEIS BANK,E2023-080,WITHDRAWN,2025-06-23,Caducité pour cause d'autorisation via une notification MiCA | Conservation d'actifs numériques,caceis.com,https://www.data.gouv.fr/datasets/liste-blanche-des-prestataires-de-services-sur-actifs-numeriques-psan
AMF_FR,FR,CACEIS BANK,N2025-001,AUTHORISED,2025-06-23,Conservation et administration de crypto-actifs pour le compte de clients | Réception et transmission d’ordres sur crypto-actifs pour le compte de clients | Fourniture de services de transfert de crypto-actifs pour le compte de clients,caceis.com,https://www.data.gouv.fr/datasets/liste-blanche-des-prestataires-de-services-sur-actifs-numeriques-psan
AMF_FR,FR,CAISSE DES DEPOTS ET CONSIGNATIONS,E2021-023,WITHDRAWN,2026-07-02,Radiation pour arrêt d’activité | Conservation d'actifs numériques,,https://www.data.gouv.fr/datasets/liste-blanche-des-prestataires-de-services-sur-actifs-numeriques-psan
AMF_FR,FR,CAPITAL VAULT LTD,N/A - Passeport,AUTHORISED,2026-05-04,Conservation et administration de crypto-actifs pour le compte de clients | Échange de crypto-actifs contre des fonds | Échange de crypto-actifs contre d’autres crypto-actifs | Exécution d’ordres sur crypto-actifs pour le compte de clients | Fourniture de services de transfert de crypto-actifs pour le compte de clients,capital.com,https://www.data.gouv.fr/datasets/liste-blanche-des-prestataires-de-services-sur-actifs-numeriques-psan
AMF_FR,FR,CARTEZI TECHNOLOGY SAS,E2022-029,WITHDRAWN,2026-07-02,Radiation pour arrêt d’activité | Conservation d'actifs numériques | Achat/vente d'actifs numériques contre monnaie ayant cours légal,danapay.com,https://www.data.gouv.fr/datasets/liste-blanche-des-prestataires-de-services-sur-actifs-numeriques-psan
AMF_FR,FR,CELSION BANK AG,N/A - Passeport,AUTHORISED,2026-04-15,Conservation et administration de crypto-actifs pour le compte de clients | Échange de crypto-actifs contre des fonds | Échange de crypto-actifs contre d’autres crypto-actifs | Fourniture de services de transfert de crypto-actifs pour le compte de clients,celsion-bank.com,https://www.data.gouv.fr/datasets/liste-blanche-des-prestataires-de-services-sur-actifs-numeriques-psan
AMF_FR,FR,CF TECHNOLOGIES LIMITED,N/A - Passeport,AUTHORISED,2026-07-02,Conservation et administration de crypto-actifs pour le compte de clients | Échange de crypto-actifs contre des fonds | Échange de crypto-actifs contre d’autres crypto-actifs | Fourniture de services de transfert de crypto-actifs pour le compte de clients,xcoins.com,https://www.data.gouv.fr/datasets/liste-blanche-des-prestataires-de-services-sur-actifs-numeriques-psan
AMF_FR,FR,CHANGE SECURITIES B.V.,N/A - Passeport,AUTHORISED,2026-05-01,Conservation et administration de crypto-actifs pour le compte de clients | Échange de crypto-actifs contre des fonds | Exécution d’ordres sur crypto-actifs pour le compte de clients,changeinvest.com,https://www.data.gouv.fr/datasets/liste-blanche-des-prestataires-de-services-sur-actifs-numeriques-psan
AMF_FR,FR,CIFRALFABETO LDA,E2023-104,WITHDRAWN,2026-07-02,Radiation pour arrêt d’activité | Conservation d'actifs numériques | Achat/vente d'actifs numériques contre monnaie ayant cours légal | Echange d'actifs numériques contre d'autres actifs numériques,xportal.com,https://www.data.gouv.fr/datasets/liste-blanche-des-prestataires-de-services-sur-actifs-numeriques-psan
AMF_FR,FR,CIRCLE INTERNET FINANCIAL EUROPE SAS,E2024-111,WITHDRAWN,2026-04-23,Caducité pour cause de décision d’agrément MiCA | Echange d'actifs numériques contre d'autres actifs numériques | Conservation d'actifs numériques,circle.com,https://www.data.gouv.fr/datasets/liste-blanche-des-prestataires-de-services-sur-actifs-numeriques-psan
AMF_FR,FR,CIRCLE INTERNET FINANCIAL EUROPE SAS,N2026-005,AUTHORISED,2026-04-23,Conservation et administration de crypto-actifs pour le compte de clients | Fourniture de services de transfert de crypto-actifs pour le compte de clients,circle.com,https://www.data.gouv.fr/datasets/liste-blanche-des-prestataires-de-services-sur-actifs-numeriques-psan
AMF_FR,FR,CLEARSTREAM BANKING S.A.,N/A - Passeport,AUTHORISED,2025-04-07,Conservation et administration de crypto-actifs pour le compte de clients,clearstream.com,https://www.data.gouv.fr/datasets/liste-blanche-des-prestataires-de-services-sur-actifs-numeriques-psan
AMF_FR,FR,CLIMB SAS (anciennement OPTIMISATION TECHNOLOGIES SAS),E2023-067,WITHDRAWN,2026-07-02,Radiation pour arrêt d’activité | Conservation d'actifs numériques | Achat/vente d'actifs numériques contre monnaie ayant cours légal | Echange d'actifs numériques contre d'autres actifs numériques,weareclimb.fr,https://www.data.gouv.fr/datasets/liste-blanche-des-prestataires-de-services-sur-actifs-numeriques-psan
AMF_FR,FR,CLOVERUM FINANCE (CY) LIMITED,N/A - Passeport,AUTHORISED,2026-07-31,Conservation et administration de crypto-actifs pour le compte de clients | Échange de crypto-actifs contre des fonds | Échange de crypto-actifs contre d’autres crypto-actifs | Exécution d’ordres sur crypto-actifs pour le compte de clients | Réception et transmission d’ordres sur crypto-actifs pour le compte de clients | Fourniture de services de transfert de crypto-actifs pour le compte de clients,cloverum.com,https://www.data.gouv.fr/datasets/liste-blanche-des-prestataires-de-services-sur-actifs-numeriques-psan
AMF_FR,FR,COINBASE CUSTODY INTERNATIONAL LIMITED,E2023-109,WITHDRAWN,2026-04-02,Caducité pour cause de décision d’agrément MiCA | Conservation d'actifs numériques,coinbase.com,https://www.data.gouv.fr/datasets/liste-blanche-des-prestataires-de-services-sur-actifs-numeriques-psan
AMF_FR,FR,COINBASE EUROPE LIMITED,E2023-110,WITHDRAWN,2026-04-02,Caducité pour cause de décision d’agrément MiCA | Conservation d'actifs numériques | Achat/vente d'actifs numériques contre monnaie ayant cours légal | Echange d'actifs numériques contre d'autres actifs numériques,coinbase.com,https://www.data.gouv.fr/datasets/liste-blanche-des-prestataires-de-services-sur-actifs-numeriques-psan
AMF_FR,FR,COINBASE LUXEMBOURG S.A.,N/A - Passeport,AUTHORISED,2025-06-20,Conservation et administration de crypto-actifs pour le compte de clients | Échange de crypto-actifs contre des fonds | Échange de crypto-actifs contre d’autres crypto-actifs | Exécution d’ordres sur crypto-actifs pour le compte de clients | Placement de crypto-actifs | Réception et transmission d’ordres sur crypto-actifs pour le compte de clients | Fourniture de services de transfert de crypto-actifs pour le compte de clients,coinbase.com,https://www.data.gouv.fr/datasets/liste-blanche-des-prestataires-de-services-sur-actifs-numeriques-psan
AMF_FR,FR,COINHOUSE CUSTODY SERVICES SAS,E2020-002,WITHDRAWN,2026-06-30,Radiation pour arrêt d’activité | Conservation d'actifs numériques,coinhouse.com,https://www.data.gouv.fr/datasets/liste-blanche-des-prestataires-de-services-sur-actifs-numeriques-psan
AMF_FR,FR,COINHOUSE SAS,E2020-001,WITHDRAWN,2026-05-07,Caducité pour cause de décision d’agrément MiCA | Conservation d'actifs numériques | Achat/vente d'actifs numériques contre monnaie ayant cours légal | Echange d'actifs numériques contre d'autres actifs numériques,coinhouse.com,https://www.data.gouv.fr/datasets/liste-blanche-des-prestataires-de-services-sur-actifs-numeriques-psan
AMF_FR,FR,COINHOUSE SAS,A2026-013,AUTHORISED,2026-05-07,Conservation et administration de crypto-actifs pour le compte de clients | Échange de crypto-actifs contre des fonds | Échange de crypto-actifs contre d’autres crypto-actifs | Exécution d’ordres sur crypto-actifs pour le compte de clients | Fourniture de conseils en crypto-actifs | Fourniture de services de gestion de portefeuille de crypto-actifs | Fourniture de services de transfert de crypto-actifs pour le compte de clients,coinhouse.com,https://www.data.gouv.fr/datasets/liste-blanche-des-prestataires-de-services-sur-actifs-numeriques-psan
AMF_FR,FR,COINIFY APS,N/A - Passeport,AUTHORISED,2026-05-29,Échange de crypto-actifs contre des fonds | Échange de crypto-actifs contre d’autres crypto-actifs | Exécution d’ordres sur crypto-actifs pour le compte de clients | Fourniture de services de transfert de crypto-actifs pour le compte de clients,coinify.com,https://www.data.gouv.fr/datasets/liste-blanche-des-prestataires-de-services-sur-actifs-numeriques-psan
AMF_FR,FR,COINJAR EUROPE LIMITED,N/A - Passeport,AUTHORISED,2025-12-09,Conservation et administration de crypto-actifs pour le compte de clients | Échange de crypto-actifs contre des fonds | Échange de crypto-actifs contre d’autres crypto-actifs | Fourniture de services de transfert de crypto-actifs pour le compte de clients,coinjar.com,https://www.data.gouv.fr/datasets/liste-blanche-des-prestataires-de-services-sur-actifs-numeriques-psan
AMF_FR,FR,COINMATE A.S.,N/A - Passeport,AUTHORISED,2026-06-03,Conservation et administration de crypto-actifs pour le compte de clients | Exploitation d’une plate-forme de négociation de crypto-actifs | Échange de crypto-actifs contre des fonds | Échange de crypto-actifs contre d’autres crypto-actifs | Fourniture de services de transfert de crypto-actifs pour le compte de clients,coinmate.io,https://www.data.gouv.fr/datasets/liste-blanche-des-prestataires-de-services-sur-actifs-numeriques-psan
AMF_FR,FR,COIN MEESTER B.V. / KRAKEN,E2022-058,WITHDRAWN,2026-06-02,Radiation pour arrêt d’activité | Conservation d'actifs numériques | Achat/vente d'actifs numériques contre monnaie ayant cours légal | Echange d'actifs numériques contre d'autres actifs numériques,bitladon.com,https://www.data.gouv.fr/datasets/liste-blanche-des-prestataires-de-services-sur-actifs-numeriques-psan
AMF_FR,FR,COINMERCE B.V.,N/A - Passeport,AUTHORISED,2025-11-05,Conservation et administration de crypto-actifs pour le compte de clients | Échange de crypto-actifs contre des fonds | Échange de crypto-actifs contre d’autres crypto-actifs | Fourniture de services de transfert de crypto-actifs pour le compte de clients,coinmerce.io,https://www.data.gouv.fr/datasets/liste-blanche-des-prestataires-de-services-sur-actifs-numeriques-psan
AMF_FR,FR,COINMERCE SAS,E2023-100,WITHDRAWN,2026-04-02,Caducité pour cause de décision d’agrément MiCA | Conservation d'actifs numériques | Achat/vente d'actifs numériques contre monnaie ayant cours légal | Echange d'actifs numériques contre d'autres actifs numériques,coinmerce.io,https://www.data.gouv.fr/datasets/liste-blanche-des-prestataires-de-services-sur-actifs-numeriques-psan
AMF_FR,FR,COINSHARES ASSET MANAGEMENT,N2025-002,AUTHORISED,2025-07-17,Fourniture de conseils en crypto-actifs | Fourniture de services de gestion de portefeuille de crypto-actifs,coinshares.com,https://www.data.gouv.fr/datasets/liste-blanche-des-prestataires-de-services-sur-actifs-numeriques-psan
AMF_FR,FR,COLLECT & EXCHANGE CY LTD,N/A - Passeport,AUTHORISED,2025-12-01,Conservation et administration de crypto-actifs pour le compte de clients | Échange de crypto-actifs contre des fonds | Échange de crypto-actifs contre d’autres crypto-actifs | Fourniture de services de transfert de crypto-actifs pour le compte de clients,collectnexchange.cy,https://www.data.gouv.fr/datasets/liste-blanche-des-prestataires-de-services-sur-actifs-numeriques-psan
AMF_FR,FR,COMETH SAS,E2024-113,WITHDRAWN,2025-12-04,Caducité pour cause de décision d’agrément MiCA | Conservation d'actifs numériques | Echange d'actifs numériques contre d'autres actifs numériques,cometh.io,https://www.data.gouv.fr/datasets/liste-blanche-des-prestataires-de-services-sur-actifs-numeriques-psan
AMF_FR,FR,COMETH SAS,A2025-008,AUTHORISED,2025-12-04,Conservation et administration de crypto-actifs pour le compte de clients | Échange de crypto-actifs contre d’autres crypto-actifs | Fourniture de services de transfert de crypto-actifs pour le compte de clients,cometh.io,https://www.data.gouv.fr/datasets/liste-blanche-des-prestataires-de-services-sur-actifs-numeriques-psan
AMF_FR,FR,CONFIRMO LIMITED,N/A - Passeport,AUTHORISED,2025-12-16,Échange de crypto-actifs contre des fonds | Échange de crypto-actifs contre d’autres crypto-actifs | Fourniture de services de transfert de crypto-actifs pour le compte de clients,confirmo.eu,https://www.data.gouv.fr/datasets/liste-blanche-des-prestataires-de-services-sur-actifs-numeriques-psan
AMF_FR,FR,CPS EUROPE S.A.,N/A - Passeport,AUTHORISED,2026-10-01,Conservation et administration de crypto-actifs pour le compte de clients | Échange de crypto-actifs contre des fonds | Échange de crypto-actifs contre d’autres crypto-actifs | Exécution d’ordres sur crypto-actifs pour le compte de clients | Fourniture de services de gestion de portefeuille de crypto-actifs,enum8.com,https://www.data.gouv.fr/datasets/liste-blanche-des-prestataires-de-services-sur-actifs-numeriques-psan
AMF_FR,FR,"CRIPTAN TRADE, S.L.",N/A - Passeport,AUTHORISED,2026-07-09,Conservation et administration de crypto-actifs pour le compte de clients | Échange de crypto-actifs contre des fonds | Échange de crypto-actifs contre d’autres crypto-actifs | Fourniture de services de transfert de crypto-actifs pour le compte de clients,criptan.com,https://www.data.gouv.fr/datasets/liste-blanche-des-prestataires-de-services-sur-actifs-numeriques-psan
AMF_FR,FR,"CROSSMINT EUROPE, S.L.",N/A - Passeport,AUTHORISED,2026-06-26,Conservation et administration de crypto-actifs pour le compte de clients | Échange de crypto-actifs contre des fonds | Fourniture de services de transfert de crypto-actifs pour le compte de clients,crossmint.com,https://www.data.gouv.fr/datasets/liste-blanche-des-prestataires-de-services-sur-actifs-numeriques-psan
AMF_FR,FR,CRYPCOOL SAS,E2023-096,WITHDRAWN,2026-07-02,Radiation pour arrêt d’activité | Conservation d'actifs numériques | Achat/vente d'actifs numériques contre monnaie ayant cours légal,crypcool.com,https://www.data.gouv.fr/datasets/liste-blanche-des-prestataires-de-services-sur-actifs-numeriques-psan
AMF_FR,FR,CRYPTECH SOLUTIONS SAS,E2022-043,WITHDRAWN,2026-06-01,Radiation pour non-respect des exigences de l'enregistrement | Conservation d'actifs numériques | Achat/vente d'actifs numériques contre monnaie ayant cours légal | Echange d'actifs numériques contre d'autres actifs numériques,cryptech.fr,https://www.data.gouv.fr/datasets/liste-blanche-des-prestataires-de-services-sur-actifs-numeriques-psan
AMF_FR,FR,CRYPTO FINANCE (DEUTSCHLAND) GMBH,N/A - Passeport,AUTHORISED,2025-03-01,Conservation et administration de crypto-actifs pour le compte de clients | Échange de crypto-actifs contre des fonds | Échange de crypto-actifs contre d’autres crypto-actifs | Exécution d’ordres sur crypto-actifs pour le compte de clients | Fourniture de services de transfert de crypto-actifs pour le compte de clients,crypto-finance.com,https://www.data.gouv.fr/datasets/liste-blanche-des-prestataires-de-services-sur-actifs-numeriques-psan
AMF_FR,FR,CRYPTONOW GMBH,N/A - Passeport,AUTHORISED,2025-10-15,Conservation et administration de crypto-actifs pour le compte de clients | Échange de crypto-actifs contre des fonds | Échange de crypto-actifs contre d’autres crypto-actifs | Fourniture de services de transfert de crypto-actifs pour le compte de clients,cryptonow.at,https://www.data.gouv.fr/datasets/liste-blanche-des-prestataires-de-services-sur-actifs-numeriques-psan
AMF_FR,FR,CRYPTOSIMPLE SAS,E2021-024,WITHDRAWN,2026-07-02,Radiation pour arrêt d’activité | Conservation d'actifs numériques | Achat/vente d'actifs numériques contre monnaie ayant cours légal | Echange d'actifs numériques contre d'autres actifs numériques,cryptosimple.app,https://www.data.gouv.fr/datasets/liste-blanche-des-prestataires-de-services-sur-actifs-numeriques-psan
AMF_FR,FR,DAMEX DIGITAL LTD,N/A - Passeport,AUTHORISED,2026-06-18,Conservation et administration de crypto-actifs pour le compte de clients | Échange de crypto-actifs contre des fonds | Échange de crypto-actifs contre d’autres crypto-actifs | Exécution d’ordres sur crypto-actifs pour le compte de clients | Fourniture de services de transfert de crypto-actifs pour le compte de clients,damex.io,https://www.data.gouv.fr/datasets/liste-blanche-des-prestataires-de-services-sur-actifs-numeriques-psan
AMF_FR,FR,DAVENSI SAS (anciennement LORD SERVICES SA),E2023-063,WITHDRAWN,2026-07-02,Radiation pour arrêt d’activité | Conservation d'actifs numériques | Achat/vente d'actifs numériques contre monnaie ayant cours légal | Echange d'actifs numériques contre d'autres actifs numériques | Exploitation d'une plateforme de négociation d'actifs numériques,davensi.com,https://www.data.gouv.fr/datasets/liste-blanche-des-prestataires-de-services-sur-actifs-numeriques-psan
AMF_FR,FR,DEBLOCK SAS,E2023-081,WITHDRAWN,2024-11-22,Caducité pour cause de décision d’agrément Pacte | Achat/vente d'actifs numériques contre monnaie ayant cours légal | Echange d'actifs numériques contre d'autres actifs numériques,deblock.com,https://www.data.gouv.fr/datasets/liste-blanche-des-prestataires-de-services-sur-actifs-numeriques-psan
AMF_FR,FR,DEBLOCK SAS,A2025-001,AUTHORISED,2025-05-23,Échange de crypto-actifs contre des fonds | Échange de crypto-actifs contre d’autres crypto-actifs | Exécution d’ordres sur crypto-actifs pour le compte de clients,deblock.com,https://www.data.gouv.fr/datasets/liste-blanche-des-prestataires-de-services-sur-actifs-numeriques-psan
AMF_FR,FR,DEBLOCK SAS,A2024-002,WITHDRAWN,2025-05-23,Caducité pour cause de décision d’agrément MiCA | Achat/vente d'actifs numériques contre monnaie ayant cours légal | Echange d'actifs numériques contre d'autres actifs numériques,deblock.com,https://www.data.gouv.fr/datasets/liste-blanche-des-prestataires-de-services-sur-actifs-numeriques-psan
AMF_FR,FR,"DECENTRALIZED, UAB",N/A - Passeport,AUTHORISED,2025-12-16,Conservation et administration de crypto-actifs pour le compte de clients | Échange de crypto-actifs contre des fonds | Échange de crypto-actifs contre d’autres crypto-actifs | Fourniture de services de transfert de crypto-actifs pour le compte de clients,coingate.com,https://www.data.gouv.fr/datasets/liste-blanche-des-prestataires-de-services-sur-actifs-numeriques-psan
AMF_FR,FR,DECUBATE B.V.,N/A - Passeport,WITHDRAWN,2026-03-26,Conservation et administration de crypto-actifs pour le compte de clients | Exécution d’ordres sur crypto-actifs pour le compte de clients | Placement de crypto-actifs,decubate.com,https://www.data.gouv.fr/datasets/liste-blanche-des-prestataires-de-services-sur-actifs-numeriques-psan
AMF_FR,FR,DESKOIN SAS,A2026-012,AUTHORISED,2026-04-28,Conservation et administration de crypto-actifs pour le compte de clients | Échange de crypto-actifs contre des fonds | Échange de crypto-actifs contre d’autres crypto-actifs | Exécution d’ordres sur crypto-actifs pour le compte de clients | Fourniture de conseils en crypto-actifs | Fourniture de services de transfert de crypto-actifs pour le compte de clients,deskoin.com,https://www.data.gouv.fr/datasets/liste-blanche-des-prestataires-de-services-sur-actifs-numeriques-psan
AMF_FR,FR,DESKOIN SAS,E2021-017,WITHDRAWN,2026-04-28,Caducité pour cause de décision d’agrément MiCA | Conservation d'actifs numériques | Achat/vente d'actifs numériques contre monnaie ayant cours légal | Echange d'actifs numériques contre d'autres actifs numériques,deskoin.com,https://www.data.gouv.fr/datasets/liste-blanche-des-prestataires-de-services-sur-actifs-numeriques-psan
AMF_FR,FR,DFI LABS SAS,E2022-032,WITHDRAWN,2026-07-02,Radiation pour arrêt d’activité | Echange d'actifs numériques contre d'autres actifs numériques,dfi-labs.com,https://www.data.gouv.fr/datasets/liste-blanche-des-prestataires-de-services-sur-actifs-numeriques-psan
AMF_FR,FR,DFNS CUSTODY SAS,E2023-108,WITHDRAWN,2026-07-02,Radiation pour arrêt d’activité | Conservation d'actifs numériques,dfnscustody.com,https://www.data.gouv.fr/datasets/liste-blanche-des-prestataires-de-services-sur-actifs-numeriques-psan
AMF_FR,FR,DIGITAL ASSETS LIMITED LIABILITY COMPANY FOR INTERMEDIATION AND SERVICES,N/A - Passeport,AUTHORISED,2026-06-30,Conservation et administration de crypto-actifs pour le compte de clients | Échange de crypto-actifs contre des fonds | Échange de crypto-actifs contre d’autres crypto-actifs | Placement de crypto-actifs | Fourniture de services de transfert de crypto-actifs pour le compte de clients,bitstore.net,https://www.data.gouv.fr/datasets/liste-blanche-des-prestataires-de-services-sur-actifs-numeriques-psan
AMF_FR,FR,DIGITAL BROKER SAS / ZEBITCOIN,E2021-013,WITHDRAWN,2024-12-16,Radiation pour arrêt d’activité | Achat/vente d'actifs numériques contre monnaie ayant cours légal,zebitcoin.com,https://www.data.gouv.fr/datasets/liste-blanche-des-prestataires-de-services-sur-actifs-numeriques-psan
AMF_FR,FR,DIGITAL EXCHANGE SAS / ZEBITEX,E2021-012,WITHDRAWN,2024-12-16,Radiation pour arrêt d’activité | Conservation d'actifs numériques | Exploitation d'une plateforme de négociation d'actifs numériques,zebitex.com,https://www.data.gouv.fr/datasets/liste-blanche-des-prestataires-de-services-sur-actifs-numeriques-psan
AMF_FR,FR,DIGITAL TECHNOLOGIES SAS / EXPRESS CRYPTO,E2021-026,WITHDRAWN,2026-06-30,Radiation pour arrêt d’activité | Achat/vente d'actifs numériques contre monnaie ayant cours légal,express-crypto.com,https://www.data.gouv.fr/datasets/liste-blanche-des-prestataires-de-services-sur-actifs-numeriques-psan
AMF_FR,FR,DLT SECURITIES GMBH,N/A - Passeport,AUTHORISED,2026-07-01,Échange de crypto-actifs contre des fonds | Échange de crypto-actifs contre d’autres crypto-actifs | Exécution d’ordres sur crypto-actifs pour le compte de clients | Placement de crypto-actifs | Réception et transmission d’ordres sur crypto-actifs pour le compte de clients | Fourniture de conseils en crypto-actifs | Fourniture de services de gestion de portefeuille de crypto-actifs,dlt-finance.com,https://www.data.gouv.fr/datasets/liste-blanche-des-prestataires-de-services-sur-actifs-numeriques-psan
AMF_FR,FR,DUE NETWORK S.L.,N/A - Passeport,AUTHORISED,2026-06-12,Échange de crypto-actifs contre des fonds | Échange de crypto-actifs contre d’autres crypto-actifs,opendue.com,https://www.data.gouv.fr/datasets/liste-blanche-des-prestataires-de-services-sur-actifs-numeriques-psan
AMF_FR,FR,DUX SAS / DUX RESERVE,E2021-021,WITHDRAWN,2026-07-02,Radiation pour arrêt d’activité | Conservation d'actifs numériques | Achat/vente d'actifs numériques contre monnaie ayant cours légal,duxreserve.com,https://www.data.gouv.fr/datasets/liste-blanche-des-prestataires-de-services-sur-actifs-numeriques-psan
AMF_FR,FR,EJARA SAS,E2022-056,WITHDRAWN,2026-07-02,Radiation pour arrêt d’activité | Conservation d'actifs numériques | Achat/vente d'actifs numériques contre monnaie ayant cours légal | Echange d'actifs numériques contre d'autres actifs numériques,ejara.io,https://www.data.gouv.fr/datasets/liste-blanche-des-prestataires-de-services-sur-actifs-numeriques-psan
AMF_FR,FR,ELECTROCOIN LTD FOR SERVICES,N/A - Passeport,AUTHORISED,2026-05-09,Conservation et administration de crypto-actifs pour le compte de clients | Échange de crypto-actifs contre des fonds | Échange de crypto-actifs contre d’autres crypto-actifs,electrocoin.eu,https://www.data.gouv.fr/datasets/liste-blanche-des-prestataires-de-services-sur-actifs-numeriques-psan
AMF_FR,FR,EMMANUEL MANAGEMENT SAS,E2021-008,WITHDRAWN,2022-09-27,Radiation pour arrêt d’activité | Achat/vente d'actifs numériques contre monnaie ayant cours légal,,https://www.data.gouv.fr/datasets/liste-blanche-des-prestataires-de-services-sur-actifs-numeriques-psan
AMF_FR,FR,ETORO (Europe) Limited,E2022-038,WITHDRAWN,2025-03-22,Caducité pour cause de décision d’agrément MiCA | Conservation d'actifs numériques | Achat/vente d'actifs numériques contre monnaie ayant cours légal,etoro.com,https://www.data.gouv.fr/datasets/liste-blanche-des-prestataires-de-services-sur-actifs-numeriques-psan
AMF_FR,FR,ETORO (Europe) LTD,N/A - Passeport,AUTHORISED,2025-03-22,Conservation et administration de crypto-actifs pour le compte de clients | Échange de crypto-actifs contre des fonds | Exécution d’ordres sur crypto-actifs pour le compte de clients | Réception et transmission d’ordres sur crypto-actifs pour le compte de clients | Fourniture de conseils en crypto-actifs | Fourniture de services de gestion de portefeuille de crypto-actifs,etoro.com,https://www.data.gouv.fr/datasets/liste-blanche-des-prestataires-de-services-sur-actifs-numeriques-psan
AMF_FR,FR,EU INTERNET VENTURES B.V.,N/A - Passeport,AUTHORISED,2025-10-14,Échange de crypto-actifs contre des fonds | Échange de crypto-actifs contre d’autres crypto-actifs | Fourniture de services de transfert de crypto-actifs pour le compte de clients,banxa.com,https://www.data.gouv.fr/datasets/liste-blanche-des-prestataires-de-services-sur-actifs-numeriques-psan
AMF_FR,FR,EUWAX AG,N/A - Passeport,AUTHORISED,2025-05-01,Échange de crypto-actifs contre des fonds | Échange de crypto-actifs contre d’autres crypto-actifs,euwax-ag.de,https://www.data.gouv.fr/datasets/liste-blanche-des-prestataires-de-services-sur-actifs-numeriques-psan
AMF_FR,FR,EVEREST NETWORK LIMITED,N/A - Passeport,AUTHORISED,2026-07-17,Conservation et administration de crypto-actifs pour le compte de clients | Exécution d’ordres sur crypto-actifs pour le compte de clients | Placement de crypto-actifs | Réception et transmission d’ordres sur crypto-actifs pour le compte de clients | Fourniture de services de transfert de crypto-actifs pour le compte de clients,everest.org,https://www.data.gouv.fr/datasets/liste-blanche-des-prestataires-de-services-sur-actifs-numeriques-psan
AMF_FR,FR,EXAION SAS,E2024-114,WITHDRAWN,2026-07-02,Radiation pour arrêt d’activité | Conservation d'actifs numériques | Achat/vente d'actifs numériques contre monnaie ayant cours légal | Echange d'actifs numériques contre d'autres actifs numériques,,https://www.data.gouv.fr/datasets/liste-blanche-des-prestataires-de-services-sur-actifs-numeriques-psan
AMF_FR,FR,FALCONX LIMITED,N/A - Passeport,AUTHORISED,2026-07-01,Conservation et administration de crypto-actifs pour le compte de clients | Échange de crypto-actifs contre des fonds | Échange de crypto-actifs contre d’autres crypto-actifs | Exécution d’ordres sur crypto-actifs pour le compte de clients | Fourniture de services de transfert de crypto-actifs pour le compte de clients,falconx.io,https://www.data.gouv.fr/datasets/liste-blanche-des-prestataires-de-services-sur-actifs-numeriques-psan
AMF_FR,FR,FIAT REPUBLIC NETHERLANDS B.V.,N/A - Passeport,AUTHORISED,2025-08-05,Conservation et administration de crypto-actifs pour le compte de clients | Fourniture de services de transfert de crypto-actifs pour le compte de clients,fiatrepublic.com,https://www.data.gouv.fr/datasets/liste-blanche-des-prestataires-de-services-sur-actifs-numeriques-psan
AMF_FR,FR,FINARY SAS,A2026-026 / N2026-008,AUTHORISED,2026-07-06,Conservation et administration de crypto-actifs pour le compte de clients | Réception et transmission d’ordres sur crypto-actifs pour le compte de clients | Fourniture de services de transfert de crypto-actifs pour le compte de clients,finary.com,https://www.data.gouv.fr/datasets/liste-blanche-des-prestataires-de-services-sur-actifs-numeriques-psan
AMF_FR,FR,FINARY SAS,E2022-057,WITHDRAWN,2026-07-02,Radiation pour arrêt d’activité | Achat/vente d'actifs numériques contre monnaie ayant cours légal | Echange d'actifs numériques contre d'autres actifs numériques | Conservation d'actifs numériques,finary.com,https://www.data.gouv.fr/datasets/liste-blanche-des-prestataires-de-services-sur-actifs-numeriques-psan
AMF_FR,FR,FINCTEK UE SAS,A2025-005,AUTHORISED,2025-09-11,Conservation et administration de crypto-actifs pour le compte de clients | Échange de crypto-actifs contre des fonds | Échange de crypto-actifs contre d’autres crypto-actifs | Exécution d’ordres sur crypto-actifs pour le compte de clients | Placement de crypto-actifs | Fourniture de services de transfert de crypto-actifs pour le compte de clients,finctek.com,https://www.data.gouv.fr/datasets/liste-blanche-des-prestataires-de-services-sur-actifs-numeriques-psan
AMF_FR,FR,FINST B.V.,N/A - Passeport,AUTHORISED,2025-07-23,Conservation et administration de crypto-actifs pour le compte de clients | Exécution d’ordres sur crypto-actifs pour le compte de clients | Réception et transmission d’ordres sur crypto-actifs pour le compte de clients | Fourniture de services de transfert de crypto-actifs pour le compte de clients,finst.com,https://www.data.gouv.fr/datasets/liste-blanche-des-prestataires-de-services-sur-actifs-numeriques-psan
AMF_FR,FR,FINTECH SK S. R. O.,N/A - Passeport,AUTHORISED,2026-01-01,Conservation et administration de crypto-actifs pour le compte de clients | Échange de crypto-actifs contre des fonds | Échange de crypto-actifs contre d’autres crypto-actifs | Exécution d’ordres sur crypto-actifs pour le compte de clients | Fourniture de services de transfert de crypto-actifs pour le compte de clients,bitcoinmat.sk,https://www.data.gouv.fr/datasets/liste-blanche-des-prestataires-de-services-sur-actifs-numeriques-psan
AMF_FR,FR,FINTECHX OÜ,E2023-095,WITHDRAWN,2026-06-30,Radiation pour arrêt d’activité | Conservation d'actifs numériques | Achat/vente d'actifs numériques contre monnaie ayant cours légal | Echange d'actifs numériques contre d'autres actifs numériques,kriptomat.io,https://www.data.gouv.fr/datasets/liste-blanche-des-prestataires-de-services-sur-actifs-numeriques-psan
AMF_FR,FR,"FINTEGENCE, S.R.O.",N/A - Passeport,AUTHORISED,2025-12-19,Conservation et administration de crypto-actifs pour le compte de clients | Échange de crypto-actifs contre des fonds | Fourniture de services de transfert de crypto-actifs pour le compte de clients,cryptovoucher.io,https://www.data.gouv.fr/datasets/liste-blanche-des-prestataires-de-services-sur-actifs-numeriques-psan
AMF_FR,FR,FIOR DIGITAL GMBH,N/A - Passeport,AUTHORISED,2025-11-27,Conservation et administration de crypto-actifs pour le compte de clients | Échange de crypto-actifs contre des fonds | Fourniture de services de transfert de crypto-actifs pour le compte de clients,21bitcoin.app,https://www.data.gouv.fr/datasets/liste-blanche-des-prestataires-de-services-sur-actifs-numeriques-psan
AMF_FR,FR,FIPTO FRANCE SAS (anciennement NUMIAS FRANCE SAS),E2023-069,WITHDRAWN,2026-04-02,Caducité pour cause de décision d’agrément MiCA | Conservation d'actifs numériques | Echange d'actifs numériques contre d'autres actifs numériques | Achat/vente d'actifs numériques contre monnaie ayant cours légal,fipto.com,https://www.data.gouv.fr/datasets/liste-blanche-des-prestataires-de-services-sur-actifs-numeriques-psan
AMF_FR,FR,FIPTO PI SAS,A2026-009,AUTHORISED,2026-01-23,Conservation et administration de crypto-actifs pour le compte de clients | Échange de crypto-actifs contre des fonds | Échange de crypto-actifs contre d’autres crypto-actifs | Exécution d’ordres sur crypto-actifs pour le compte de clients | Fourniture de services de transfert de crypto-actifs pour le compte de clients,fipto.com,https://www.data.gouv.fr/datasets/liste-blanche-des-prestataires-de-services-sur-actifs-numeriques-psan
AMF_FR,FR,FIREFISH EUROPE S.R.O.,N/A - Passeport,AUTHORISED,2026-08-01,Conservation et administration de crypto-actifs pour le compte de clients | Échange de crypto-actifs contre des fonds | Échange de crypto-actifs contre d’autres crypto-actifs | Fourniture de services de transfert de crypto-actifs pour le compte de clients,firefish.io,https://www.data.gouv.fr/datasets/liste-blanche-des-prestataires-de-services-sur-actifs-numeriques-psan
AMF_FR,FR,FIRI AS,N/A - Passeport,AUTHORISED,2026-09-10,Conservation et administration de crypto-actifs pour le compte de clients | Exploitation d’une plate-forme de négociation de crypto-actifs | Échange de crypto-actifs contre des fonds | Échange de crypto-actifs contre d’autres crypto-actifs | Exécution d’ordres sur crypto-actifs pour le compte de clients | Fourniture de services de transfert de crypto-actifs pour le compte de clients,firi.com,https://www.data.gouv.fr/datasets/liste-blanche-des-prestataires-de-services-sur-actifs-numeriques-psan
AMF_FR,FR,FLATEXDEGIRO BANK SE,N/A - Passeport,AUTHORISED,2025-04-28,Exécution d’ordres sur crypto-actifs pour le compte de clients,flatexdegiro.com,https://www.data.gouv.fr/datasets/liste-blanche-des-prestataires-de-services-sur-actifs-numeriques-psan
AMF_FR,FR,FLOWDESK EUROPE SAS,A2026-022,AUTHORISED,2026-06-25,Conservation et administration de crypto-actifs pour le compte de clients | Échange de crypto-actifs contre des fonds | Échange de crypto-actifs contre d’autres crypto-actifs | Exécution d’ordres sur crypto-actifs pour le compte de clients | Fourniture de services de transfert de crypto-actifs pour le compte de clients,flowdesk.co,https://www.data.gouv.fr/datasets/liste-blanche-des-prestataires-de-services-sur-actifs-numeriques-psan
AMF_FR,FR,FLOWDESK SAS,E2021-019,WITHDRAWN,2026-07-02,Radiation pour arrêt d’activité | Conservation d'actifs numériques | Achat/vente d'actifs numériques contre monnaie ayant cours légal | Echange d'actifs numériques contre d'autres actifs numériques,flowdesk.co,https://www.data.gouv.fr/datasets/liste-blanche-des-prestataires-de-services-sur-actifs-numeriques-psan
AMF_FR,FR,FORIS DAX MT Limited,E2022-054,WITHDRAWN,2025-02-12,Caducité pour cause de décision d’agrément MiCA | Conservation d'actifs numériques | Achat/vente d'actifs numériques contre monnaie ayant cours légal | Echange d'actifs numériques contre d'autres actifs numériques,crypto.com,https://www.data.gouv.fr/datasets/liste-blanche-des-prestataires-de-services-sur-actifs-numeriques-psan
AMF_FR,FR,FORIS DAX MT LIMITED,N/A - Passeport,AUTHORISED,2025-02-12,Conservation et administration de crypto-actifs pour le compte de clients | Échange de crypto-actifs contre des fonds | Échange de crypto-actifs contre d’autres crypto-actifs | Exécution d’ordres sur crypto-actifs pour le compte de clients | Réception et transmission d’ordres sur crypto-actifs pour le compte de clients | Fourniture de services de transfert de crypto-actifs pour le compte de clients,crypto.com,https://www.data.gouv.fr/datasets/liste-blanche-des-prestataires-de-services-sur-actifs-numeriques-psan
AMF_FR,FR,"FUMBI, S. R. O.",N/A - Passeport,AUTHORISED,2026-01-01,Conservation et administration de crypto-actifs pour le compte de clients | Échange de crypto-actifs contre des fonds | Échange de crypto-actifs contre d’autres crypto-actifs | Fourniture de conseils en crypto-actifs | Fourniture de services de gestion de portefeuille de crypto-actifs | Fourniture de services de transfert de crypto-actifs pour le compte de clients,fumbi.network,https://www.data.gouv.fr/datasets/liste-blanche-des-prestataires-de-services-sur-actifs-numeriques-psan
AMF_FR,FR,GALEON SAS,E2023-098,WITHDRAWN,2026-07-02,Radiation pour arrêt d’activité | Conservation d'actifs numériques,galeon.care,https://www.data.gouv.fr/datasets/liste-blanche-des-prestataires-de-services-sur-actifs-numeriques-psan
AMF_FR,FR,GATEHUB EXCHANGE D.O.O.,N/A - Passeport,AUTHORISED,2026-09-02,Conservation et administration de crypto-actifs pour le compte de clients | Échange de crypto-actifs contre des fonds | Échange de crypto-actifs contre d’autres crypto-actifs | Fourniture de services de transfert de crypto-actifs pour le compte de clients,gatehub.net,https://www.data.gouv.fr/datasets/liste-blanche-des-prestataires-de-services-sur-actifs-numeriques-psan
AMF_FR,FR,GATE TECHNOLOGY LIMITED,N/A - Passeport,AUTHORISED,2025-09-30,Conservation et administration de crypto-actifs pour le compte de clients | Exploitation d’une plate-forme de négociation de crypto-actifs | Échange de crypto-actifs contre des fonds | Échange de crypto-actifs contre d’autres crypto-actifs | Exécution d’ordres sur crypto-actifs pour le compte de clients | Fourniture de services de transfert de crypto-actifs pour le compte de clients,gate.com,https://www.data.gouv.fr/datasets/liste-blanche-des-prestataires-de-services-sur-actifs-numeriques-psan
AMF_FR,FR,GEMINI INTERGALACTIC EU LTD,N/A - Passeport,AUTHORISED,2025-08-21,Conservation et administration de crypto-actifs pour le compte de clients | Échange de crypto-actifs contre des fonds | Échange de crypto-actifs contre d’autres crypto-actifs | Exécution d’ordres sur crypto-actifs pour le compte de clients | Placement de crypto-actifs | Réception et transmission d’ordres sur crypto-actifs pour le compte de clients | Fourniture de services de transfert de crypto-actifs pour le compte de clients,gemini.com,https://www.data.gouv.fr/datasets/liste-blanche-des-prestataires-de-services-sur-actifs-numeriques-psan
AMF_FR,FR,GEMINI INTERGALACTIC EUROPE LIMITED,E2023-105,WITHDRAWN,2026-07-02,Radiation pour arrêt d’activité | Conservation d'actifs numériques | Achat/vente d'actifs numériques contre monnaie ayant cours légal | Echange d'actifs numériques contre d'autres actifs numériques | Exploitation d'une plateforme de négociation d'actifs numériques,,https://www.data.gouv.fr/datasets/liste-blanche-des-prestataires-de-services-sur-actifs-numeriques-psan
AMF_FR,FR,GENEZYS SAS,E2023-107,WITHDRAWN,2026-07-02,Radiation pour arrêt d’activité | Conservation d'actifs numériques | Achat/vente d'actifs numériques contre monnaie ayant cours légal,genezys.xyz,https://www.data.gouv.fr/datasets/liste-blanche-des-prestataires-de-services-sur-actifs-numeriques-psan
AMF_FR,FR,GOAT SAS,E2022-031,WITHDRAWN,2026-04-02,Radiation pour arrêt d’activité | Echange d'actifs numériques contre d'autres actifs numériques,goat-capital.io,https://www.data.gouv.fr/datasets/liste-blanche-des-prestataires-de-services-sur-actifs-numeriques-psan
AMF_FR,FR,GOIN SAS,E2022-053,WITHDRAWN,2024-12-15,Caducité pour cause de décision d’agrément Pacte | Conservation d'actifs numériques | Achat/vente d'actifs numériques contre monnaie ayant cours légal | Echange d'actifs numériques contre d'autres actifs numériques,goin-invest.com,https://www.data.gouv.fr/datasets/liste-blanche-des-prestataires-de-services-sur-actifs-numeriques-psan
AMF_FR,FR,GOIN SAS,A2024-003,WITHDRAWN,2025-06-19,Caducité pour cause de décision d’agrément MiCA | Conservation d'actifs numériques | Achat/vente d'actifs numériques contre monnaie ayant cours légal | Echange d'actifs numériques contre d'autres actifs numériques | Gestion de portefeuille d'actifs numériques pour le compte de tiers | Conseil aux souscripteurs d'actifs numériques,goin-invest.com,https://www.data.gouv.fr/datasets/liste-blanche-des-prestataires-de-services-sur-actifs-numeriques-psan
AMF_FR,FR,GOIN SAS,A2025-002,AUTHORISED,2025-06-19,Conservation et administration de crypto-actifs pour le compte de clients | Échange de crypto-actifs contre des fonds | Échange de crypto-actifs contre d’autres crypto-actifs | Exécution d’ordres sur crypto-actifs pour le compte de clients | Fourniture de conseils en crypto-actifs | Fourniture de services de gestion de portefeuille de crypto-actifs | Fourniture de services de transfert de crypto-actifs pour le compte de clients,goin-invest.com,https://www.data.gouv.fr/datasets/liste-blanche-des-prestataires-de-services-sur-actifs-numeriques-psan
AMF_FR,FR,HEDGEGUARD FINANCIAL SOFTWARE SAS,E2021-028,WITHDRAWN,2025-07-29,Radiation pour arrêt d’activité | Conservation d'actifs numériques | Echange d'actifs numériques contre d'autres actifs numériques | Achat/vente d'actifs numériques contre monnaie ayant cours légal,hedgeguard.com,https://www.data.gouv.fr/datasets/liste-blanche-des-prestataires-de-services-sur-actifs-numeriques-psan
AMF_FR,FR,HERCLE S.R.L.,N/A - Passeport,AUTHORISED,2026-07-10,Conservation et administration de crypto-actifs pour le compte de clients | Échange de crypto-actifs contre des fonds | Échange de crypto-actifs contre d’autres crypto-actifs | Fourniture de services de transfert de crypto-actifs pour le compte de clients,hercle.financial,https://www.data.gouv.fr/datasets/liste-blanche-des-prestataires-de-services-sur-actifs-numeriques-psan
AMF_FR,FR,HEXADIGITAL SAS / BITCOIN AVENUE,E2021-010,WITHDRAWN,2026-06-01,Radiation pour non-respect des exigences de l'enregistrement | Achat/vente d'actifs numériques contre monnaie ayant cours légal | Echange d'actifs numériques contre d'autres actifs numériques | Conservation d'actifs numériques,bitcoin-avenue.com,https://www.data.gouv.fr/datasets/liste-blanche-des-prestataires-de-services-sur-actifs-numeriques-psan
AMF_FR,FR,HEXARQ SAS,A2024-004,WITHDRAWN,2026-02-05,Caducité pour cause de décision d’agrément MiCA | Conservation d'actifs numériques | Achat/vente d'actifs numériques contre monnaie ayant cours légal | Echange d'actifs numériques contre d'autres actifs numériques,,https://www.data.gouv.fr/datasets/liste-blanche-des-prestataires-de-services-sur-actifs-numeriques-psan
AMF_FR,FR,HEXARQ SAS,E2024-116,WITHDRAWN,2026-02-05,Caducité pour cause de décision d’agrément MiCA | Conservation d'actifs numériques | Achat/vente d'actifs numériques contre monnaie ayant cours légal | Echange d'actifs numériques contre d'autres actifs numériques,,https://www.data.gouv.fr/datasets/liste-blanche-des-prestataires-de-services-sur-actifs-numeriques-psan
AMF_FR,FR,HEXARQ SAS,A2026-010,AUTHORISED,2026-02-05,Conservation et administration de crypto-actifs pour le compte de clients | Échange de crypto-actifs contre des fonds | Échange de crypto-actifs contre d’autres crypto-actifs | Exécution d’ordres sur crypto-actifs pour le compte de clients | Fourniture de services de transfert de crypto-actifs pour le compte de clients,hexarq.com,https://www.data.gouv.fr/datasets/liste-blanche-des-prestataires-de-services-sur-actifs-numeriques-psan
AMF_FR,FR,HEX TRUST ITALIA SRL,E2023-088,WITHDRAWN,2026-07-02,Radiation pour arrêt d’activité | Conservation d'actifs numériques | Achat/vente d'actifs numériques contre monnaie ayant cours légal | Echange d'actifs numériques contre d'autres actifs numériques,hextrust.com,https://www.data.gouv.fr/datasets/liste-blanche-des-prestataires-de-services-sur-actifs-numeriques-psan
AMF_FR,FR,HIDDEN ROAD PARTNERS CIV NL B.V.,N/A - Passeport,AUTHORISED,2024-12-30,Échange de crypto-actifs contre des fonds | Échange de crypto-actifs contre d’autres crypto-actifs | Exécution d’ordres sur crypto-actifs pour le compte de clients,hiddenroad.com,https://www.data.gouv.fr/datasets/liste-blanche-des-prestataires-de-services-sur-actifs-numeriques-psan
AMF_FR,FR,HODLERIS SIA,N/A - Passeport,AUTHORISED,2026-07-15,Conservation et administration de crypto-actifs pour le compte de clients | Échange de crypto-actifs contre des fonds | Échange de crypto-actifs contre d’autres crypto-actifs | Fourniture de services de transfert de crypto-actifs pour le compte de clients,hfinance.eu,https://www.data.gouv.fr/datasets/liste-blanche-des-prestataires-de-services-sur-actifs-numeriques-psan
AMF_FR,FR,HODLIE S.R.L.,N/A - Passeport,AUTHORISED,2026-07-23,Conservation et administration de crypto-actifs pour le compte de clients | Fourniture de services de gestion de portefeuille de crypto-actifs,hodli.com,https://www.data.gouv.fr/datasets/liste-blanche-des-prestataires-de-services-sur-actifs-numeriques-psan
AMF_FR,FR,HYPERWEB SAS,E2021-025,WITHDRAWN,2026-07-02,Radiation pour arrêt d’activité | Conservation d'actifs numériques | Achat/vente d'actifs numériques contre monnaie ayant cours légal | Echange d'actifs numériques contre d'autres actifs numériques,pleenk.com,https://www.data.gouv.fr/datasets/liste-blanche-des-prestataires-de-services-sur-actifs-numeriques-psan
AMF_FR,FR,ICEBLOCK SAS,A2026-024,AUTHORISED,2026-06-30,Conservation et administration de crypto-actifs pour le compte de clients | Fourniture de services de gestion de portefeuille de crypto-actifs | Fourniture de services de transfert de crypto-actifs pour le compte de clients,iceblockinvestments.com,https://www.data.gouv.fr/datasets/liste-blanche-des-prestataires-de-services-sur-actifs-numeriques-psan
AMF_FR,FR,ICEBLOCK SAS,E2023-099,WITHDRAWN,2026-06-30,Caducité pour cause de décision d’agrément MiCA | Conservation d'actifs numériques | Achat/vente d'actifs numériques contre monnaie ayant cours légal | Echange d'actifs numériques contre d'autres actifs numériques,ice-block.net,https://www.data.gouv.fr/datasets/liste-blanche-des-prestataires-de-services-sur-actifs-numeriques-psan
AMF_FR,FR,IG EUROPE GMBH,N/A - Passeport,AUTHORISED,2025-12-10,Conservation et administration de crypto-actifs pour le compte de clients | Échange de crypto-actifs contre des fonds | Échange de crypto-actifs contre d’autres crypto-actifs | Exécution d’ordres sur crypto-actifs pour le compte de clients,ig.com,https://www.data.gouv.fr/datasets/liste-blanche-des-prestataires-de-services-sur-actifs-numeriques-psan
AMF_FR,FR,"ILIRIKA BORZNO POSREDNIŠKA HIŠA D.D., LJUBLJANA",N/A - Passeport,AUTHORISED,2025-11-01,Conservation et administration de crypto-actifs pour le compte de clients | Exécution d’ordres sur crypto-actifs pour le compte de clients | Réception et transmission d’ordres sur crypto-actifs pour le compte de clients | Fourniture de services de gestion de portefeuille de crypto-actifs,ilirika.si,https://www.data.gouv.fr/datasets/liste-blanche-des-prestataires-de-services-sur-actifs-numeriques-psan
AMF_FR,FR,ILIUM SAS,E2022-048,WITHDRAWN,2026-07-02,Radiation pour arrêt d’activité | Conservation d'actifs numériques | Echange d'actifs numériques contre d'autres actifs numériques,ilium.co,https://www.data.gouv.fr/datasets/liste-blanche-des-prestataires-de-services-sur-actifs-numeriques-psan
AMF_FR,FR,INBLOCKS SAS,E2024-117,WITHDRAWN,2026-07-02,Radiation pour arrêt d’activité | Conservation d'actifs numériques | Echange d'actifs numériques contre d'autres actifs numériques | Exploitation d'une plateforme de négociation d'actifs numériques,,https://www.data.gouv.fr/datasets/liste-blanche-des-prestataires-de-services-sur-actifs-numeriques-psan
AMF_FR,FR,INTERACTIVE BROKERS IRELAND LIMITED,N/A - Passeport,AUTHORISED,2026-01-22,Réception et transmission d’ordres sur crypto-actifs pour le compte de clients,interactivebrokers.ie,https://www.data.gouv.fr/datasets/liste-blanche-des-prestataires-de-services-sur-actifs-numeriques-psan
AMF_FR,FR,J2TX LTD,N/A - Passeport,AUTHORISED,2026-05-01,Conservation et administration de crypto-actifs pour le compte de clients | Échange de crypto-actifs contre des fonds | Échange de crypto-actifs contre d’autres crypto-actifs | Exécution d’ordres sur crypto-actifs pour le compte de clients | La réception et transmission d'ordres sur actifs numériques pour le compte de tiers | Fourniture de conseils en crypto-actifs | Fourniture de services de gestion de portefeuille de crypto-actifs | Fourniture de services de transfert de crypto-actifs pour le compte de clients,j2tx.com,https://www.data.gouv.fr/datasets/liste-blanche-des-prestataires-de-services-sur-actifs-numeriques-psan
AMF_FR,FR,JANUAR APS,N/A - Passeport,AUTHORISED,2026-06-29,Conservation et administration de crypto-actifs pour le compte de clients | Exécution d’ordres sur crypto-actifs pour le compte de clients | Fourniture de services de transfert de crypto-actifs pour le compte de clients,januar.com,https://www.data.gouv.fr/datasets/liste-blanche-des-prestataires-de-services-sur-actifs-numeriques-psan
AMF_FR,FR,JOBCHAIN SL,E2023-103,WITHDRAWN,2026-07-02,Radiation pour arrêt d’activité | Conservation d'actifs numériques | Echange d'actifs numériques contre d'autres actifs numériques,jobchain.com,https://www.data.gouv.fr/datasets/liste-blanche-des-prestataires-de-services-sur-actifs-numeriques-psan
AMF_FR,FR,KAISER PARTNER PRIVATBANK AG,N/A - Passeport,AUTHORISED,2026-07-01,Conservation et administration de crypto-actifs pour le compte de clients | Réception et transmission d’ordres sur crypto-actifs pour le compte de clients | Fourniture de services de gestion de portefeuille de crypto-actifs | Fourniture de services de transfert de crypto-actifs pour le compte de clients,kaiserpartner.bank,https://www.data.gouv.fr/datasets/liste-blanche-des-prestataires-de-services-sur-actifs-numeriques-psan
AMF_FR,FR,KAL EL SAS,E2023-083,WITHDRAWN,2026-06-02,Radiation pour arrêt d’activité | Conservation d'actifs numériques | Achat/vente d'actifs numériques contre monnaie ayant cours légal | Echange d'actifs numériques contre d'autres actifs numériques,simons.finance,https://www.data.gouv.fr/datasets/liste-blanche-des-prestataires-de-services-sur-actifs-numeriques-psan
AMF_FR,FR,KAMEA LABS SAS,E2023-078,WITHDRAWN,2026-07-02,Radiation pour arrêt d’activité | Conservation d'actifs numériques | Echange d'actifs numériques contre d'autres actifs numériques,kamealabs.com,https://www.data.gouv.fr/datasets/liste-blanche-des-prestataires-de-services-sur-actifs-numeriques-psan
AMF_FR,FR,KAMIX SAS,E2021-018,WITHDRAWN,2026-07-02,Radiation pour arrêt d’activité | Conservation d'actifs numériques | Achat/vente d'actifs numériques contre monnaie ayant cours légal,kamix.fr,https://www.data.gouv.fr/datasets/liste-blanche-des-prestataires-de-services-sur-actifs-numeriques-psan
AMF_FR,FR,KEYROCK FR SAS,E2024-115,WITHDRAWN,2026-06-12,Caducité pour cause de décision d’agrément MiCA | Conservation d'actifs numériques | Achat/vente d'actifs numériques contre monnaie ayant cours légal | Echange d'actifs numériques contre d'autres actifs numériques,keyrock.com,https://www.data.gouv.fr/datasets/liste-blanche-des-prestataires-de-services-sur-actifs-numeriques-psan
AMF_FR,FR,KEYROCK FR SAS,A2026-017,AUTHORISED,2026-06-12,Conservation et administration de crypto-actifs pour le compte de clients | Échange de crypto-actifs contre des fonds | Échange de crypto-actifs contre d’autres crypto-actifs | Exécution d’ordres sur crypto-actifs pour le compte de clients | Fourniture de services de transfert de crypto-actifs pour le compte de clients,keyrock.com,https://www.data.gouv.fr/datasets/liste-blanche-des-prestataires-de-services-sur-actifs-numeriques-psan
AMF_FR,FR,KLUB SAS,E2022-036,WITHDRAWN,2026-07-02,Radiation pour arrêt d’activité | Conservation d'actifs numériques | Achat/vente d'actifs numériques contre monnaie ayant cours légal,klub.ki,https://www.data.gouv.fr/datasets/liste-blanche-des-prestataires-de-services-sur-actifs-numeriques-psan
AMF_FR,FR,KRIPTOWN SAS,E2022-030,WITHDRAWN,2026-07-02,Radiation pour arrêt d’activité | Conservation d'actifs numériques | Achat/vente d'actifs numériques contre monnaie ayant cours légal | Exploitation d'une plateforme de négociation d'actifs numériques,kriptown.com,https://www.data.gouv.fr/datasets/liste-blanche-des-prestataires-de-services-sur-actifs-numeriques-psan
AMF_FR,FR,KRYPTO KNIGHT LTD,N/A - Passeport,AUTHORISED,2026-07-03,Conservation et administration de crypto-actifs pour le compte de clients | Échange de crypto-actifs contre des fonds | Échange de crypto-actifs contre d’autres crypto-actifs | Exécution d’ordres sur crypto-actifs pour le compte de clients | Réception et transmission d’ordres sur crypto-actifs pour le compte de clients | Fourniture de services de transfert de crypto-actifs pour le compte de clients,krypto-knight.com,https://www.data.gouv.fr/datasets/liste-blanche-des-prestataires-de-services-sur-actifs-numeriques-psan
AMF_FR,FR,KUCOIN EU EXCHANGE GMBH,N/A - Passeport,AUTHORISED,2025-11-27,Conservation et administration de crypto-actifs pour le compte de clients | Échange de crypto-actifs contre des fonds | Échange de crypto-actifs contre d’autres crypto-actifs | Placement de crypto-actifs | Fourniture de services de transfert de crypto-actifs pour le compte de clients,kucoin.eu,https://www.data.gouv.fr/datasets/liste-blanche-des-prestataires-de-services-sur-actifs-numeriques-psan
AMF_FR,FR,KVARN CAPITAL OY,N/A - Passeport,AUTHORISED,2025-12-18,Conservation et administration de crypto-actifs pour le compte de clients | Exécution d’ordres sur crypto-actifs pour le compte de clients | Réception et transmission d’ordres sur crypto-actifs pour le compte de clients | Fourniture de services de transfert de crypto-actifs pour le compte de clients,kvarnx.com,https://www.data.gouv.fr/datasets/liste-blanche-des-prestataires-de-services-sur-actifs-numeriques-psan
AMF_FR,FR,LA COMPAGNIE FRANCAISE DE LA CRYPTOMONNAIE SAS,E2023-094,WITHDRAWN,2026-07-02,Radiation pour arrêt d’activité | Conservation d'actifs numériques | Achat/vente d'actifs numériques contre monnaie ayant cours légal | Echange d'actifs numériques contre d'autres actifs numériques,compagnie-crypto.fr,https://www.data.gouv.fr/datasets/liste-blanche-des-prestataires-de-services-sur-actifs-numeriques-psan
AMF_FR,FR,LEDGITY SAS,E2022-040,WITHDRAWN,2026-07-02,Radiation pour arrêt d’activité | Conservation d'actifs numériques | Echange d'actifs numériques contre d'autres actifs numériques | Achat/vente d'actifs numériques contre monnaie ayant cours légal,ledgity.com,https://www.data.gouv.fr/datasets/liste-blanche-des-prestataires-de-services-sur-actifs-numeriques-psan
AMF_FR,FR,LEGEND FINANCIAL IRELAND LIMITED,N/A - Passeport,AUTHORISED,2025-10-10,Échange de crypto-actifs contre des fonds | Échange de crypto-actifs contre d’autres crypto-actifs,legendtrading.com,https://www.data.gouv.fr/datasets/liste-blanche-des-prestataires-de-services-sur-actifs-numeriques-psan
AMF_FR,FR,LEONOD SARL,E2021-014,WITHDRAWN,2026-06-22,Caducité pour cause de décision d’agrément MiCA | Achat/vente d'actifs numériques contre monnaie ayant cours légal,bitcoin-lyon.fr,https://www.data.gouv.fr/datasets/liste-blanche-des-prestataires-de-services-sur-actifs-numeriques-psan
AMF_FR,FR,LEONOD SARL,A2026-019,AUTHORISED,2026-06-22,Échange de crypto-actifs contre des fonds,bullbitcoin.com,https://www.data.gouv.fr/datasets/liste-blanche-des-prestataires-de-services-sur-actifs-numeriques-psan
AMF_FR,FR,LGT BANK AG,N/A - Passeport,AUTHORISED,2026-02-01,Conservation et administration de crypto-actifs pour le compte de clients | Exécution d’ordres sur crypto-actifs pour le compte de clients | Réception et transmission d’ordres sur crypto-actifs pour le compte de clients | Fourniture de services de transfert de crypto-actifs pour le compte de clients,lgt.com,https://www.data.gouv.fr/datasets/liste-blanche-des-prestataires-de-services-sur-actifs-numeriques-psan
AMF_FR,FR,LIGHTSPARK PAYMENTS EUROPE AS,N/A - Passeport,AUTHORISED,2026-07-01,Conservation et administration de crypto-actifs pour le compte de clients | Échange de crypto-actifs contre des fonds | Échange de crypto-actifs contre d’autres crypto-actifs | Fourniture de services de transfert de crypto-actifs pour le compte de clients,lightspark.com,https://www.data.gouv.fr/datasets/liste-blanche-des-prestataires-de-services-sur-actifs-numeriques-psan
AMF_FR,FR,LINKCY PROFESSIONAL SERVICES AUTOMATION NETWORK SAS,E2023-073,WITHDRAWN,2026-07-02,Radiation pour arrêt d’activité | Conservation d'actifs numériques | Achat/vente d'actifs numériques contre monnaie ayant cours légal | Echange d'actifs numériques contre d'autres actifs numériques,linkcy.io,https://www.data.gouv.fr/datasets/liste-blanche-des-prestataires-de-services-sur-actifs-numeriques-psan
AMF_FR,FR,LUNO FRANCE SAS,E2022-045,WITHDRAWN,2025-07-28,Radiation pour arrêt d’activité | Conservation d'actifs numériques | Achat/vente d'actifs numériques contre monnaie ayant cours légal | Echange d'actifs numériques contre d'autres actifs numériques,luno.com,https://www.data.gouv.fr/datasets/liste-blanche-des-prestataires-de-services-sur-actifs-numeriques-psan
AMF_FR,FR,LYBER SAS,E2022-039,WITHDRAWN,2026-06-01,Radiation pour non-respect des exigences de l'enregistrement | Conservation d'actifs numériques | Echange d'actifs numériques contre d'autres actifs numériques | Achat/vente d'actifs numériques contre monnaie ayant cours légal,lyber.com,https://www.data.gouv.fr/datasets/liste-blanche-des-prestataires-de-services-sur-actifs-numeriques-psan
AMF_FR,FR,MADISON SIX J. S. A.,N/A - Passeport,AUTHORISED,2025-12-19,Conservation et administration de crypto-actifs pour le compte de clients | Échange de crypto-actifs contre des fonds | Échange de crypto-actifs contre d’autres crypto-actifs | Exécution d’ordres sur crypto-actifs pour le compte de clients | Réception et transmission d’ordres sur crypto-actifs pour le compte de clients | Fourniture de services de transfert de crypto-actifs pour le compte de clients,madisonsix.com,https://www.data.gouv.fr/datasets/liste-blanche-des-prestataires-de-services-sur-actifs-numeriques-psan
AMF_FR,FR,MEREAU FINANCE SAS,A2026-025,AUTHORISED,2026-06-30,Fourniture de conseils en crypto-actifs | Fourniture de services de gestion de portefeuille de crypto-actifs,crypto-assets-management.com,https://www.data.gouv.fr/datasets/liste-blanche-des-prestataires-de-services-sur-actifs-numeriques-psan
AMF_FR,FR,MEREAU FINANCE SAS / CRYPTO ASSETS MANAGEMENT,E2023-084,WITHDRAWN,2026-06-30,Caducité pour cause de décision d’agrément MiCA | Achat/vente d'actifs numériques contre monnaie ayant cours légal | Echange d'actifs numériques contre d'autres actifs numériques,crypto-assets-management.com,https://www.data.gouv.fr/datasets/liste-blanche-des-prestataires-de-services-sur-actifs-numeriques-psan
AMF_FR,FR,MERGE NETWORKS SAS,E2023-085,WITHDRAWN,2026-07-02,Radiation pour arrêt d’activité | Achat/vente d'actifs numériques contre monnaie ayant cours légal,merge.money,https://www.data.gouv.fr/datasets/liste-blanche-des-prestataires-de-services-sur-actifs-numeriques-psan
AMF_FR,FR,MERIA SAS,A2026-020,AUTHORISED,2026-06-22,Conservation et administration de crypto-actifs pour le compte de clients | Échange de crypto-actifs contre des fonds | Exécution d’ordres sur crypto-actifs pour le compte de clients | Fourniture de conseils en crypto-actifs | Fourniture de services de gestion de portefeuille de crypto-actifs | Fourniture de services de transfert de crypto-actifs pour le compte de clients,meria.com,https://www.data.gouv.fr/datasets/liste-blanche-des-prestataires-de-services-sur-actifs-numeriques-psan
AMF_FR,FR,MERIA SAS ( anciennement JUST MINING SAS),E2021-016,WITHDRAWN,2026-06-22,Caducité pour cause de décision d’agrément MiCA | Conservation d'actifs numériques | Achat/vente d'actifs numériques contre monnaie ayant cours légal | Echange d'actifs numériques contre d'autres actifs numériques,meria.com,https://www.data.gouv.fr/datasets/liste-blanche-des-prestataires-de-services-sur-actifs-numeriques-psan
AMF_FR,FR,METAL GEAR SAS,A2025-004,AUTHORISED,2025-07-04,Conservation et administration de crypto-actifs pour le compte de clients | Échange de crypto-actifs contre des fonds | Exécution d’ordres sur crypto-actifs pour le compte de clients | Fourniture de services de transfert de crypto-actifs pour le compte de clients,metalgear.xyz,https://www.data.gouv.fr/datasets/liste-blanche-des-prestataires-de-services-sur-actifs-numeriques-psan
AMF_FR,FR,MIPSOFTWARE S.R.O.,N/A - Passeport,AUTHORISED,2026-09-26,Conservation et administration de crypto-actifs pour le compte de clients | Exécution d’ordres sur crypto-actifs pour le compte de clients | Fourniture de services de transfert de crypto-actifs pour le compte de clients,coinero.cz,https://www.data.gouv.fr/datasets/liste-blanche-des-prestataires-de-services-sur-actifs-numeriques-psan
AMF_FR,FR,MONFLO B.V.,N/A - Passeport,AUTHORISED,2025-12-04,Conservation et administration de crypto-actifs pour le compte de clients | Exécution d’ordres sur crypto-actifs pour le compte de clients | Fourniture de services de transfert de crypto-actifs pour le compte de clients,monflo.com,https://www.data.gouv.fr/datasets/liste-blanche-des-prestataires-de-services-sur-actifs-numeriques-psan
AMF_FR,FR,MON LIVRET C,E2022-035,WITHDRAWN,2026-07-02,Radiation pour arrêt d’activité | Conservation d'actifs numériques | Echange d'actifs numériques contre d'autres actifs numériques | Achat/vente d'actifs numériques contre monnaie ayant cours légal,monlivretc.com,https://www.data.gouv.fr/datasets/liste-blanche-des-prestataires-de-services-sur-actifs-numeriques-psan
AMF_FR,FR,MOONPAY EUROPE B.V.,N/A - Passeport,AUTHORISED,2025-01-15,Échange de crypto-actifs contre des fonds | Échange de crypto-actifs contre d’autres crypto-actifs | Fourniture de services de transfert de crypto-actifs pour le compte de clients,moonpay.com,https://www.data.gouv.fr/datasets/liste-blanche-des-prestataires-de-services-sur-actifs-numeriques-psan
AMF_FR,FR,MP DEVELOPERS S.R.O.,N/A - Passeport,AUTHORISED,2026-07-01,Conservation et administration de crypto-actifs pour le compte de clients | Exploitation d’une plate-forme de négociation de crypto-actifs | Échange de crypto-actifs contre des fonds | Échange de crypto-actifs contre d’autres crypto-actifs | Exécution d’ordres sur crypto-actifs pour le compte de clients | Fourniture de services de transfert de crypto-actifs pour le compte de clients,anycoin.cz,https://www.data.gouv.fr/datasets/liste-blanche-des-prestataires-de-services-sur-actifs-numeriques-psan
AMF_FR,FR,N26 BANK SE,N/A - Passeport,AUTHORISED,2025-07-08,Réception et transmission d’ordres sur crypto-actifs pour le compte de clients,n26.com,https://www.data.gouv.fr/datasets/liste-blanche-des-prestataires-de-services-sur-actifs-numeriques-psan
AMF_FR,FR,NEVERLESS SIA,N/A - Passeport,AUTHORISED,2026-06-22,Conservation et administration de crypto-actifs pour le compte de clients | Échange de crypto-actifs contre des fonds | Échange de crypto-actifs contre d’autres crypto-actifs | Fourniture de services de gestion de portefeuille de crypto-actifs | Fourniture de services de transfert de crypto-actifs pour le compte de clients,neverless.com,https://www.data.gouv.fr/datasets/liste-blanche-des-prestataires-de-services-sur-actifs-numeriques-psan
AMF_FR,FR,"NEWRAILS, UAB",N/A - Passeport,AUTHORISED,2026-04-12,Conservation et administration de crypto-actifs pour le compte de clients | Fourniture de services de transfert de crypto-actifs pour le compte de clients,newrails.xyz,https://www.data.gouv.fr/datasets/liste-blanche-des-prestataires-de-services-sur-actifs-numeriques-psan
AMF_FR,FR,NEXDESK SIA,N/A - Passeport,AUTHORISED,2025-12-15,Conservation et administration de crypto-actifs pour le compte de clients | Exécution d’ordres sur crypto-actifs pour le compte de clients | Fourniture de services de transfert de crypto-actifs pour le compte de clients,nexdesk.io,https://www.data.gouv.fr/datasets/liste-blanche-des-prestataires-de-services-sur-actifs-numeriques-psan
AMF_FR,FR,NGPES DIGITAL SAS (ANCIENNEMENT LUGH FINANCIAL SERVICES SAS),E2022-042,WITHDRAWN,2026-07-02,Radiation pour arrêt d’activité | Conservation d'actifs numériques | Achat/vente d'actifs numériques contre monnaie ayant cours légal | Echange d'actifs numériques contre d'autres actifs numériques,lugh.io,https://www.data.gouv.fr/datasets/liste-blanche-des-prestataires-de-services-sur-actifs-numeriques-psan
AMF_FR,FR,NILOS FRANCE SAS,E2023-074,WITHDRAWN,2026-07-02,Radiation pour arrêt d’activité | Conservation d'actifs numériques | Achat/vente d'actifs numériques contre monnaie ayant cours légal | Echange d'actifs numériques contre d'autres actifs numériques,nilos.io,https://www.data.gouv.fr/datasets/liste-blanche-des-prestataires-de-services-sur-actifs-numeriques-psan
AMF_FR,FR,NODU DIGITAL SIA,N/A - Passeport,AUTHORISED,2026-09-01,Échange de crypto-actifs contre des fonds | Fourniture de services de transfert de crypto-actifs pour le compte de clients,nodu.fi,https://www.data.gouv.fr/datasets/liste-blanche-des-prestataires-de-services-sur-actifs-numeriques-psan
AMF_FR,FR,NOEMON FINANCE LIMITED,N/A - Passeport,AUTHORISED,2026-04-20,Conservation et administration de crypto-actifs pour le compte de clients | Échange de crypto-actifs contre des fonds | Échange de crypto-actifs contre d’autres crypto-actifs | Exécution d’ordres sur crypto-actifs pour le compte de clients | Réception et transmission d’ordres sur crypto-actifs pour le compte de clients | Fourniture de conseils en crypto-actifs | Fourniture de services de gestion de portefeuille de crypto-actifs,noemon.finance,https://www.data.gouv.fr/datasets/liste-blanche-des-prestataires-de-services-sur-actifs-numeriques-psan
AMF_FR,FR,NOEMON TECH LTD,N/A - Passeport,AUTHORISED,2026-07-01,Conservation et administration de crypto-actifs pour le compte de clients | Échange de crypto-actifs contre des fonds | Échange de crypto-actifs contre d’autres crypto-actifs | Exécution d’ordres sur crypto-actifs pour le compte de clients | Placement de crypto-actifs | Réception et transmission d’ordres sur crypto-actifs pour le compte de clients | Fourniture de conseils en crypto-actifs | Fourniture de services de gestion de portefeuille de crypto-actifs | Fourniture de services de transfert de crypto-actifs pour le compte de clients,noemon.tech,https://www.data.gouv.fr/datasets/liste-blanche-des-prestataires-de-services-sur-actifs-numeriques-psan
AMF_FR,FR,NOOWU SAS,E2022-059,WITHDRAWN,2026-06-30,Radiation pour non-respect des exigences de l'enregistrement | Conservation d'actifs numériques | Achat/vente d'actifs numériques contre monnaie ayant cours légal | Echange d'actifs numériques contre d'autres actifs numériques,alterplan.finance,https://www.data.gouv.fr/datasets/liste-blanche-des-prestataires-de-services-sur-actifs-numeriques-psan
AMF_FR,FR,NORTHSTAKE APS,N/A - Passeport,AUTHORISED,2026-04-07,Conservation et administration de crypto-actifs pour le compte de clients | Exécution d’ordres sur crypto-actifs pour le compte de clients | Fourniture de services de transfert de crypto-actifs pour le compte de clients,northstake.dk,https://www.data.gouv.fr/datasets/liste-blanche-des-prestataires-de-services-sur-actifs-numeriques-psan
AMF_FR,FR,NORWEGIAN BLOCK EXCHANGE AS,N/A - Passeport,AUTHORISED,2026-07-02,Conservation et administration de crypto-actifs pour le compte de clients | Exploitation d’une plate-forme de négociation de crypto-actifs | Échange de crypto-actifs contre des fonds | Échange de crypto-actifs contre d’autres crypto-actifs | Exécution d’ordres sur crypto-actifs pour le compte de clients | Réception et transmission d’ordres sur crypto-actifs pour le compte de clients | Fourniture de services de transfert de crypto-actifs pour le compte de clients,nbx.com,https://www.data.gouv.fr/datasets/liste-blanche-des-prestataires-de-services-sur-actifs-numeriques-psan
AMF_FR,FR,NUVEI LIQUIDITY UAB,N/A - Passeport,AUTHORISED,2025-12-16,Conservation et administration de crypto-actifs pour le compte de clients | Échange de crypto-actifs contre des fonds | Échange de crypto-actifs contre d’autres crypto-actifs | Fourniture de services de transfert de crypto-actifs pour le compte de clients,simplex.com,https://www.data.gouv.fr/datasets/liste-blanche-des-prestataires-de-services-sur-actifs-numeriques-psan
AMF_FR,FR,OKAZIO S.R.O.,N/A - Passeport,AUTHORISED,2026-01-15,Conservation et administration de crypto-actifs pour le compte de clients | Exécution d’ordres sur crypto-actifs pour le compte de clients | Fourniture de conseils en crypto-actifs | Fourniture de services de gestion de portefeuille de crypto-actifs | Fourniture de services de transfert de crypto-actifs pour le compte de clients,okazio.sk,https://www.data.gouv.fr/datasets/liste-blanche-des-prestataires-de-services-sur-actifs-numeriques-psan
AMF_FR,FR,OKCOIN EUROPE LIMITED,N/A - Passeport,AUTHORISED,2025-02-15,Conservation et administration de crypto-actifs pour le compte de clients | Exploitation d’une plate-forme de négociation de crypto-actifs | Échange de crypto-actifs contre des fonds | Échange de crypto-actifs contre d’autres crypto-actifs | Exécution d’ordres sur crypto-actifs pour le compte de clients | Placement de crypto-actifs | Réception et transmission d’ordres sur crypto-actifs pour le compte de clients | Fourniture de services de gestion de portefeuille de crypto-actifs | Fourniture de services de transfert de crypto-actifs pour le compte de clients,okx.com,https://www.data.gouv.fr/datasets/liste-blanche-des-prestataires-de-services-sur-actifs-numeriques-psan
AMF_FR,FR,OKX FRANCE TECHNOLOGY COMPANY LIMITED SAS,E2023-106,WITHDRAWN,2025-07-29,Radiation pour arrêt d’activité | Conservation d'actifs numériques | Achat/vente d'actifs numériques contre monnaie ayant cours légal | Echange d'actifs numériques contre d'autres actifs numériques,,https://www.data.gouv.fr/datasets/liste-blanche-des-prestataires-de-services-sur-actifs-numeriques-psan
AMF_FR,FR,ONE TRADING EXCHANGE B.V.,N/A - Passeport,AUTHORISED,2025-06-30,Conservation et administration de crypto-actifs pour le compte de clients | Exploitation d’une plate-forme de négociation de crypto-actifs,onetrading.com,https://www.data.gouv.fr/datasets/liste-blanche-des-prestataires-de-services-sur-actifs-numeriques-psan
AMF_FR,FR,OP DIGITAL SERVICES LIMITED,N/A - Passeport,AUTHORISED,2026-06-24,Conservation et administration de crypto-actifs pour le compte de clients | Échange de crypto-actifs contre des fonds | Échange de crypto-actifs contre d’autres crypto-actifs | Exécution d’ordres sur crypto-actifs pour le compte de clients | Fourniture de services de transfert de crypto-actifs pour le compte de clients,openpayd.com,https://www.data.gouv.fr/datasets/liste-blanche-des-prestataires-de-services-sur-actifs-numeriques-psan
AMF_FR,FR,OSL EU GMBH,N/A - Passeport,AUTHORISED,2026-07-07,Conservation et administration de crypto-actifs pour le compte de clients | Échange de crypto-actifs contre des fonds | Échange de crypto-actifs contre d’autres crypto-actifs | Fourniture de services de transfert de crypto-actifs pour le compte de clients,osl.com,https://www.data.gouv.fr/datasets/liste-blanche-des-prestataires-de-services-sur-actifs-numeriques-psan
AMF_FR,FR,OURO-CAPITAL SAS,E2023-066,WITHDRAWN,2026-06-02,Radiation pour arrêt d’activité | Conservation d'actifs numériques | Achat/vente d'actifs numériques contre monnaie ayant cours légal | Echange d'actifs numériques contre d'autres actifs numériques,ouro-capital.com,https://www.data.gouv.fr/datasets/liste-blanche-des-prestataires-de-services-sur-actifs-numeriques-psan
AMF_FR,FR,OVEX EU SAS,E2023-093,WITHDRAWN,2026-07-02,Radiation pour arrêt d’activité | Conservation d'actifs numériques | Achat/vente d'actifs numériques contre monnaie ayant cours légal | Echange d'actifs numériques contre d'autres actifs numériques,ovex.io,https://www.data.gouv.fr/datasets/liste-blanche-des-prestataires-de-services-sur-actifs-numeriques-psan
AMF_FR,FR,PALISADE FINANCIAL SAS,E2023-082,WITHDRAWN,2026-04-02,Radiation pour arrêt d’activité | Conservation d'actifs numériques | Echange d'actifs numériques contre d'autres actifs numériques,palisade.co,https://www.data.gouv.fr/datasets/liste-blanche-des-prestataires-de-services-sur-actifs-numeriques-psan
AMF_FR,FR,PAYHOUND LIMITED,N/A - Passeport,AUTHORISED,2025-12-03,Conservation et administration de crypto-actifs pour le compte de clients | Échange de crypto-actifs contre des fonds | Échange de crypto-actifs contre d’autres crypto-actifs | Exécution d’ordres sur crypto-actifs pour le compte de clients | Fourniture de services de transfert de crypto-actifs pour le compte de clients,payhound.com,https://www.data.gouv.fr/datasets/liste-blanche-des-prestataires-de-services-sur-actifs-numeriques-psan
AMF_FR,FR,PAYMIUM SAS,E2021-011,WITHDRAWN,2026-06-22,Caducité pour cause de décision d’agrément MiCA | Conservation d'actifs numériques | Achat/vente d'actifs numériques contre monnaie ayant cours légal | Exploitation d'une plateforme de négociation d'actifs numériques | Echange d'actifs numériques contre d'autres actifs numériques,paymium.com,https://www.data.gouv.fr/datasets/liste-blanche-des-prestataires-de-services-sur-actifs-numeriques-psan
AMF_FR,FR,PAYMIUM SAS,A2026-018,AUTHORISED,2026-06-22,Conservation et administration de crypto-actifs pour le compte de clients | Exploitation d’une plate-forme de négociation de crypto-actifs | Échange de crypto-actifs contre des fonds | Échange de crypto-actifs contre d’autres crypto-actifs | Exécution d’ordres sur crypto-actifs pour le compte de clients | Fourniture de services de transfert de crypto-actifs pour le compte de clients,paymium.com,https://www.data.gouv.fr/datasets/liste-blanche-des-prestataires-de-services-sur-actifs-numeriques-psan
AMF_FR,FR,PAYMONADE AG,N/A - Passeport,AUTHORISED,2026-07-13,Échange de crypto-actifs contre des fonds | Fourniture de services de transfert de crypto-actifs pour le compte de clients,paymonade.tech,https://www.data.gouv.fr/datasets/liste-blanche-des-prestataires-de-services-sur-actifs-numeriques-psan
AMF_FR,FR,PAYSAFE PAYMENT SOLUTIONS LIMITED,N/A - Passeport,AUTHORISED,2025-12-03,Conservation et administration de crypto-actifs pour le compte de clients | Échange de crypto-actifs contre des fonds | Échange de crypto-actifs contre d’autres crypto-actifs | Fourniture de services de transfert de crypto-actifs pour le compte de clients,skrill.com,https://www.data.gouv.fr/datasets/liste-blanche-des-prestataires-de-services-sur-actifs-numeriques-psan
AMF_FR,FR,PAYTOP SAS,E2023-079,WITHDRAWN,2026-05-21,Caducité pour cause de décision d’agrément MiCA | Conservation d'actifs numériques | Achat/vente d'actifs numériques contre monnaie ayant cours légal | Echange d'actifs numériques contre d'autres actifs numériques,paytop.com,https://www.data.gouv.fr/datasets/liste-blanche-des-prestataires-de-services-sur-actifs-numeriques-psan
AMF_FR,FR,PAYTOP SAS (TRIPLE-A),A2026-015,AUTHORISED,2026-05-21,Conservation et administration de crypto-actifs pour le compte de clients | Échange de crypto-actifs contre des fonds | Fourniture de services de transfert de crypto-actifs pour le compte de clients,paytop.com,https://www.data.gouv.fr/datasets/liste-blanche-des-prestataires-de-services-sur-actifs-numeriques-psan
AMF_FR,FR,PAYWARD EUROPE SOLUTIONS LIMITED / KRAKEN DIGITAL ASSET EXCHANGE (“KRAKEN”),N/A - Passeport,AUTHORISED,2025-06-25,Conservation et administration de crypto-actifs pour le compte de clients | Échange de crypto-actifs contre des fonds | Échange de crypto-actifs contre d’autres crypto-actifs | Exécution d’ordres sur crypto-actifs pour le compte de clients | Placement de crypto-actifs | Réception et transmission d’ordres sur crypto-actifs pour le compte de clients | Fourniture de services de gestion de portefeuille de crypto-actifs | Fourniture de services de transfert de crypto-actifs pour le compte de clients,kraken.com,https://www.data.gouv.fr/datasets/liste-blanche-des-prestataires-de-services-sur-actifs-numeriques-psan
AMF_FR,FR,PELICAN EXCHANGE EUROPE (CY) LIMITED,N/A - Passeport,AUTHORISED,2026-04-01,Exécution d’ordres sur crypto-actifs pour le compte de clients | La réception et transmission d'ordres sur actifs numériques pour le compte de tiers | Fourniture de conseils en crypto-actifs | Fourniture de services de gestion de portefeuille de crypto-actifs,pelicaneu.com,https://www.data.gouv.fr/datasets/liste-blanche-des-prestataires-de-services-sur-actifs-numeriques-psan
AMF_FR,FR,PENNING FINANCIAL SERVICES APS,N/A - Passeport,AUTHORISED,2026-03-01,Conservation et administration de crypto-actifs pour le compte de clients | Échange de crypto-actifs contre des fonds | Échange de crypto-actifs contre d’autres crypto-actifs | Exécution d’ordres sur crypto-actifs pour le compte de clients | Réception et transmission d’ordres sur crypto-actifs pour le compte de clients | Fourniture de services de gestion de portefeuille de crypto-actifs | Fourniture de services de transfert de crypto-actifs pour le compte de clients,penning.io,https://www.data.gouv.fr/datasets/liste-blanche-des-prestataires-de-services-sur-actifs-numeriques-psan
AMF_FR,FR,PIONEW IRELAND LIMITED,N/A - Passeport,AUTHORISED,2025-12-18,Conservation et administration de crypto-actifs pour le compte de clients | Exploitation d’une plate-forme de négociation de crypto-actifs | Échange de crypto-actifs contre des fonds | Fourniture de services de transfert de crypto-actifs pour le compte de clients,webot.com,https://www.data.gouv.fr/datasets/liste-blanche-des-prestataires-de-services-sur-actifs-numeriques-psan
AMF_FR,FR,PRESSBROKERS S.L (BITNOVO),E2023-102,WITHDRAWN,2026-07-02,Radiation pour arrêt d’activité | Conservation d'actifs numériques | Achat/vente d'actifs numériques contre monnaie ayant cours légal | Echange d'actifs numériques contre d'autres actifs numériques,bitnovo.com,https://www.data.gouv.fr/datasets/liste-blanche-des-prestataires-de-services-sur-actifs-numeriques-psan
AMF_FR,FR,PUSH VIRTUAL ASSETS IRELAND LIMITED,N/A - Passeport,AUTHORISED,2025-11-12,Échange de crypto-actifs contre des fonds | Échange de crypto-actifs contre d’autres crypto-actifs,push.co,https://www.data.gouv.fr/datasets/liste-blanche-des-prestataires-de-services-sur-actifs-numeriques-psan
AMF_FR,FR,QWARKS SAS,E2023-097,WITHDRAWN,2026-05-21,Caducité pour cause de décision d’agrément MiCA | Conservation d'actifs numériques | Achat/vente d'actifs numériques contre monnaie ayant cours légal | Echange d'actifs numériques contre d'autres actifs numériques,qwarks.fr,https://www.data.gouv.fr/datasets/liste-blanche-des-prestataires-de-services-sur-actifs-numeriques-psan
AMF_FR,FR,QWARKS SAS,A2026-014,AUTHORISED,2026-05-21,Conservation et administration de crypto-actifs pour le compte de clients | Échange de crypto-actifs contre des fonds | Échange de crypto-actifs contre d’autres crypto-actifs | Exécution d’ordres sur crypto-actifs pour le compte de clients | Fourniture de services de gestion de portefeuille de crypto-actifs | Fourniture de services de transfert de crypto-actifs pour le compte de clients,qwarks.fr,https://www.data.gouv.fr/datasets/liste-blanche-des-prestataires-de-services-sur-actifs-numeriques-psan
AMF_FR,FR,RAMIFY SAS,E2023-075,WITHDRAWN,2026-07-02,Radiation pour arrêt d’activité | Conservation d'actifs numériques | Achat/vente d'actifs numériques contre monnaie ayant cours légal | Echange d'actifs numériques contre d'autres actifs numériques,ramify.fr,https://www.data.gouv.fr/datasets/liste-blanche-des-prestataires-de-services-sur-actifs-numeriques-psan
AMF_FR,FR,RAMP SWAPS (IRELAND) LIMITED,N/A - Passeport,AUTHORISED,2025-12-02,Échange de crypto-actifs contre des fonds,rampnetwork.com,https://www.data.gouv.fr/datasets/liste-blanche-des-prestataires-de-services-sur-actifs-numeriques-psan
AMF_FR,FR,RCUBE ASSET MANAGEMENT,N2026-007,AUTHORISED,2026-06-18,Fourniture de conseils en crypto-actifs | Fourniture de services de gestion de portefeuille de crypto-actifs,rcube.com,https://www.data.gouv.fr/datasets/liste-blanche-des-prestataires-de-services-sur-actifs-numeriques-psan
AMF_FR,FR,REDPILLS SAS,E2022-055,WITHDRAWN,2026-07-02,Radiation pour arrêt d’activité | Conservation d'actifs numériques | Achat/vente d'actifs numériques contre monnaie ayant cours légal | Echange d'actifs numériques contre d'autres actifs numériques,yuzu.green,https://www.data.gouv.fr/datasets/liste-blanche-des-prestataires-de-services-sur-actifs-numeriques-psan
AMF_FR,FR,REGULAR FINANCE SAS,A2026-030,AUTHORISED,2026-09-11,Conservation et administration de crypto-actifs pour le compte de clients | Échange de crypto-actifs contre des fonds | Fourniture de conseils en crypto-actifs | Fourniture de services de gestion de portefeuille de crypto-actifs | Fourniture de services de transfert de crypto-actifs pour le compte de clients,regular.eu,https://www.data.gouv.fr/datasets/liste-blanche-des-prestataires-de-services-sur-actifs-numeriques-psan
AMF_FR,FR,REGULAR FINANCE SAS (anciennement TECH FOR CHANGE SAS),E2023-072,WITHDRAWN,2026-07-02,Radiation pour arrêt d’activité | Conservation d'actifs numériques | Achat/vente d'actifs numériques contre monnaie ayant cours légal,regular.eu,https://www.data.gouv.fr/datasets/liste-blanche-des-prestataires-de-services-sur-actifs-numeriques-psan
AMF_FR,FR,RELAI EU SASU,A2025-006,AUTHORISED,2025-10-23,Échange de crypto-actifs contre des fonds,relai.app,https://www.data.gouv.fr/datasets/liste-blanche-des-prestataires-de-services-sur-actifs-numeriques-psan
AMF_FR,FR,REVOLUT DIGITAL ASSETS EUROPE LTD,N/A - Passeport,AUTHORISED,2025-10-21,Conservation et administration de crypto-actifs pour le compte de clients | Exploitation d’une plate-forme de négociation de crypto-actifs | Échange de crypto-actifs contre des fonds | Échange de crypto-actifs contre d’autres crypto-actifs | Placement de crypto-actifs | Fourniture de services de transfert de crypto-actifs pour le compte de clients,revolut.com,https://www.data.gouv.fr/datasets/liste-blanche-des-prestataires-de-services-sur-actifs-numeriques-psan
AMF_FR,FR,RIALTO SAS (anciennement ATLENDIS FLOW SAS),E2023-090,WITHDRAWN,2026-04-02,Radiation pour arrêt d’activité | Conservation d'actifs numériques | Achat/vente d'actifs numériques contre monnaie ayant cours légal | Echange d'actifs numériques contre d'autres actifs numériques,rialtobridge.xyz,https://www.data.gouv.fr/datasets/liste-blanche-des-prestataires-de-services-sur-actifs-numeriques-psan
AMF_FR,FR,RIPPLE PAYMENTS EUROPE S.A.,N/A - Passeport,AUTHORISED,2026-06-29,Échange de crypto-actifs contre des fonds | Échange de crypto-actifs contre d’autres crypto-actifs | Fourniture de services de transfert de crypto-actifs pour le compte de clients,ripple.com,https://www.data.gouv.fr/datasets/liste-blanche-des-prestataires-de-services-sur-actifs-numeriques-psan
AMF_FR,FR,ROBINHOOD EUROPE UAB,N/A - Passeport,AUTHORISED,2025-06-16,Conservation et administration de crypto-actifs pour le compte de clients | Exécution d’ordres sur crypto-actifs pour le compte de clients | Réception et transmission d’ordres sur crypto-actifs pour le compte de clients | Fourniture de services de transfert de crypto-actifs pour le compte de clients,robinhood.com,https://www.data.gouv.fr/datasets/liste-blanche-des-prestataires-de-services-sur-actifs-numeriques-psan
AMF_FR,FR,RONIN EM LIMITED,N/A - Passeport,AUTHORISED,2026-07-01,Conservation et administration de crypto-actifs pour le compte de clients | Échange de crypto-actifs contre des fonds | Échange de crypto-actifs contre d’autres crypto-actifs | Exécution d’ordres sur crypto-actifs pour le compte de clients | Réception et transmission d’ordres sur crypto-actifs pour le compte de clients | Fourniture de services de transfert de crypto-actifs pour le compte de clients,ron.in,https://www.data.gouv.fr/datasets/liste-blanche-des-prestataires-de-services-sur-actifs-numeriques-psan
AMF_FR,FR,RUFIJI CAPITAL SAS,E2023-077,WITHDRAWN,2026-06-12,Caducité pour cause de décision d’agrément MiCA | Conservation d'actifs numériques | Echange d'actifs numériques contre d'autres actifs numériques,rufiji.capital,https://www.data.gouv.fr/datasets/liste-blanche-des-prestataires-de-services-sur-actifs-numeriques-psan
AMF_FR,FR,RUFIJI CAPITAL SAS,A2026-016,AUTHORISED,2026-06-12,Conservation et administration de crypto-actifs pour le compte de clients | Exécution d’ordres sur crypto-actifs pour le compte de clients | Fourniture de conseils en crypto-actifs | Fourniture de services de gestion de portefeuille de crypto-actifs | Fourniture de services de transfert de crypto-actifs pour le compte de clients,rufiji.capital,https://www.data.gouv.fr/datasets/liste-blanche-des-prestataires-de-services-sur-actifs-numeriques-psan
AMF_FR,FR,RULEMATCH EUROPE AG,N/A - Passeport,AUTHORISED,2026-09-01,Conservation et administration de crypto-actifs pour le compte de clients | Exploitation d’une plate-forme de négociation de crypto-actifs | Fourniture de services de transfert de crypto-actifs pour le compte de clients,rulematch.com,https://www.data.gouv.fr/datasets/liste-blanche-des-prestataires-de-services-sur-actifs-numeriques-psan
AMF_FR,FR,SAFELYNX TECHNOLOGIES APS,N/A - Passeport,AUTHORISED,2026-06-30,Échange de crypto-actifs contre des fonds,safelynx.io,https://www.data.gouv.fr/datasets/liste-blanche-des-prestataires-de-services-sur-actifs-numeriques-psan
AMF_FR,FR,SATOSHI DEV SAS / COMPTOIR DES CYBERMONNAIES,E2020-007,WITHDRAWN,2026-07-02,Radiation pour arrêt d’activité | Achat/vente d'actifs numériques contre monnaie ayant cours légal | Echange d'actifs numériques contre d'autres actifs numériques | Conservation d'actifs numériques,lecomptoirdescybermonnaies.fr,https://www.data.gouv.fr/datasets/liste-blanche-des-prestataires-de-services-sur-actifs-numeriques-psan
AMF_FR,FR,SG DIGITAL ASSETS LIMITED,N/A - Passeport,AUTHORISED,2026-09-01,Conservation et administration de crypto-actifs pour le compte de clients | Échange de crypto-actifs contre des fonds | Échange de crypto-actifs contre d’autres crypto-actifs | Exécution d’ordres sur crypto-actifs pour le compte de clients | Réception et transmission d’ordres sur crypto-actifs pour le compte de clients | Fourniture de services de transfert de crypto-actifs pour le compte de clients,solidgate.com,https://www.data.gouv.fr/datasets/liste-blanche-des-prestataires-de-services-sur-actifs-numeriques-psan
AMF_FR,FR,SHARES DIGITAL ASSETS SAS,E2023-071,WITHDRAWN,2026-07-02,Radiation pour arrêt d’activité | Conservation d'actifs numériques | Echange d'actifs numériques contre d'autres actifs numériques | Achat/vente d'actifs numériques contre monnaie ayant cours légal,shares.io,https://www.data.gouv.fr/datasets/liste-blanche-des-prestataires-de-services-sur-actifs-numeriques-psan
AMF_FR,FR,SHARES FINANCIAL ASSETS SAS,A2026-028 / N2026-009,AUTHORISED,2026-07-28,Conservation et administration de crypto-actifs pour le compte de clients | Réception et transmission d’ordres sur crypto-actifs pour le compte de clients | Fourniture de services de transfert de crypto-actifs pour le compte de clients,shares.io,https://www.data.gouv.fr/datasets/liste-blanche-des-prestataires-de-services-sur-actifs-numeriques-psan
AMF_FR,FR,SIA PAYBIS EUROPE,N/A - Passeport,AUTHORISED,2026-05-29,Conservation et administration de crypto-actifs pour le compte de clients | Échange de crypto-actifs contre des fonds | Échange de crypto-actifs contre d’autres crypto-actifs | Exécution d’ordres sur crypto-actifs pour le compte de clients | Fourniture de conseils en crypto-actifs | Fourniture de services de transfert de crypto-actifs pour le compte de clients,paybis.com,https://www.data.gouv.fr/datasets/liste-blanche-des-prestataires-de-services-sur-actifs-numeriques-psan
AMF_FR,FR,S.K. DASK KRYPTO LTD,N/A - Passeport,AUTHORISED,2026-07-01,Conservation et administration de crypto-actifs pour le compte de clients | Échange de crypto-actifs contre des fonds | Échange de crypto-actifs contre d’autres crypto-actifs | Exécution d’ordres sur crypto-actifs pour le compte de clients | Réception et transmission d’ordres sur crypto-actifs pour le compte de clients | Fourniture de services de transfert de crypto-actifs pour le compte de clients,daskkrypto.eu,https://www.data.gouv.fr/datasets/liste-blanche-des-prestataires-de-services-sur-actifs-numeriques-psan
AMF_FR,FR,SMART VALOR AG,N/A - Passeport,AUTHORISED,2026-07-02,Conservation et administration de crypto-actifs pour le compte de clients | Exploitation d’une plate-forme de négociation de crypto-actifs | Échange de crypto-actifs contre des fonds | Échange de crypto-actifs contre d’autres crypto-actifs | Fourniture de services de transfert de crypto-actifs pour le compte de clients,smartvalor.com,https://www.data.gouv.fr/datasets/liste-blanche-des-prestataires-de-services-sur-actifs-numeriques-psan
AMF_FR,FR,SOCIÉTÉ GÉNÉRALE - FORGE,E2022-049,WITHDRAWN,2023-07-18,Caducité pour cause de décision d’agrément Pacte | Conservation d'actifs numériques | Achat/vente d'actifs numériques contre monnaie ayant cours légal | Echange d'actifs numériques contre d'autres actifs numériques,sgforge.com,https://www.data.gouv.fr/datasets/liste-blanche-des-prestataires-de-services-sur-actifs-numeriques-psan
AMF_FR,FR,SOCIÉTÉ GÉNÉRALE - FORGE,A2025-007 / N2025-003,AUTHORISED,2025-10-23,Conservation et administration de crypto-actifs pour le compte de clients | Fourniture de services de transfert de crypto-actifs pour le compte de clients | Exécution d’ordres sur crypto-actifs pour le compte de clients,sgforge.com,https://www.data.gouv.fr/datasets/liste-blanche-des-prestataires-de-services-sur-actifs-numeriques-psan
AMF_FR,FR,SOCIÉTÉ GÉNÉRALE - FORGE,A2023-001,WITHDRAWN,2025-10-23,Caducité pour cause de décision d’agrément MiCA | Conservation d'actifs numériques | Achat/vente d'actifs numériques contre monnaie ayant cours légal | Echange d'actifs numériques contre d'autres actifs numériques | La réception et transmission d'ordres sur actifs numériques pour le compte de tiers,sgforge.com,https://www.data.gouv.fr/datasets/liste-blanche-des-prestataires-de-services-sur-actifs-numeriques-psan
AMF_FR,FR,STABLE MINT LTD,N/A - Passeport,AUTHORISED,2026-06-22,Conservation et administration de crypto-actifs pour le compte de clients | Fourniture de services de transfert de crypto-actifs pour le compte de clients,stablemint.io,https://www.data.gouv.fr/datasets/liste-blanche-des-prestataires-de-services-sur-actifs-numeriques-psan
AMF_FR,FR,STACKINSAT SAS,E2020-004,WITHDRAWN,2026-07-02,Radiation pour arrêt d’activité | Achat/vente d'actifs numériques contre monnaie ayant cours légal | Conservation d'actifs numériques,stackinsat.com,https://www.data.gouv.fr/datasets/liste-blanche-des-prestataires-de-services-sur-actifs-numeriques-psan
AMF_FR,FR,STANDARD CHARTERED LUXEMBOURG SA,N/A - Passeport,AUTHORISED,2026-07-29,Conservation et administration de crypto-actifs pour le compte de clients | Fourniture de services de transfert de crypto-actifs pour le compte de clients,sc.com,https://www.data.gouv.fr/datasets/liste-blanche-des-prestataires-de-services-sur-actifs-numeriques-psan
AMF_FR,FR,STOKR S.A.,N/A - Passeport,AUTHORISED,2026-06-22,Conservation et administration de crypto-actifs pour le compte de clients | Fourniture de services de transfert de crypto-actifs pour le compte de clients,strike.me,https://www.data.gouv.fr/datasets/liste-blanche-des-prestataires-de-services-sur-actifs-numeriques-psan
AMF_FR,FR,STONEX DIGITAL INTERNATIONAL LIMITED,N/A - Passeport,AUTHORISED,2025-12-19,Conservation et administration de crypto-actifs pour le compte de clients | Échange de crypto-actifs contre des fonds | Échange de crypto-actifs contre d’autres crypto-actifs | Exécution d’ordres sur crypto-actifs pour le compte de clients | Réception et transmission d’ordres sur crypto-actifs pour le compte de clients | Fourniture de services de transfert de crypto-actifs pour le compte de clients,stonex.com,https://www.data.gouv.fr/datasets/liste-blanche-des-prestataires-de-services-sur-actifs-numeriques-psan
AMF_FR,FR,STRATOS EUROPE LIMITED,N/A - Passeport,WITHDRAWN,2026-04-24,Conservation et administration de crypto-actifs pour le compte de clients | Échange de crypto-actifs contre des fonds | Échange de crypto-actifs contre d’autres crypto-actifs,tradu.com,https://www.data.gouv.fr/datasets/liste-blanche-des-prestataires-de-services-sur-actifs-numeriques-psan
AMF_FR,FR,SWISSBORG SOLUTION OÜ,E2022-034,WITHDRAWN,2026-06-30,"Radiation pour arrêt d’activité (activité transférée à Blocknodes SAS, agréé MiCA) | Conservation d'actifs numériques | Achat/vente d'actifs numériques contre monnaie ayant cours légal | Echange d'actifs numériques contre d'autres actifs numériques",swissborg.com,https://www.data.gouv.fr/datasets/liste-blanche-des-prestataires-de-services-sur-actifs-numeriques-psan
AMF_FR,FR,SWISSQUOTE BANK EUROPE SA,N/A - Passeport,AUTHORISED,2026-06-05,Conservation et administration de crypto-actifs pour le compte de clients | Exécution d’ordres sur crypto-actifs pour le compte de clients | Fourniture de services de transfert de crypto-actifs pour le compte de clients,swissquote.com,https://www.data.gouv.fr/datasets/liste-blanche-des-prestataires-de-services-sur-actifs-numeriques-psan
AMF_FR,FR,SYGNUM EUROPE AG,N/A - Passeport,AUTHORISED,2026-06-30,Conservation et administration de crypto-actifs pour le compte de clients | Échange de crypto-actifs contre des fonds | Échange de crypto-actifs contre d’autres crypto-actifs | Fourniture de services de transfert de crypto-actifs pour le compte de clients,sygnum.com,https://www.data.gouv.fr/datasets/liste-blanche-des-prestataires-de-services-sur-actifs-numeriques-psan
AMF_FR,FR,SYSTEM PAY SERVICES (MALTA) LIMITED,N/A - Passeport,AUTHORISED,2026-02-24,Conservation et administration de crypto-actifs pour le compte de clients | Échange de crypto-actifs contre des fonds | Échange de crypto-actifs contre d’autres crypto-actifs | Fourniture de services de transfert de crypto-actifs pour le compte de clients | Exécution d’ordres sur crypto-actifs pour le compte de clients,bvnk.com,https://www.data.gouv.fr/datasets/liste-blanche-des-prestataires-de-services-sur-actifs-numeriques-psan
AMF_FR,FR,TANGANY GMBH,N/A - Passeport,AUTHORISED,2025-08-12,Conservation et administration de crypto-actifs pour le compte de clients | Fourniture de services de transfert de crypto-actifs pour le compte de clients,tangany.com,https://www.data.gouv.fr/datasets/liste-blanche-des-prestataires-de-services-sur-actifs-numeriques-psan
AMF_FR,FR,TEROXX DIGITAL ASSET LTD,N/A - Passeport,AUTHORISED,2025-11-25,Conservation et administration de crypto-actifs pour le compte de clients | Échange de crypto-actifs contre des fonds | Échange de crypto-actifs contre d’autres crypto-actifs | Exécution d’ordres sur crypto-actifs pour le compte de clients | Placement de crypto-actifs | Fourniture de conseils en crypto-actifs | Fourniture de services de gestion de portefeuille de crypto-actifs | Fourniture de services de transfert de crypto-actifs pour le compte de clients,teroxx.com,https://www.data.gouv.fr/datasets/liste-blanche-des-prestataires-de-services-sur-actifs-numeriques-psan
AMF_FR,FR,TESSERACT INVESTMENT OY,N/A - Passeport,AUTHORISED,2025-10-23,Conservation et administration de crypto-actifs pour le compte de clients | Réception et transmission d’ordres sur crypto-actifs pour le compte de clients | Fourniture de conseils en crypto-actifs | Fourniture de services de gestion de portefeuille de crypto-actifs | Fourniture de services de transfert de crypto-actifs pour le compte de clients,tesseract.fi,https://www.data.gouv.fr/datasets/liste-blanche-des-prestataires-de-services-sur-actifs-numeriques-psan
AMF_FR,FR,TILVEST SAS,E2022-047,WITHDRAWN,2026-07-02,Radiation pour arrêt d’activité | Conservation d'actifs numériques | Achat/vente d'actifs numériques contre monnaie ayant cours légal | Echange d'actifs numériques contre d'autres actifs numériques,tilvest.com,https://www.data.gouv.fr/datasets/liste-blanche-des-prestataires-de-services-sur-actifs-numeriques-psan
AMF_FR,FR,TRACTIAL (ANCIENNEMENT BD MULTI-MEDIA),E2023-092,WITHDRAWN,2026-07-02,Radiation pour arrêt d’activité | Conservation d'actifs numériques | Achat/vente d'actifs numériques contre monnaie ayant cours légal | Echange d'actifs numériques contre d'autres actifs numériques,tractial.com,https://www.data.gouv.fr/datasets/liste-blanche-des-prestataires-de-services-sur-actifs-numeriques-psan
AMF_FR,FR,TRADE REPUBLIC BANK GmbH,E2022-051,WITHDRAWN,2025-04-28,Caducité pour cause de décision d’agrément MiCA | Achat/vente d'actifs numériques contre monnaie ayant cours légal,traderepublic.com,https://www.data.gouv.fr/datasets/liste-blanche-des-prestataires-de-services-sur-actifs-numeriques-psan
AMF_FR,FR,TRADE REPUBLIC BANK GMBH,N/A - Passeport,AUTHORISED,2025-04-28,Conservation et administration de crypto-actifs pour le compte de clients | Exécution d’ordres sur crypto-actifs pour le compte de clients | Réception et transmission d’ordres sur crypto-actifs pour le compte de clients | Fourniture de services de transfert de crypto-actifs pour le compte de clients,traderepublic.com,https://www.data.gouv.fr/datasets/liste-blanche-des-prestataires-de-services-sur-actifs-numeriques-psan
AMF_FR,FR,TRADE REPUBLIC CUSTODY GmbH,E2022-052,WITHDRAWN,2026-04-02,Caducité pour cause de décision d’agrément MiCA | Conservation d'actifs numériques,traderepublic.com,https://www.data.gouv.fr/datasets/liste-blanche-des-prestataires-de-services-sur-actifs-numeriques-psan
AMF_FR,FR,TRADIAS GMBH,N/A - Passeport,AUTHORISED,2025-03-26,Échange de crypto-actifs contre des fonds | Échange de crypto-actifs contre d’autres crypto-actifs | Exécution d’ordres sur crypto-actifs pour le compte de clients | Placement de crypto-actifs | Fourniture de services de transfert de crypto-actifs pour le compte de clients,tradias.de,https://www.data.gouv.fr/datasets/liste-blanche-des-prestataires-de-services-sur-actifs-numeriques-psan
AMF_FR,FR,TRADING.COM MARKETS EU LIMITED,N/A - Passeport,AUTHORISED,2026-06-11,Conservation et administration de crypto-actifs pour le compte de clients | Échange de crypto-actifs contre des fonds | Échange de crypto-actifs contre d’autres crypto-actifs | Exécution d’ordres sur crypto-actifs pour le compte de clients | Réception et transmission d’ordres sur crypto-actifs pour le compte de clients | Fourniture de services de gestion de portefeuille de crypto-actifs,trading.com,https://www.data.gouv.fr/datasets/liste-blanche-des-prestataires-de-services-sur-actifs-numeriques-psan
AMF_FR,FR,TRAKX SAS,E2021-020,WITHDRAWN,2026-07-02,Radiation pour arrêt d’activité | Conservation d'actifs numériques | Achat/vente d'actifs numériques contre monnaie ayant cours légal | Echange d'actifs numériques contre d'autres actifs numériques | Exploitation d'une plateforme de négociation d'actifs numériques,trakx.io,https://www.data.gouv.fr/datasets/liste-blanche-des-prestataires-de-services-sur-actifs-numeriques-psan
AMF_FR,FR,TREK TECHNOLOGIES SIA,N/A - Passeport,AUTHORISED,2026-07-01,Conservation et administration de crypto-actifs pour le compte de clients | Échange de crypto-actifs contre des fonds | Échange de crypto-actifs contre d’autres crypto-actifs | Exécution d’ordres sur crypto-actifs pour le compte de clients | Fourniture de services de transfert de crypto-actifs pour le compte de clients,backpack.exchange,https://www.data.gouv.fr/datasets/liste-blanche-des-prestataires-de-services-sur-actifs-numeriques-psan
AMF_FR,FR,TRIA BRIDGE LIMITED,N/A - Passeport,AUTHORISED,2026-08-01,Conservation et administration de crypto-actifs pour le compte de clients | Échange de crypto-actifs contre des fonds | Échange de crypto-actifs contre d’autres crypto-actifs | Exécution d’ordres sur crypto-actifs pour le compte de clients | Réception et transmission d’ordres sur crypto-actifs pour le compte de clients | Fourniture de conseils en crypto-actifs | Fourniture de services de gestion de portefeuille de crypto-actifs | Fourniture de services de transfert de crypto-actifs pour le compte de clients,triabridge.com,https://www.data.gouv.fr/datasets/liste-blanche-des-prestataires-de-services-sur-actifs-numeriques-psan
AMF_FR,FR,UAB MICAR ASSETS,N/A - Passeport,AUTHORISED,2026-07-08,Conservation et administration de crypto-actifs pour le compte de clients | Échange de crypto-actifs contre des fonds | Échange de crypto-actifs contre d’autres crypto-actifs | Exécution d’ordres sur crypto-actifs pour le compte de clients | Réception et transmission d’ordres sur crypto-actifs pour le compte de clients | Fourniture de services de transfert de crypto-actifs pour le compte de clients,myriadcapital.lt,https://www.data.gouv.fr/datasets/liste-blanche-des-prestataires-de-services-sur-actifs-numeriques-psan
AMF_FR,FR,UPWEALTH DIGITAL ASSET MANAGEMENT (anciennement WEALTH SQUARE SAS),E2023-062,WITHDRAWN,2026-07-02,Radiation pour arrêt d’activité | Conservation d'actifs numériques | Achat/vente d'actifs numériques contre monnaie ayant cours légal | Echange d'actifs numériques contre d'autres actifs numériques,upwealth.io,https://www.data.gouv.fr/datasets/liste-blanche-des-prestataires-de-services-sur-actifs-numeriques-psan
AMF_FR,FR,VAULT4CRYPTO SAS,E2023-070,WITHDRAWN,2026-04-02,Radiation pour arrêt d’activité | Conservation d'actifs numériques | Achat/vente d'actifs numériques contre monnaie ayant cours légal | Echange d'actifs numériques contre d'autres actifs numériques,,https://www.data.gouv.fr/datasets/liste-blanche-des-prestataires-de-services-sur-actifs-numeriques-psan
AMF_FR,FR,VIRTU FINANCIAL IRELAND LIMITED,N/A - Passeport,AUTHORISED,2026-05-13,Échange de crypto-actifs contre des fonds | Échange de crypto-actifs contre d’autres crypto-actifs,virtu.com,https://www.data.gouv.fr/datasets/liste-blanche-des-prestataires-de-services-sur-actifs-numeriques-psan
AMF_FR,FR,VIVID DIGITAL SRL,E2023-086,WITHDRAWN,2025-09-25,Radiation pour arrêt d’activité | Conservation d'actifs numériques | Achat/vente d'actifs numériques contre monnaie ayant cours légal | Echange d'actifs numériques contre d'autres actifs numériques,vivid.money,https://www.data.gouv.fr/datasets/liste-blanche-des-prestataires-de-services-sur-actifs-numeriques-psan
AMF_FR,FR,VIVID MONEY B.V.,N/A - Passeport,AUTHORISED,2025-06-01,Conservation et administration de crypto-actifs pour le compte de clients | Réception et transmission d’ordres sur crypto-actifs pour le compte de clients,vivid.money,https://www.data.gouv.fr/datasets/liste-blanche-des-prestataires-de-services-sur-actifs-numeriques-psan
AMF_FR,FR,VOYAGER EUROPE SAS (anciennement LGO EUROPE SAS),E2020-003,WITHDRAWN,2025-12-18,Radiation pour arrêt d’activité | Conservation d'actifs numériques | Achat/vente d'actifs numériques contre monnaie ayant cours légal | Echange d'actifs numériques contre d'autres actifs numériques,,https://www.data.gouv.fr/datasets/liste-blanche-des-prestataires-de-services-sur-actifs-numeriques-psan
AMF_FR,FR,WB-SHIELD INNOVATIONS GMBH,N/A - Passeport,AUTHORISED,2026-06-18,Conservation et administration de crypto-actifs pour le compte de clients | Échange de crypto-actifs contre des fonds | Échange de crypto-actifs contre d’autres crypto-actifs | Placement de crypto-actifs | Fourniture de services de transfert de crypto-actifs pour le compte de clients,whitebit.eu,https://www.data.gouv.fr/datasets/liste-blanche-des-prestataires-de-services-sur-actifs-numeriques-psan
AMF_FR,FR,WEB3 TECHNOLOGY B.V.,N/A - Passeport,AUTHORISED,2026-03-30,Conservation et administration de crypto-actifs pour le compte de clients | Échange de crypto-actifs contre des fonds | Échange de crypto-actifs contre d’autres crypto-actifs | Fourniture de services de transfert de crypto-actifs pour le compte de clients,ari10.com,https://www.data.gouv.fr/datasets/liste-blanche-des-prestataires-de-services-sur-actifs-numeriques-psan
AMF_FR,FR,WEBULL SECURITIES (EUROPE) B.V.,N/A - Passeport,AUTHORISED,2026-11-01,Conservation et administration de crypto-actifs pour le compte de clients | Réception et transmission d’ordres sur crypto-actifs pour le compte de clients,webull.eu,https://www.data.gouv.fr/datasets/liste-blanche-des-prestataires-de-services-sur-actifs-numeriques-psan
AMF_FR,FR,WOORTON SAS,A2026-027,AUTHORISED,2026-07-23,Échange de crypto-actifs contre des fonds | Échange de crypto-actifs contre d’autres crypto-actifs | Exécution d’ordres sur crypto-actifs pour le compte de clients,woorton.com,https://www.data.gouv.fr/datasets/liste-blanche-des-prestataires-de-services-sur-actifs-numeriques-psan
AMF_FR,FR,WORTOON SAS,E2022-044,WITHDRAWN,2026-07-02,Radiation pour arrêt d’activité | Conservation d'actifs numériques | Achat/vente d'actifs numériques contre monnaie ayant cours légal | Echange d'actifs numériques contre d'autres actifs numériques,woorton.com,https://www.data.gouv.fr/datasets/liste-blanche-des-prestataires-de-services-sur-actifs-numeriques-psan
AMF_FR,FR,XTB LIMITED,N/A - Passeport,AUTHORISED,2026-03-02,Conservation et administration de crypto-actifs pour le compte de clients | Exécution d’ordres sur crypto-actifs pour le compte de clients | Réception et transmission d’ordres sur crypto-actifs pour le compte de clients,xtb.com,https://www.data.gouv.fr/datasets/liste-blanche-des-prestataires-de-services-sur-actifs-numeriques-psan
AMF_FR,FR,YOUNG PLATFORM S.P.A.,N/A - Passeport,AUTHORISED,2026-06-30,Conservation et administration de crypto-actifs pour le compte de clients | Échange de crypto-actifs contre des fonds | Échange de crypto-actifs contre d’autres crypto-actifs | Exécution d’ordres sur crypto-actifs pour le compte de clients | Placement de crypto-actifs | Fourniture de conseils en crypto-actifs | Fourniture de services de gestion de portefeuille de crypto-actifs | Fourniture de services de transfert de crypto-actifs pour le compte de clients,youngplatform.com,https://www.data.gouv.fr/datasets/liste-blanche-des-prestataires-de-services-sur-actifs-numeriques-psan
AMF_FR,FR,YOUNG PLATFORM S.P.A.,E2022-060,WITHDRAWN,2026-07-02,Radiation pour arrêt d’activité | Conservation d'actifs numériques | Achat/vente d'actifs numériques contre monnaie ayant cours légal | Echange d'actifs numériques contre d'autres actifs numériques,youngplatform.com,https://www.data.gouv.fr/datasets/liste-blanche-des-prestataires-de-services-sur-actifs-numeriques-psan
AMF_FR,FR,YOUSEEME SAS,E2022-050,WITHDRAWN,2026-07-02,Radiation pour arrêt d’activité | Conservation d'actifs numériques | Achat/vente d'actifs numériques contre monnaie ayant cours légal | Echange d'actifs numériques contre d'autres actifs numériques,youseeme.fr,https://www.data.gouv.fr/datasets/liste-blanche-des-prestataires-de-services-sur-actifs-numeriques-psan
AMF_FR,FR,ZAP (STRIKE) EUROPE LIMITED,N/A - Passeport,AUTHORISED,2026-06-25,Conservation et administration de crypto-actifs pour le compte de clients | Échange de crypto-actifs contre des fonds | Exécution d’ordres sur crypto-actifs pour le compte de clients | Fourniture de services de transfert de crypto-actifs pour le compte de clients,strike.me,https://www.data.gouv.fr/datasets/liste-blanche-des-prestataires-de-services-sur-actifs-numeriques-psan
AMF_FR,FR,ZEBEDEE EUROPE B.V.,N/A - Passeport,AUTHORISED,2025-03-01,Conservation et administration de crypto-actifs pour le compte de clients | Échange de crypto-actifs contre des fonds | Fourniture de services de transfert de crypto-actifs pour le compte de clients,zbd.gg,https://www.data.gouv.fr/datasets/liste-blanche-des-prestataires-de-services-sur-actifs-numeriques-psan
AMF_FR,FR,ZEROHASH EUROPE B.V.,N/A - Passeport,AUTHORISED,2026-01-01,Conservation et administration de crypto-actifs pour le compte de clients | Exploitation d’une plate-forme de négociation de crypto-actifs | Échange de crypto-actifs contre des fonds | Échange de crypto-actifs contre d’autres crypto-actifs | Fourniture de services de transfert de crypto-actifs pour le compte de clients,zerohash.com,https://www.data.gouv.fr/datasets/liste-blanche-des-prestataires-de-services-sur-actifs-numeriques-psan
AMF_FR,FR,ZILLION BITS LIMITED,N/A - Passeport,AUTHORISED,2025-03-17,Conservation et administration de crypto-actifs pour le compte de clients | Exploitation d’une plate-forme de négociation de crypto-actifs | Échange de crypto-actifs contre des fonds | Echange d'actifs numériques contre d'autres actifs numériques | Exécution d’ordres sur crypto-actifs pour le compte de clients | Placement de crypto-actifs | La réception et transmission d'ordres sur actifs numériques pour le compte de tiers | Fourniture de services de transfert de crypto-actifs pour le compte de clients,zbx.com,https://www.data.gouv.fr/datasets/liste-blanche-des-prestataires-de-services-sur-actifs-numeriques-psan
AMF_FR,FR,ZODIA CUSTODY (EUROPE) S.A.,N/A - Passeport,AUTHORISED,2025-12-16,Conservation et administration de crypto-actifs pour le compte de clients | Fourniture de services de transfert de crypto-actifs pour le compte de clients,zodia-custody.com,https://www.data.gouv.fr/datasets/liste-blanche-des-prestataires-de-services-sur-actifs-numeriques-psan
