registry,jurisdiction,entity_name,reference_id,register_status,effective_date,services,website_domains,source_url
ESMA_MICA,EU,360 Treasury Systems AG,529900P0204W9HA8JP36,AUTHORISED,2025-04-02,b. operation of a trading platform for crypto-assets,360t.com,https://www.esma.europa.eu/sites/default/files/2024-12/CASPS.csv
ESMA_MICA,EU,Acheron Europe B.V.,699400TPXCI7R4A0NG65,AUTHORISED,2025-05-26,a. providing custody and administration of crypto-assets on behalf of clients | e. execution of orders for crypto-assets on behalf of clients | h. providing advice on crypto-assets | i. providing portfolio management on crypto-assets | j. providing transfer services for crypto-assets on behalf of clients,acherontrading.com,https://www.esma.europa.eu/sites/default/files/2024-12/CASPS.csv
ESMA_MICA,EU,AK JENSEN NORWAY AS,213800P6PW4AOVYZ8K05,AUTHORISED,2026-02-02,g. reception and transmission of orders for crypto-assets on behalf of clients | i. providing portfolio management on crypto-assets,akj.com,https://www.esma.europa.eu/sites/default/files/2024-12/CASPS.csv
ESMA_MICA,EU,Alaric Securities OOD,549300I48OJHSE9OZS95,AUTHORISED,2025-12-22,a. providing custody and administration of crypto-assets on behalf of clients | c. exchange of crypto-assets for funds | d. exchange of crypto-assets for other crypto-assets | e. execution of orders for crypto-assets on behalf of clients | f. placing of crypto-assets | g. reception and transmission of orders for crypto-assets on behalf of clients | h. providing advice on crypto-assets | i. providing portfolio management on crypto-assets | j. providing transfer services,alaricsecurities.com,https://www.esma.europa.eu/sites/default/files/2024-12/CASPS.csv
ESMA_MICA,EU,ALPHACAP DIGITAL ASSETS SAS,969500ULPB59U51BG334,AUTHORISED,2026-06-25,a. providing custody and administration of crypto-assets on behalf of clients | h. providing advice on crypto-assets | i. providing portfolio management on crypto-assets | j. providing transfer services for crypto-assets on behalf of clients,alphacap.fr,https://www.esma.europa.eu/sites/default/files/2024-12/CASPS.csv
ESMA_MICA,EU,Altarius Asset Management Limited,5299000X84JRI8MS7D35,AUTHORISED,2025-03-24,g. reception and transmission of orders for crypto-assets on behalf of clients | i. providing portfolio management on crypto-assets;,altariusgroup.com,https://www.esma.europa.eu/sites/default/files/2024-12/CASPS.csv
ESMA_MICA,EU,Altcoins BG EООD,984500FBAE2EDEF1C317,AUTHORISED,2026-07-21,a. providing custody and administration of crypto-assets on behalf of clients | c. exchange of crypto-assets for funds | d. exchange of crypto-assets for other crypto-assets | j. providing transfer services for crypto-assets on behalf of clients,altcoins.bg,https://www.esma.europa.eu/sites/default/files/2024-12/CASPS.csv
ESMA_MICA,EU,Altlift s.r.o.,8945004PZEJSSPTTVB16,AUTHORISED,2026-06-30,e. execution of orders for crypto-assets on behalf of clients | g. reception and transmission of orders for crypto-assets on behalf of clients | h. providing advice on crypto-assets,,https://www.esma.europa.eu/sites/default/files/2024-12/CASPS.csv
ESMA_MICA,EU,Amdax B.V.,724500T7PFN30PF3ZQ87,AUTHORISED,2025-06-26,a. providing custody and administration of crypto-assets on behalf of clients | e. execution of orders for crypto-assets on behalf of clients | i. providing portfolio management on crypto-assets | j. providing transfer services for crypto-assets on behalf of clients,amdax.com | getnovelist.nl,https://www.esma.europa.eu/sites/default/files/2024-12/CASPS.csv
ESMA_MICA,EU,AMINA (Austria) AG,5299005I4LYIFW7GKB54,AUTHORISED,2025-10-29,a. providing custody and administration of crypto-assets on behalf of clients | c. exchange of crypto-assets for funds | d. exchange of crypto-assets for other crypto-assets | i. providing portfolio management on crypto-assets | j. providing transfer services for crypto-assets on behalf of clients,aminagroup.com,https://www.esma.europa.eu/sites/default/files/2024-12/CASPS.csv
ESMA_MICA,EU,AnCeKa Vermögensbetreuungs Aktiengesellschaft,529900FNJE1H184JV164,AUTHORISED,2026-03-04,g. reception and transmission of orders for crypto-assets on behalf of clients | h. providing advice on crypto-assets | i. providing portfolio management on crypto-assets,anceka.de,https://www.esma.europa.eu/sites/default/files/2024-12/CASPS.csv
ESMA_MICA,EU,APLO SAS,969500YKHZ31GZ7AAU02,AUTHORISED,2026-06-30,a. providing custody and administration of crypto-assets on behalf of clients | c. exchange of crypto-assets for funds | d. exchange of crypto-assets for other | e. execution of orders for crypto-assets on behalf of clients | j. providing transfer services for crypto-assets on behalf of clients,aplo.io,https://www.esma.europa.eu/sites/default/files/2024-12/CASPS.csv
ESMA_MICA,EU,Aquilla Nummus Ltd,549300ZCGZNVDA6R3Y84,AUTHORISED,2026-07-20,a. providing custody and administration of crypto-assets on behalf of clients | e. execution of orders for crypto-assets on behalf of clients | g. reception and transmission of orders for crypto-assets on behalf of clients | i. providing portfolio management on crypto-assets,aquillanummus.com,https://www.esma.europa.eu/sites/default/files/2024-12/CASPS.csv
ESMA_MICA,EU,AS LHV Pank,529900GJOSVHI055QR67,AUTHORISED,2026-05-18,providing custody and administration of crypto-assets on behalf of clients | reception and transmission of orders for crypto-assets on behalf of clients,lhv.ee,https://www.esma.europa.eu/sites/default/files/2024-12/CASPS.csv
ESMA_MICA,EU,AS TWINO Investments,984500856AF4DF5FAT57,AUTHORISED,2026-06-04,a. providing custody and administration of crypto-assets on behalf of clients | c. exchange of crypto-assets for funds | d. exchange of crypto-assets for other crypto-assets | e. execution of orders for crypto-assets on behalf of clients,twino.eu,https://www.esma.europa.eu/sites/default/files/2024-12/CASPS.csv
ESMA_MICA,EU,AvianLabs Netherlands B.V.,894500KQLQQYOD1PPX55,AUTHORISED,2025-04-02,c. exchange of crypto-assets for funds | d. exchange of crypto-assets for other crypto-assets | j. providing transfer services for crypto-assets on behalf of clients,sling.money,https://www.esma.europa.eu/sites/default/files/2024-12/CASPS.csv
ESMA_MICA,EU,B2C2 Europe Sarl,969500OA6NVZB5BXAB29,AUTHORISED,2026-05-13,c. exchange of crypto-assets for funds | d. exchange of crypto-assets for other crypto-assets | e. execution of orders for crypto-assets on behalf of clients,b2c2.com,https://www.esma.europa.eu/sites/default/files/2024-12/CASPS.csv
ESMA_MICA,EU,Baader Bank Aktiengesellschaft,529900JFOPPEDUR61H13,AUTHORISED,2025-05-16,e. execution of orders for crypto-assets on behalf of clients,baaderbank.de,https://www.esma.europa.eu/sites/default/files/2024-12/CASPS.csv
ESMA_MICA,EU,Baden-Württembergische Wertpapierbörse GmbH,529900A0WHA0NVXY0G45,AUTHORISED,2025-07-03,b. operation of a trading platform for crypto-assets,bsdex.de,https://www.esma.europa.eu/sites/default/files/2024-12/CASPS.csv
ESMA_MICA,EU,BANCA SELLA,549300I7OIUB41P86L19,AUTHORISED,2026-04-27,a. providing custody and administration of crypto-assets on behalf of clients | j. providing transfer services for crypto-assets on behalf of clients,sella.it,https://www.esma.europa.eu/sites/default/files/2024-12/CASPS.csv
ESMA_MICA,EU,Banco Bilbao Vizcaya Argentaria S.A.,K8MS7FD7N5Z2WQ51AZ71,AUTHORISED,2025-03-05,a. providing custody and administration of crypto-assets on behalf of clients. | e. execution of orders for crypto-assets on behalf of clients. | j. providing transfer services for crypto-assets on behalf of clients.,bbva.es,https://www.esma.europa.eu/sites/default/files/2024-12/CASPS.csv
ESMA_MICA,EU,Bank Frick AG,529900RQOBT3ZJMDRK43,AUTHORISED,2025-12-23,a. providing custody and administration of crypto-assets on behalf of clients | e. execution of orders for crypto-assets on behalf of clients | j. providing transfer services for crypto-assets on behalf of clients,bankfrick.li,https://www.esma.europa.eu/sites/default/files/2024-12/CASPS.csv
ESMA_MICA,EU,Bankhaus Scheich Wertpapierspezialist AG,54930079HJ1JTMKTW637,AUTHORISED,2025-08-07,c. exchange of crypto-assets for funds | c. exchange of crypto-assets for other crypto-assets | e. execution of orders for crypto-assets on behalf of clients | e. placing of crypto-assets | f.reception and transmission of orders for crypto-assets on behalf of clients | g. providing advice on crypto-assets | h. providing portfolio management on crypto-assets,bankhaus-scheich.de,https://www.esma.europa.eu/sites/default/files/2024-12/CASPS.csv
ESMA_MICA,EU,Banking Circle S.A.,213800W1NGBLERUS6M39,AUTHORISED,2026-02-16,c. exchange of crypto-assets for funds | d. exchange of crypto-assets for other crypto-assets | j. providing transfer services for crypto-assets on behalf of clients,bankingcircle.com,https://www.esma.europa.eu/sites/default/files/2024-12/CASPS.csv
ESMA_MICA,EU,BANQUE DELUBAC ET CIE,969500A4IPKVUBH3CA90,AUTHORISED,2025-10-23,a. providing custody and administration of crypto-assets on behalf of clients | c. exchange of crypto-assets for funds | d. exchange of crypto-assets for other | e. execution of orders for crypto-assets on behalf of clients | h. providing advice on crypto-assets | i. providing portfolio management on crypto-assets | j. providing transfer services for crypto-assets on behalf of clients,delubac.com,https://www.esma.europa.eu/sites/default/files/2024-12/CASPS.csv
ESMA_MICA,EU,BARE BITCOIN AS,636700PFX3CY9R033H73,AUTHORISED,2026-06-26,a. providing custody and administration of crypto-assets on behalf of clients | c. exchange of crypto-assets for funds | j. providing transfer services for crypto-assets on behalf of clients,barebitcoin.no,https://www.esma.europa.eu/sites/default/files/2024-12/CASPS.csv
ESMA_MICA,EU,BASQUE PAY S.L.,9598005WW6HZ4V82BZ26,AUTHORISED,2026-07-31,g. reception and transmission of orders for crypto-assets on behalf of clients,fazilcrypto.com,https://www.esma.europa.eu/sites/default/files/2024-12/CASPS.csv
ESMA_MICA,EU,BCASH SOCIETE ANONYME,,AUTHORISED,2026-06-30,c. exchange of crypto-assets for funds,bcash.eu,https://www.esma.europa.eu/sites/default/files/2024-12/CASPS.csv
ESMA_MICA,EU,Belayer ООD,64882N0ABXS71817AI18,AUTHORISED,2026-04-28,a. providing custody and administration of crypto-assets on behalf of clients | e.execution of orders for crypto-assets on behalf of clients | i. providing portfolio management on crypto-assets,belayer.bg,https://www.esma.europa.eu/sites/default/files/2024-12/CASPS.csv
ESMA_MICA,EU,Bequant Pro Limited,213800Y834JOMU87Z285,AUTHORISED,2026-06-30,a. providing custody and administration of crypto-assets on behalf of clients | c. exchange of crypto-assets for funds | d.exchange of crypto-assets for other crypto-assets | j. providing transfer services for crypto-assets on behalf of clients.,bequant.pro,https://www.esma.europa.eu/sites/default/files/2024-12/CASPS.csv
ESMA_MICA,EU,"Bison Bank, S.A.",549300V4H4USWZUCE073,AUTHORISED,2026-05-19,a. providing custody and administration of crypto-assets on behalf of clients | c. exchange of crypto-assets for funds | d. exchange of crypto-assets for other crypto-assets | e. execution of orders for crypto-assets on behalf of clients | f. placing of crypto-assets | g. reception and transmission of orders for crypto-assets on behalf of clients | h. providing advice on crypto-assets | j. providing transfer services for crypto-assets on behalf of clients,bisonbank.com,https://www.esma.europa.eu/sites/default/files/2024-12/CASPS.csv
ESMA_MICA,EU,Bitblock Ltd. for Services,9845006A6CAABE4C0347,AUTHORISED,2026-06-17,c. exchange of crypto-assets for funds,kriptomat.hr,https://www.esma.europa.eu/sites/default/files/2024-12/CASPS.csv
ESMA_MICA,EU,Bitcoinforme S.L.,9598007R5LSUJLGLS853,AUTHORISED,2025-10-31,a. providing custody and administration of crypto-assets on behalf of clients. | c. exchange of crypto-assets for funds | d. exchange of crypto-assets for other crypto-assets | e. execution of orders for crypto-assets on behalf of clients. | f. placing of crypto-assets | g. reception and transmission of orders for crypto-assets on behalf of clients. | j. providing transfer services for crypto-assets on behalf of clients.,bit2me.com,https://www.esma.europa.eu/sites/default/files/2024-12/CASPS.csv
ESMA_MICA,EU,Bitcoin Suisse (Europe) AG,5067009TZLDD94Q3W662,AUTHORISED,2026-06-22,a. providing custody and administration of crypto-assets on behalf of clients | c. exchange of crypto-assets for funds | d. exchange of crypto-assets for other crypto-assets | e. execution of orders for crypto-assets on behalf of clients | g. reception and transmission of orders for crypto-assets on behalf of clients | j. providing transfer services for crypto-assets on behalf of clients,bitcoinsuisse.com,https://www.esma.europa.eu/sites/default/files/2024-12/CASPS.csv
ESMA_MICA,EU,bitFlyer EUROPE S.A.,984500D4465EFA89EF38,AUTHORISED,2026-06-26,a. providing custody and administration of crypto-assets on behalf of clients | c. exchange of crypto-assets for funds | d. Exchange for crypto-assets for other crypto-assets | e. execution of orders for crypto-assets on behalf of clients | j. providing transfer services for crypto-assets on behalf of clients,bitflyer.com,https://www.esma.europa.eu/sites/default/files/2024-12/CASPS.csv
ESMA_MICA,EU,BitGo Europe GmbH,391200IJ3B1IP7993O16,AUTHORISED,2025-05-09,a. providing custody and administration of crypto-assets on behalf of clients | c. exchange of crypto-assets for funds | d. exchange of crypto-assets for other crypto-assets | e. execution of orders for crypto-assets on behalf of clients | g. reception and transmission of orders for crypto-assets on behalf of clients | j. providing transfer services for crypto-assets on behalf of clients,bitgo.de,https://www.esma.europa.eu/sites/default/files/2024-12/CASPS.csv
ESMA_MICA,EU,Bitmymoney B.V.,724500H1WRSMD7CAS549,AUTHORISED,2025-11-20,a. providing custody and administration of crypto-assets on behalf of clients | c. exchange of crypto-assets for funds | d. exchange of crypto-assets for other crypto-assets | j. providing transfer services for crypto-assets on behalf of clients,bitmymoney.com,https://www.esma.europa.eu/sites/default/files/2024-12/CASPS.csv
ESMA_MICA,EU,Bitonic B.V.,7245001BEJ6U6AUU1S58,AUTHORISED,2025-11-21,a. providing custody and administration of crypto-assets on behalf of clients | c. exchange of crypto-assets for funds | e. execution of orders for crypto-assets on behalf of clients | j. providing transfer services for crypto-assets on behalf of clients,bitonic.nl,https://www.esma.europa.eu/sites/default/files/2024-12/CASPS.csv
ESMA_MICA,EU,Bitpanda Asset Management GmbH,9845005X9B7N610K0093,AUTHORISED,2025-01-24,a. providing custody and administration of crypto-assets on behalf of client | c. exchange of crypto-assets for funds | d. exchange of crypto-assets for other crypto-assets | j. providing transfer services for crypto-assets on behalf of clients,bitpanda.com,https://www.esma.europa.eu/sites/default/files/2024-12/CASPS.csv
ESMA_MICA,EU,Bitpanda GmbH,5493007WZ7IFULIL8G21,AUTHORISED,2025-04-09,a. providing custody and administration of crypto-assets on behalf of clients | c. exchange of crypto-assets for funds | d. exchange of crypto-assets for other crypto-assets | e. execution of orders for crypto-assets on behalf of clients | f. placing of crypto-assets | g. reception and transmission of orders for crypto-assets on behalf of clients | j. providing transfer services for crypto-assets on behalf of clients,bitpanda.com,https://www.esma.europa.eu/sites/default/files/2024-12/CASPS.csv
ESMA_MICA,EU,BitPay B.V.,724500F2THLY5MHEIM78,AUTHORISED,2026-07-16,(c) exchange of crypto-assets for funds (j) providing transfer services for crypto-assets on behalf of clients,bitpay.com,https://www.esma.europa.eu/sites/default/files/2024-12/CASPS.csv
ESMA_MICA,EU,BITSTACK DIGITAL ASSETS SAS,894500RKZ3TVTPIF7V84,AUTHORISED,2025-06-30,a. providing custody and administration of crypto-assets on behalf of clients | c. exchange of crypto-assets for funds | d. exchange of crypto-assets for other | e. execution of orders for crypto-assets on behalf of clients | j. providing transfer services for crypto-assets on behalf of clients,bitstack-app.com,https://www.esma.europa.eu/sites/default/files/2024-12/CASPS.csv
ESMA_MICA,EU,BitStaete B.V.,7245009PN18D4I1TKJ50,AUTHORISED,2024-12-30,i. providing portfolio management on crypto-assets,bitstaete.nl | bitstaete.com,https://www.esma.europa.eu/sites/default/files/2024-12/CASPS.csv
ESMA_MICA,EU,Bitstamp Europe S.A.,549300XIBGTJ0PLIEO72,AUTHORISED,2025-05-15,a. providing custody and administration of crypto-assets on behalf of clients | b. operation of a trading platform for crypto-assets | c. exchange of crypto-assets for funds | d. exchange of crypto-assets for other crypto-assets | e. execution of orders for crypto-assets on behalf of clients | g. reception and transmission of orders for crypto-assets on behalf of clients | j. providing transfer services for crypto-assets on behalf of clients,bitstamp.net,https://www.esma.europa.eu/sites/default/files/2024-12/CASPS.csv
ESMA_MICA,EU,Bittimaatti Oy,7437009FHK501IOCWZ66,AUTHORISED,2025-09-12,c. exchange of crypto-assets for funds,bittimaatti.fi,https://www.esma.europa.eu/sites/default/files/2024-12/CASPS.csv
ESMA_MICA,EU,Bitvavo B.V.,724500MX2WBKDJP9HE56,AUTHORISED,2025-06-26,a. providing custody and administration of crypto-assets on behalf of clients | b. operation of a trading platform for crypto-assets | j. providing transfer services for crypto-assets on behalf of clients,bitvavo.com,https://www.esma.europa.eu/sites/default/files/2024-12/CASPS.csv
ESMA_MICA,EU,Bleap SIA,2549005P20R5UTQWNB80,AUTHORISED,2026-06-25,c. exchange of crypto-assets for funds | d. exchange of crypto-assets for other crypto-assets,bleap.finance,https://www.esma.europa.eu/sites/default/files/2024-12/CASPS.csv
ESMA_MICA,EU,BlockBen SIA,254900BBV7FA7LUG5913,AUTHORISED,2025-12-03,a. providing custody and administration of crypto-assets on behalf of clients | c. exchange of crypto-assets for funds | d. exchange of crypto-assets for other crypto-assets | f. placing of crypto-assets | j. providing transfer services for crypto-assets on behalf of clients,blockben.com,https://www.esma.europa.eu/sites/default/files/2024-12/CASPS.csv
ESMA_MICA,EU,Blockchain.com Operations (Malta) Limited,254900GDCT8070R2VV26,AUTHORISED,2025-10-22,a. providing custody and administration of crypto-assets on behalf of clients | c. exchange of crypto-assets for funds | d. exchange of crypto-assets for other crypto-assets | e. execution of orders for crypto-assets on behalf of clients | j. providing transfer services for crypto-assets on behalf of clients.,blockchain.com,https://www.esma.europa.eu/sites/default/files/2024-12/CASPS.csv
ESMA_MICA,EU,BLOCKCHAIN PROCESS SECURITY (B.P.S.) SAS,9695000VFDEG5Z4JIY48,AUTHORISED,2026-07-24,a. providing custody and administration of crypto-assets on behalf of clients | c. exchange of crypto-assets for funds | d. exchange of crypto-assets for other | e. execution of orders for crypto-assets on behalf of clients | i. providing portfolio management on crypto-assets | j. providing transfer services for crypto-assets on behalf of clients,feel-mining.com | wigl.fr,https://www.esma.europa.eu/sites/default/files/2024-12/CASPS.csv
ESMA_MICA,EU,BLOCKNODES SAS,969500PZJWT3TD1SUI59,AUTHORISED,2026-03-05,a. providing custody and administration of crypto-assets on behalf of clients | e. execution of orders for crypto-assets on behalf of clients | f. placing of crypto-assets | h. providing advice on crypto-assets | i. providing portfolio management on crypto-assets | j. providing transfer services for crypto-assets on behalf of clients,swissborg.com,https://www.esma.europa.eu/sites/default/files/2024-12/CASPS.csv
ESMA_MICA,EU,Blockrise Capital B.V.,724500J6RZI9SE1AAP41,AUTHORISED,2025-11-25,a. providing custody and administration of crypto-assets on behalf of clients | e. execution of orders for crypto-assets on behalf of clients | i. providing portfolio management on crypto-assets | j. providing transfer services for crypto-assets on behalf of clients,blockrise.com,https://www.esma.europa.eu/sites/default/files/2024-12/CASPS.csv
ESMA_MICA,EU,BLOX B.V.,724500Z8JCXSX3351I94,AUTHORISED,2025-09-30,a. providing custody and administration of crypto-assets on behalf of clients | c. exchange of crypto-assets for funds | j. providing transfer services for crypto-assets on behalf of clients,weareblox.com,https://www.esma.europa.eu/sites/default/files/2024-12/CASPS.csv
ESMA_MICA,EU,BNY SA/NV,MMYX0N4ZEZ13Z4XCG897,AUTHORISED,2026-07-20,a. providing custody and administration of crypto-assets on behalf of clients | j. providing transfer services for crypto-assets on behalf of clients,bny.com,https://www.esma.europa.eu/sites/default/files/2024-12/CASPS.csv
ESMA_MICA,EU,Boerse Stuttgart Digital Custody GmbH,529900RC04FR9EHUT228,AUTHORISED,2025-01-17,a. providing custody and administration of crypto-assets on behalf of clients | j. providing transfer services for crypto-assets on behalf of clients,bsdigital.com,https://www.esma.europa.eu/sites/default/files/2024-12/CASPS.csv
ESMA_MICA,EU,BP23 CA Limited,984500DEID7B03J77118,AUTHORISED,2025-01-27,a. providing custody and administration of crypto-assets on behalf of clients | c. exchange of crypto-assets for funds | d. exchange of crypto-assets for other crypto-assets | e. execution of orders for crypto-assets on behalf of clients | g. reception and transmission of orders for crypto-assets on behalf of clients | j. providing transfer services for crypto-assets on behalf of clients.,bitpanda.com,https://www.esma.europa.eu/sites/default/files/2024-12/CASPS.csv
ESMA_MICA,EU,Bpifrance Investissement,96950082Z6KUVA6TW686,AUTHORISED,2026-06-18,h. providing advice on crypto-assets,bpifrance.fr,https://www.esma.europa.eu/sites/default/files/2024-12/CASPS.csv
ESMA_MICA,EU,Bridge Building S.A.,254900MVWQXMF77YZP65,AUTHORISED,2026-06-29,a. providing custody and administration of crypto-assets on behalf of clients | c. exchange of crypto-assets for funds | d. Exchange for crypto-assets for other crypto-assets | e. execution of orders for crypto-assets on behalf of clients | j. providing transfer services for crypto-assets on behalf of clients,bridge.xyz,https://www.esma.europa.eu/sites/default/files/2024-12/CASPS.csv
ESMA_MICA,EU,Brilliantscope Trading Limited,9845009846V10FGD4840,AUTHORISED,2026-06-29,a. providing custody and administration of crypto-assets on behalf of clients | c. exchange of crypto-assets for funds | d. exchange of crypto-assets for other crypto-assets | e. execution of orders for crypto-assets on behalf of clients | f. placing of crypto-assets | g. reception and transmission of orders for crypto-assets on behalf of clients | j. providing transfer services for crypto-assets on behalf of clients,tothemoon.com,https://www.esma.europa.eu/sites/default/files/2024-12/CASPS.csv
ESMA_MICA,EU,BTC Direct Europe B.V.,724500C4D3LQAKCEZ198,AUTHORISED,2025-06-18,c. exchange of crypto-assets for funds | d. exchange of crypto-assets for other crypto-assets | j. providing transfer services for crypto-assets on behalf of clients,btcdirect.eu,https://www.esma.europa.eu/sites/default/files/2024-12/CASPS.csv
ESMA_MICA,EU,Bullish Europe GmbH,2549008CBASK5Q680X12,AUTHORISED,2025-09-04,a. providing custody and administration of crypto-assets on behalf of clients | c. exchange of crypto-assets for funds | d. exchange of crypto-assets for other crypto-assets | e. execution of orders for crypto-assets on behalf of clients | j. providing transfer services for crypto-assets on behalf of clients,bullish.com,https://www.esma.europa.eu/sites/default/files/2024-12/CASPS.csv
ESMA_MICA,EU,BV & P Vermögen AG,529900R4Q9UCQ25IAA05,AUTHORISED,2026-03-13,g. reception and transmission of orders for crypto-assets on behalf of clients | i. providing portfolio management on crypto-assets,bvp-vermoegen.de,https://www.esma.europa.eu/sites/default/files/2024-12/CASPS.csv
ESMA_MICA,EU,Bybit EU GmbH,5299005V5GBSN2A4C303,AUTHORISED,2025-05-28,a. providing custody and administration of crypto-assets on behalf of clients | c. exchange of crypto-assets for funds | d. exchange of crypto-assets for other crypto-assets | f. placing of crypto-assets | j. providing transfer services for crypto-assets on behalf of clients,bybit.eu,https://www.esma.europa.eu/sites/default/files/2024-12/CASPS.csv
ESMA_MICA,EU,CACEIS BANK,96950023SCR9X9F3L662,AUTHORISED,2025-06-23,a. providing custody and administration of crypto-assets on behalf of clients | g. reception and transmission of orders for crypto-assets on behalf of clients | j. providing transfer services for crypto-assets on behalf of clients,caceis.com,https://www.esma.europa.eu/sites/default/files/2024-12/CASPS.csv
ESMA_MICA,EU,CAIXABANK S.A.,7CUNS533WID6K7DGFI87,AUTHORISED,2026-03-27,a. providing custody and administration of crypto-assets on behalf of clients. | e. execution of orders for crypto-assets on behalf of clients. | g. reception and transmission of orders for crypto-assets on behalf of clients. | j. providing transfer services for crypto-assets on behalf of clients.,caixabank.es,https://www.esma.europa.eu/sites/default/files/2024-12/CASPS.csv
ESMA_MICA,EU,Calamatta Cuschieri Investment Services Limited,391200EKTIW0OR813R66,AUTHORISED,2026-03-03,a.providing custody and administration of crypto-assets on behalf of clients | e. execution of orders for crypto-assets on behalf of clients,cc.com.mt,https://www.esma.europa.eu/sites/default/files/2024-12/CASPS.csv
ESMA_MICA,EU,CAPITAL VAULT LTD,984500C46B3B7B69Y904,AUTHORISED,2025-12-01,providing custody and administration of crypto-assets on behalf of clients | exchange of crypto-assets for funds | exchange of crypto-assets for other crypto-assets | execution of orders for crypto-assets on behalf of clients | providing transfer services for crypto-assets on behalf of clients,capital.com,https://www.esma.europa.eu/sites/default/files/2024-12/CASPS.csv
ESMA_MICA,EU,CAPITAL WALLET GREECE S.A.,,AUTHORISED,2026-07-22,a. providing custody and administration of crypto-assets on behalf of clients | c. exchange of crypto-assets for funds | d. exchange of crypto-assets for other crypto-assets | e. execution of orders for crypto-assets on behalf of clients | g. reception and transmission of orders for crypto-assets on behalf of clients | j. providing transfer services for crypto-assets on behalf of clients,capitalwallet.com,https://www.esma.europa.eu/sites/default/files/2024-12/CASPS.csv
ESMA_MICA,EU,CECABANK S.A.,549300CQ9NLEHMRCU505,AUTHORISED,2025-07-24,a. providing custody and administration of crypto-assets on behalf of clients. | g. reception and transmission of orders for crypto-assets on behalf of clients. | j. providing transfer services for crypto-assets on behalf of clients.,cecabank.es,https://www.esma.europa.eu/sites/default/files/2024-12/CASPS.csv
ESMA_MICA,EU,Celsion Bank AG,529900QHHMJYY9QSAC33,AUTHORISED,2026-03-13,a. providing custody and administration of crypto-assets on behalf of clients | c. exchange of crypto-assets for funds | d. exchange of crypto-assets for other crypto-assets | j. providing transfer services for crypto-assets on behalf of clients,celsion-finance.com,https://www.esma.europa.eu/sites/default/files/2024-12/CASPS.csv
ESMA_MICA,EU,CF Technologies Ltd,98450091A6D61FB36406,AUTHORISED,2026-06-27,a. providing custody and administration of crypto-assets on behalf of clients | c. exchange of crypto-assets for funds | d.exchange of crypto-assets for other crypto-assets | j. providing transfer services for crypto-assets on behalf of clients.,xcoins.com,https://www.esma.europa.eu/sites/default/files/2024-12/CASPS.csv
ESMA_MICA,EU,Change Securities B.V.,7245009PUAT6U71IXZ51,AUTHORISED,2026-04-20,a. providing custody and administration of crypto-assets on behalf of clients | c. exchange of crypto-assets for funds | e. execution of orders for crypto-assets on behalf of clients,changeinvest.com,https://www.esma.europa.eu/sites/default/files/2024-12/CASPS.csv
ESMA_MICA,EU,CHECKSIG S.R.L. SOCIETÀ BENEFIT,8156006C715AAACC5D19,AUTHORISED,2026-05-06,a. providing custody and administration of crypto-assets on behalf of clients | c. exchange of crypto-assets for funds | d. exchange of crypto-assets for other crypto-assets | e. execution of orders for crypto-assets on behalf of clients | j. providing transfer services for crypto-assets on behalf of clients,checksig.com,https://www.esma.europa.eu/sites/default/files/2024-12/CASPS.csv
ESMA_MICA,EU,CIRCLE INTERNET FINANCIAL EUROPE SAS,969500OYUDADGZKCR583,AUTHORISED,2026-04-23,a. providing custody and administration of crypto-assets on behalf of clients | j. providing transfer services for crypto-assets on behalf of clients,circle.com,https://www.esma.europa.eu/sites/default/files/2024-12/CASPS.csv
ESMA_MICA,EU,ClearBank Europe N.V.,724500EAW1MTCM9M1X68,AUTHORISED,2026-04-03,e. execution of orders for crypto-assets on behalf of clients | g. reception and transmission of orders for crypto-assets on behalf of clients | j. providing transfer services for crypto-assets on behalf of clients,clear.bank,https://www.esma.europa.eu/sites/default/files/2024-12/CASPS.csv
ESMA_MICA,EU,Clearstream Banking S.A.,549300OL514RA0SXJJ44,AUTHORISED,2025-02-07,a. providing custody and administration of crypto-assets on behalf of clients,clearstream.com,https://www.esma.europa.eu/sites/default/files/2024-12/CASPS.csv
ESMA_MICA,EU,Cloverum Finance (CY) Limited,213800IWLH982X74LO71,AUTHORISED,2026-07-06,a. providing custody and administration of crypto-assets on behalf of clients | c. exchange of crypto-assets for funds | d. exchange of crypto-assets for other crypto-assets | e. execution of orders for crypto-assets on behalf of clients | g. reception and transmission of orders for crypto-assets on behalf of clients | j. providing transfer services for crypto-assets on behalf of clients,cloverum.com,https://www.esma.europa.eu/sites/default/files/2024-12/CASPS.csv
ESMA_MICA,EU,Coinbase Luxembourg S.A.,984500F14CA4571AAC11,AUTHORISED,2025-06-20,a. providing custody and administration of crypto-assets on behalf of clients | c. exchange of crypto-assets for funds | d. exchange of crypto-assets for other crypto-assets | e. execution of orders for crypto-assets on behalf of clients | f. placing of crypto-assets | g. reception and transmission of orders for crypto-assets on behalf of clients | j. providing transfer services for crypto-assets on behalf of clients,,https://www.esma.europa.eu/sites/default/files/2024-12/CASPS.csv
ESMA_MICA,EU,Coinfinity GmbH,529900BSNR4XPZ6WBK17,AUTHORISED,2025-12-19,a. providing custody and administration of crypto-assets on behalf of clients | c. exchange of crypto-assets for funds | d. exchange of crypto-assets for other crypto-assets | h. providing advice on crypto-assets | j. providing transfer services for crypto-assets on behalf of clients,coinfinity.co,https://www.esma.europa.eu/sites/default/files/2024-12/CASPS.csv
ESMA_MICA,EU,COINHOUSE SAS,969500E5GFHK2RKF8251,AUTHORISED,2026-05-07,a. providing custody and administration of crypto-assets on behalf of clients | c. exchange of crypto-assets for funds | d. exchange of crypto-assets for other | e. execution of orders for crypto-assets on behalf of clients | h. providing advice on crypto-assets | i. providing portfolio management on crypto-assets | j. providing transfer services for crypto-assets on behalf of clients,coinhouse.com,https://www.esma.europa.eu/sites/default/files/2024-12/CASPS.csv
ESMA_MICA,EU,Coinify ApS,9845009Q9DDAE03FDE38,AUTHORISED,2026-05-29,c. exchange of crypto-assets for funds | d. exchange of crypto-assets for other crypto-assets | e. execution of orders for crypto-assets on behalf of clients | j. providing transfer services for crypto-assets on behalf of clients,coinify.com,https://www.esma.europa.eu/sites/default/files/2024-12/CASPS.csv
ESMA_MICA,EU,CoinJar Europe Limited,98450066Q3A1G1A4T786,AUTHORISED,2025-12-09,a. providing custody and administration of crypto-assets on behalf of clients | c. exchange of crypto-assets for funds | d. exchange of crypto-assets for other crypto-assets | j. providing transfer services for crypto-assets on behalf of clients,coinjar.com,https://www.esma.europa.eu/sites/default/files/2024-12/CASPS.csv
ESMA_MICA,EU,COINMATE a.s.,3157005QCM6Y91CUV844,AUTHORISED,2026-02-27,a. providing custody and administration of crypto-assets on behalf of clients | b. operation of a trading platform for crypto-assets | c. exchange of crypto-assets for funds | d. exchange of crypto-assets for other crypto-assets | j. providing transfer services for crypto-assets on behalf of clients,coinmate.io,https://www.esma.europa.eu/sites/default/files/2024-12/CASPS.csv
ESMA_MICA,EU,Coinmerce B.V.,724500DMUDFJZNYNEF35,AUTHORISED,2025-11-05,a. providing custody and administration of crypto-assets on behalf of clients | c. exchange of crypto-assets for funds | d. exchange of crypto-assets for other crypto-assets | j. providing transfer services for crypto-assets on behalf of clients,coinmerce.io,https://www.esma.europa.eu/sites/default/files/2024-12/CASPS.csv
ESMA_MICA,EU,Coinmotion Oy,743700PZG5RRF7SA4Q58,AUTHORISED,2025-07-02,a. providing custody and administration of crypto-assets on behalf of clients c. exchange of crypto-assets for funds e. execution of orders for crypto-assets on behalf of clients j. providing transfer services for crypto-assets on behalf of clients,coinmotion.com,https://www.esma.europa.eu/sites/default/files/2024-12/CASPS.csv
ESMA_MICA,EU,COINSHARES ASSET MANAGEMENT,969500DBF3ZL9U0KUA51,AUTHORISED,2025-07-17,h. providing advice on crypto-assets | i. providing portfolio management on crypto-assets;,coinshares.com,https://www.esma.europa.eu/sites/default/files/2024-12/CASPS.csv
ESMA_MICA,EU,COLLECT & EXCHANGE CY LTD,2138005C815T9EZU4C75,AUTHORISED,2025-09-22,providing custody and administration of crypto-assets on behalf of clients | exchange of crypto-assets for funds | exchange of crypto-assets for other crypto-assets | providing transfer services for crypto-assets on behalf of clients,collectnexchange.cy,https://www.esma.europa.eu/sites/default/files/2024-12/CASPS.csv
ESMA_MICA,EU,COMETH SAS,894500R5KSX3ZKIHSA46,AUTHORISED,2025-12-04,a. providing custody and administration of crypto-assets on behalf of clients | d. exchange of crypto-assets for other crypto-assets | j. providing transfer services for crypto-assets on behalf of clients,cometh.io,https://www.esma.europa.eu/sites/default/files/2024-12/CASPS.csv
ESMA_MICA,EU,Commerzbank Aktiengesellschaft,851WYGNLUQLFZBSYGB56,AUTHORISED,2025-04-07,a. providing custody and administration of crypto-assets on behalf of clients | j. providing transfer services for crypto-assets on behalf of clients,,https://www.esma.europa.eu/sites/default/files/2024-12/CASPS.csv
ESMA_MICA,EU,COMPLYCRYPTO DEPOSITORY EU LIMITED,254900J8O1555O3B2T92,AUTHORISED,2026-06-29,a. providing custody and administration of crypto-assets on behalf of clients | c. exchange of crypto-assets for funds | d. exchange of crypto-assets for other crypto-assets | e. execution of orders for crypto-assets on behalf of clients | g. reception and transmission of orders for crypto-assets on behalf of clients | j. providing transfer services for crypto-assets on behalf of clients,complycrypto.eu,https://www.esma.europa.eu/sites/default/files/2024-12/CASPS.csv
ESMA_MICA,EU,CONCEDUS GmbH,529900114Q5XQ6KLYR24,AUTHORISED,2026-01-15,g. reception and transmission of orders for crypto-assets on behalf of clients | h. providing advice on crypto-assets,concedus.com,https://www.esma.europa.eu/sites/default/files/2024-12/CASPS.csv
ESMA_MICA,EU,Confirmo Limited,984500F75CJ82D8B7D76,AUTHORISED,2025-12-16,c. exchange of crypto-assets for funds | d. exchange of crypto-assets for other crypto-assets | j. providing transfer services for crypto-assets on behalf of clients,confirmo.eu,https://www.esma.europa.eu/sites/default/files/2024-12/CASPS.csv
ESMA_MICA,EU,CONIO S.R.L.,8945000EH59XYZHK0B92,AUTHORISED,2026-06-16,a. providing custody and administration of crypto-assets on behalf of clients | c. exchange of crypto-assets for funds | d. exchange of crypto-assets for other crypto-assets | e. execution of orders for crypto-assets on behalf of clients | f. placing of crypto-assets | j. providing transfer services for crypto-assets on behalf of clients,conio.com,https://www.esma.europa.eu/sites/default/files/2024-12/CASPS.csv
ESMA_MICA,EU,CPS Europe S.A.,984500CFB88366E9B834,AUTHORISED,2026-07-03,a. providing custody and administration of crypto-assets on behalf of clients | c. exchange of crypto-assets for funds | d. exchange of crypto-assets for other crypto-assets | e. execution of orders for crypto-assets on behalf of clients | j. providing transfer services for crypto-assets on behalf of clients,enum8.com,https://www.esma.europa.eu/sites/default/files/2024-12/CASPS.csv
ESMA_MICA,EU,CRIPTAN TRADE S.L.,959800AZN23P7F30C189,AUTHORISED,2026-06-26,a. providing custody and administration of crypto-assets on behalf of clients. | c. exchange of crypto-assets for funds | d. exchange of crypto-assets for other crypto-assets | j. providing transfer services for crypto-assets on behalf of clients.,criptan.com,https://www.esma.europa.eu/sites/default/files/2024-12/CASPS.csv
ESMA_MICA,EU,CROSSMINT EUROPE S.L.,959800B6XCG14MKLTJ51,AUTHORISED,2026-06-26,a. providing custody and administration of crypto-assets on behalf of clients.I c. exchange of crypto-assets for funds | j. providing transfer services for crypto-assets on behalf of clients.,crossmint.com,https://www.esma.europa.eu/sites/default/files/2024-12/CASPS.csv
ESMA_MICA,EU,Crypto Finance (Deutschland) GmbH,3912009ZGE8258OMPE28,AUTHORISED,2025-01-24,a. providing custody and administration of crypto-assets on behalf of clients | c. exchange of crypto-assets for funds | d. exchange of crypto-assets for other crypto-assets | e. execution of orders for crypto-assets on behalf of clients | j. providing transfer services for crypto-assets on behalf of clients,crypto-finance.com,https://www.esma.europa.eu/sites/default/files/2024-12/CASPS.csv
ESMA_MICA,EU,Cryptonow GmbH,529900LZM6X3GBFNLG10,AUTHORISED,2025-10-15,a. providing custody and administration of crypto-assets on behalf of clients | c. exchange of crypto-assets for funds | d. exchange of crypto-assets for other crypto-assets | j. providing transfer services for crypto-assets on behalf of clients,cryptonow.at,https://www.esma.europa.eu/sites/default/files/2024-12/CASPS.csv
ESMA_MICA,EU,CRYPTOSMART S.P.A.,815600C7E86B02BBE483,AUTHORISED,2026-06-24,a. providing custody and administration of crypto-assets on behalf of clients | c. exchange of crypto-assets for funds | d. exchange of crypto-assets for other crypto-assets | e. execution of orders for crypto-assets on behalf of clients | f. placing of crypto-assets | j. providing transfer services for crypto-assets on behalf of clients,cryptosmart.it,https://www.esma.europa.eu/sites/default/files/2024-12/CASPS.csv
ESMA_MICA,EU,D2X Group N.V.,7245002DD3GNFXPGPP93,AUTHORISED,2026-03-26,a. providing custody and administration of crypto-assets on behalf of clients,d2x.com,https://www.esma.europa.eu/sites/default/files/2024-12/CASPS.csv
ESMA_MICA,EU,DADAT Krypto GmbH,529900KTP3Y86BZKY754,AUTHORISED,2025-12-16,e. execution of orders for crypto-assets on behalf of clients,dad.at,https://www.esma.europa.eu/sites/default/files/2024-12/CASPS.csv
ESMA_MICA,EU,Damex Digital LTD,9845008E8QA4CCFE5F68,AUTHORISED,2026-01-29,a. providing custody and administration of crypto-assets on behalf of clients | c. exchange of crypto-assets for funds | d. exchange of crypto-assets for other crypto-assets | e. execution of orders for crypto-assets on behalf of clients | j. providing transfer services for crypto-assets on behalf of clients.,damex.io,https://www.esma.europa.eu/sites/default/files/2024-12/CASPS.csv
ESMA_MICA,EU,DEBLOCK SAS,254900XTUI35BGIBXP21,AUTHORISED,2025-05-23,c. exchange of crypto-assets for funds | d. exchange of crypto-assets for other crypto-assets | e. execution of orders for crypto-assets on behalf of clients,deblock.com,https://www.esma.europa.eu/sites/default/files/2024-12/CASPS.csv
ESMA_MICA,EU,Decubate B.V.,894500ZVOL3A9LO8LN34,WITHDRAWN,2026-03-26,a. providing custody and administration of crypto-assets on behalf of clients | e. execution of orders for crypto-assets on behalf of clients | f. placing of crypto-assets,decubate.com,https://www.esma.europa.eu/sites/default/files/2024-12/CASPS.csv
ESMA_MICA,EU,DekaBank Deutsche Girozentrale,0W2PZJM8XOY22M4GG883,AUTHORISED,2025-12-01,a. providing custody and administration of crypto-assets on behalf of clients | e. execution of orders for crypto-assets on behalf of clients | j. providing transfer services for crypto-assets on behalf of clients. | c. exchange of crypto-assets for funds,deka.de,https://www.esma.europa.eu/sites/default/files/2024-12/CASPS.csv
ESMA_MICA,EU,DESKOIN SAS,969500QH6WD4FO79B261,AUTHORISED,2026-04-28,a. providing custody and administration of crypto-assets on behalf of clients | c. exchange of crypto-assets for funds | d. exchange of crypto-assets for other | e. execution of orders for crypto-assets on behalf of clients | h. providing advice on crypto-assets | j. providing transfer services for crypto-assets on behalf of clients,deskoin.com,https://www.esma.europa.eu/sites/default/files/2024-12/CASPS.csv
ESMA_MICA,EU,Deutsche Bank Aktiengesellschaft,7LTWFZYICNSX8D621K86,AUTHORISED,2026-10-12,a. providing custody and administration of crypto-assets on behalf of client | j. providing transfer services for crypto-assets on behalf of clients,deutsche-bank.de,https://www.esma.europa.eu/sites/default/files/2024-12/CASPS.csv
ESMA_MICA,EU,Deutsche WertpapierService Bank AG,529900EXG2PM316ISO63,AUTHORISED,2025-12-04,e. execution of orders for crypto-assets on behalf of clients | a. providing custody and administration of crypto-assets on behalf of client | j. providing transfer services for crypto-assets on behalf of clients,dwpbank.de,https://www.esma.europa.eu/sites/default/files/2024-12/CASPS.csv
ESMA_MICA,EU,Dietrich & Richter Private Asset Management AG,98450068F88BDF3E8D32,AUTHORISED,2025-08-18,h. providing advice on crypto-assets | i. providing portfolio management on crypto-assets;,drpam.de,https://www.esma.europa.eu/sites/default/files/2024-12/CASPS.csv
ESMA_MICA,EU,DIGITAL ASSETS Limited liability company for intermediation and services,984500NB7D12BC5B4A79,AUTHORISED,2026-06-01,a. providing custody and administration of crypto-assets on behalf of clients | c. exchange of crypto-assets for funds | d. exchange of crypto-assets for other crypto-assets | f. placing of crypto-assets | g. reception and transmission of orders for crypto-assets on behalf of clients | j. providing transfer services for crypto-assets on behalf of clients,bitstore.net,https://www.esma.europa.eu/sites/default/files/2024-12/CASPS.csv
ESMA_MICA,EU,Digital Assist OOD,8755007GZKOS1VJ6BZ82,AUTHORISED,2026-07-21,c. exchange of crypto-assets for funds,digitalassist.bg,https://www.esma.europa.eu/sites/default/files/2024-12/CASPS.csv
ESMA_MICA,EU,Digital Currency Services B.V.,724500QZRWKCU8D2L569,AUTHORISED,2026-06-30,a. providing custody and administration of crypto-assets on behalf of clients | c. exchange of crypto-assets for funds | j. providing transfer services for crypto-assets on behalf of clients,happycoins.com,https://www.esma.europa.eu/sites/default/files/2024-12/CASPS.csv
ESMA_MICA,EU,DLT Securities GmbH,391200EYHDBM1YQI7A32,AUTHORISED,2025-12-18,c. exchange of crypto-assets for funds | d. exchange of crypto-assets for other crypto-assets | e. execution of orders for crypto-assets on behalf of clients | f. placing of crypto-assets I g. reception and transmission of orders for crypto-assets on behalf of clients I h. providing advice on crypto-assets I i. providing portfolio management on crypto-assets,dlt-finance.com,https://www.esma.europa.eu/sites/default/files/2024-12/CASPS.csv
ESMA_MICA,EU,DonauCapital Wertpapier GmbH,894500C1QM5XBU31PT95,AUTHORISED,2025-10-27,g. reception and transmission of orders for crypto-assets on behalf of clients,donaucapital.de,https://www.esma.europa.eu/sites/default/files/2024-12/CASPS.csv
ESMA_MICA,EU,Donau-Iller-Bank eG,529900P8OKWO25XE4251,AUTHORISED,2026-07-01,e. execution of orders for crypto-assets on behalf of clients,donau-iller-bank.de,https://www.esma.europa.eu/sites/default/files/2024-12/CASPS.csv
ESMA_MICA,EU,DUE NETWORK S.L.,89450026TTLUZJV1XM36,AUTHORISED,2026-06-12,c. exchange of crypto-assets for funds | d. exchange of crypto-assets for other crypto-assets,opendue.com,https://www.esma.europa.eu/sites/default/files/2024-12/CASPS.csv
ESMA_MICA,EU,DZ BANK AG Deutsche Zentral-Genossenschaftsbank,529900HNOAA1KXQJUQ27,AUTHORISED,2025-12-23,a. providing custody and administration of crypto-assets on behalf of clients | e. execution of orders for crypto-assets on behalf of clients | j. providing transfer services for crypto-assets on behalf of clients,dzbank.de,https://www.esma.europa.eu/sites/default/files/2024-12/CASPS.csv
ESMA_MICA,EU,ELECTROCOIN Ltd for services,747800R015JVW1T4WZ71,AUTHORISED,2026-04-09,a. providing custody and administration of crypto-assets on behalf of clients | c. exchange of crypto-assets for funds | d. exchange of crypto-assets for other crypto-assets,electrocoin.eu,https://www.esma.europa.eu/sites/default/files/2024-12/CASPS.csv
ESMA_MICA,EU,eToro (Europe) Ltd,213800GIFQMSV7HROS23,AUTHORISED,2025-01-16,providing custody and administration of crypto-assets on behalf of clients | exchange of crypto-assets for funds | execution of orders for crypto-assets on behalf of clients | reception and transmission of orders for crypto-assets on behalf of clients | providing advice on crypto-assets | providing portfolio management on crypto-assets | providing transfer services for crypto-assets on behalf of clients,etoro.com,https://www.esma.europa.eu/sites/default/files/2024-12/CASPS.csv
ESMA_MICA,EU,EU Internet Ventures B.V.,69940000HAL9ODW3IMO22,AUTHORISED,2025-10-08,c. exchange of crypto-assets for funds | d. exchange of crypto-assets for other crypto-assets | j. providing transfer services for crypto-assets on behalf of clients,banxa.com,https://www.esma.europa.eu/sites/default/files/2024-12/CASPS.csv
ESMA_MICA,EU,EUWAX AG,529900032TYR45XIEW79,AUTHORISED,2025-04-01,c. exchange of crypto-assets for funds | d. exchange of crypto-assets for other crypto-assets | e. execution of orders for crypto-assets on behalf of clients,euwax-ag.de,https://www.esma.europa.eu/sites/default/files/2024-12/CASPS.csv
ESMA_MICA,EU,Everest Network Limited,984500C3A855AC77FE74,AUTHORISED,2026-06-30,a. providing custody and administration of crypto-assets on behalf of clients | e. execution of orders for crypto-assets on behalf of clients | f. placing of crypto-assets | g. reception and transmission of orders for crypto-assets on behalf of clients | j. providing transfer services for crypto-assets on behalf of clients.,everest.org,https://www.esma.europa.eu/sites/default/files/2024-12/CASPS.csv
ESMA_MICA,EU,FalconX Limited,984500F6A0762F9LA923,AUTHORISED,2026-06-26,a. providing custody and administration of crypto-assets on behalf of clients | c. exchange of crypto-assets for funds | d.exchange of crypto-assets for other crypto-assets | e. execution of orders for crypto-assets on behalf of clients | j. providing transfer services for crypto-assets on behalf of clients.,falconx.io,https://www.esma.europa.eu/sites/default/files/2024-12/CASPS.csv
ESMA_MICA,EU,Fels wealth GmbH,391200LUYJY880GPSY38,AUTHORISED,2025-12-10,e. execution of orders for crypto-assets on behalf of clients | g. reception and transmission of orders for crypto-assets on behalf of clients | h. providing advice on crypto-assets | i. providing portfolio management on crypto-assets,followmymoney.de,https://www.esma.europa.eu/sites/default/files/2024-12/CASPS.csv
ESMA_MICA,EU,FF Digital EOOD,648851FOKWX4PG639059,AUTHORISED,2026-09-10,a. providing custody and administration of crypto-assets on behalf of clients | b. operation of a trading platform for crypto-assets | c. exchange of crypto-assets for funds | d. exchange of crypto-assets | e. execution of orders for crypto¬assets on behalf of clients | g. reception and transmission of orders for crypto-assets on behalf of clients | i. providing portfolio management on crypto-assets | j. providing transfer services for crypto-assets on behalf of clients,ffdigital.eu,https://www.esma.europa.eu/sites/default/files/2024-12/CASPS.csv
ESMA_MICA,EU,Fiat Republic Netherlands B.V.,724500GVWT7QULV8CR59,AUTHORISED,2025-08-05,a. providing custody and administration of crypto-assets on behalf of clients | j. providing transfer services for crypto-assets on behalf of clients,fiatrepublic.com,https://www.esma.europa.eu/sites/default/files/2024-12/CASPS.csv
ESMA_MICA,EU,FIDUS Finanz AG,529900XCSUEUBT5TX310,AUTHORISED,2025-12-19,e. execution of orders for crypto-assets on behalf of clients | g. reception and transmission of orders for crypto-assets on behalf of clients | h. providing advice on crypto-assets | i. providing portfolio management on crypto assets,fidus-ag.de,https://www.esma.europa.eu/sites/default/files/2024-12/CASPS.csv
ESMA_MICA,EU,FINARY SAS,969500RQH18PU24DM081,AUTHORISED,2026-07-06,a. providing custody and administration of crypto-assets on behalf of clients | g. reception and transmission of orders for crypto-assets on behalf of clients | j. providing transfer services for crypto-assets on behalf of clients,finary.com,https://www.esma.europa.eu/sites/default/files/2024-12/CASPS.csv
ESMA_MICA,EU,FINCTEK UE SAS,969500PTJJZTCE0I3B60,AUTHORISED,2025-09-11,a. providing custody and administration of crypto-assets on behalf of clients | c. exchange of crypto-assets for funds | d. exchange of crypto-assets for other | e. execution of orders for crypto-assets on behalf of clients | f. placing of crypto-assets | j. providing transfer services for crypto-assets on behalf of clients,finctek.com,https://www.esma.europa.eu/sites/default/files/2024-12/CASPS.csv
ESMA_MICA,EU,Finst B.V.,724500UI8UD7HKGVJX65,AUTHORISED,2025-07-24,a. providing custody and administration of crypto-assets on behalf of clients | e. execution of orders for crypto-assets on behalf of clients | g. reception and transmission of orders for crypto-assets on behalf of clients | j. providing transfer services for crypto-assets on behalf of clients,finst.com,https://www.esma.europa.eu/sites/default/files/2024-12/CASPS.csv
ESMA_MICA,EU,FINTECH PAYMENTS PSC S.L.,549300746K71T6YJCV41,AUTHORISED,2026-07-31,c. exchange of crypto-assets for funds,cryptopocket.io,https://www.esma.europa.eu/sites/default/files/2024-12/CASPS.csv
ESMA_MICA,EU,FINTECH SK s. r. o.,31570000GC0U68O6PA08,AUTHORISED,2025-12-19,a. providing custody and administration of crypto-assets on behalf of clients | c. exchange of crypto-assets for funds | d. exchange of crypto-assets for other crypto-assets | e. execution of orders for crypto-assets on behalf of clients | j. providing transfer services for crypto-assets on behalf of clients,bitcoinmat.sk,https://www.esma.europa.eu/sites/default/files/2024-12/CASPS.csv
ESMA_MICA,EU,"Fintegence, s.r.o.",097900CAKA0000272448,AUTHORISED,2025-12-18,a. providing custody and administration of crypto-assets on behalf of clients | c. exchange of crypto-assets for funds | j. providing transfer services for crypto-assets on behalf of clients,cryptovoucher.io | giftmecrypto.io,https://www.esma.europa.eu/sites/default/files/2024-12/CASPS.csv
ESMA_MICA,EU,FIOR Digital GmbH,529900HMYYJR2NHVZ124,AUTHORISED,2025-11-27,a. providing custody and administration of crypto-assets on behalf of clients | c. exchange of crypto-assets for funds | j. providing transfer services for crypto-assets on behalf of clients,21bitcoin.app,https://www.esma.europa.eu/sites/default/files/2024-12/CASPS.csv
ESMA_MICA,EU,FIPTO PI SAS,969500A0DYUNF5NX9R84,AUTHORISED,2026-01-23,a. providing custody and administration of crypto-assets on behalf of clients | c. exchange of crypto-assets for funds | d. exchange of crypto-assets for other | e. execution of orders for crypto-assets on behalf of clients | j. providing transfer services for crypto-assets on behalf of clients,fipto.com,https://www.esma.europa.eu/sites/default/files/2024-12/CASPS.csv
ESMA_MICA,EU,Firefish Europe s.r.o,9845004E55FCFA069549,AUTHORISED,2026-01-02,a. providing custody and administration of crypto-assets on behalf of clients | c. exchange of crypto-assets for funds | d. exchange of crypto-assets for other crypto-assets | j. providing transfer services for crypto-assets on behalf of clients,firefish.io,https://www.esma.europa.eu/sites/default/files/2024-12/CASPS.csv
ESMA_MICA,EU,FIRI AS,9845003B8462B18FHE35,AUTHORISED,2026-05-22,a. providing custody and administration of crypto-assets on behalf of clients | b. operation of a trading platform for crypto-assets | c. exchange of crypto-assets for funds | d. exchange of crypto-assets for other crypto-assets | e. execution of orders for crypto-assets on behalf of clients | j. providing transfer services for crypto-assets on behalf of clients,firi.com,https://www.esma.europa.eu/sites/default/files/2024-12/CASPS.csv
ESMA_MICA,EU,flatexDEGIRO Bank AG,529900MKYC1FZ83V3121,AUTHORISED,2025-04-04,e. execution of orders for crypto-assets on behalf of clients,flatexdegiro.com,https://www.esma.europa.eu/sites/default/files/2024-12/CASPS.csv
ESMA_MICA,EU,Floin AG,391200Z1YA45VPMIGP98,AUTHORISED,2026-06-10,a. providing custody and administration of crypto-assets on behalf of clients | c. exchange of crypto-assets for funds | d. exchange of crypto-assets for other crypto-assets | f. placing of crypto-assets | j. providing transfer services for crypto-assets on behalf of clients,floin.com,https://www.esma.europa.eu/sites/default/files/2024-12/CASPS.csv
ESMA_MICA,EU,FLOWDESK EUROPE SAS,984500AB011S3AEF6706,AUTHORISED,2026-06-25,a. providing custody and administration of crypto-assets on behalf of clients | c. exchange of crypto-assets for funds | d. exchange of crypto-assets for other | e. execution of orders for crypto-assets on behalf of clients | j. providing transfer services for crypto-assets on behalf of clients,flowdesk.co,https://www.esma.europa.eu/sites/default/files/2024-12/CASPS.csv
ESMA_MICA,EU,Foris DAX MT Limited,2549005CVR5HH70FDO07,AUTHORISED,2025-01-27,a. providing custody and administration of crypto-assets on behalf of clients | c. exchange of crypto-assets for funds | d. exchange of crypto-assets for other crypto-assets | e. execution of orders for crypto-assets on behalf of clients | g. reception and transmission of orders for crypto-assets on behalf of clients | j. providing transfer services for crypto-assets on behalf of clients.,crypto.com,https://www.esma.europa.eu/sites/default/files/2024-12/CASPS.csv
ESMA_MICA,EU,Frankfurter Volksbank Rhein/Main eG,529900967AJZ6T29Q111,AUTHORISED,2026-08-21,e. execution of orders for crypto-assets on behalf of clients,frankfurter-volksbank.de,https://www.esma.europa.eu/sites/default/files/2024-12/CASPS.csv
ESMA_MICA,EU,"FUMBI, s.r.o.",097900CAKA0000269926,AUTHORISED,2025-12-18,a. providing custody and administration of crypto-assets on behalf of clients | c. exchange of crypto-assets for funds | d. exchange of crypto-assets for other crypto-assets | h.providing advice on crypto-assets | i. providing portfolio management on crypto-assets | j. providing transfer services for crypto-assets on behalf of clients,fumbi.network,https://www.esma.europa.eu/sites/default/files/2024-12/CASPS.csv
ESMA_MICA,EU,GateHub Exchange družba za izvajanje storitev v zvezi s kriptosredstvi d.o.o.,485100FKB79GMCXY4P55,AUTHORISED,2026-08-24,a. providing custody and administration of crypto-assets on behalf of clients | c. exchange of crypto-assets for funds | d. exchange of crypto-assets for other crypto-assets | j. providing transfer services for crypto-assets on behalf of clients,gatehub.net,https://www.esma.europa.eu/sites/default/files/2024-12/CASPS.csv
ESMA_MICA,EU,Gate Technology Limited,984500D6A0F945BB5A15,AUTHORISED,2025-09-29,a. providing custody and administration of crypto-assets on behalf of clients | b. operation of a trading platform for crypto-assets | c. exchange of crypto-assets for funds | d. exchange of crypto-assets for other crypto-assets | e. execution of orders for crypto-assets on behalf of clients | j. providing transfer services for crypto-assets on behalf of clients.,gate.com,https://www.esma.europa.eu/sites/default/files/2024-12/CASPS.csv
ESMA_MICA,EU,GC Exchange A/S,254900TM3KOYH0SY8V19,AUTHORISED,2025-12-12,c. exchange of crypto-assets for funds | d. exchange of crypto-assets for other crypto-assets | e. execution of orders for crypto-assets on behalf of clients | j. providing transfer services for crypto-assets on behalf of clients,gc.exchange,https://www.esma.europa.eu/sites/default/files/2024-12/CASPS.csv
ESMA_MICA,EU,Gemini Intergalactic EU Ltd,2138002QAMX8PPKSO715,AUTHORISED,2025-08-21,a. providing custody and administration of crypto-assets on behalf of clients | c. exchange of crypto-assets for funds | d. exchange of crypto-assets for other crypto-assets | e. execution of orders for crypto-assets on behalf of clients | f. placing of crypto-assets | g. reception and transmission of orders for crypto-assets on behalf of clients | j. providing transfer services for crypto-assets on behalf of clients.,gemini.com,https://www.esma.europa.eu/sites/default/files/2024-12/CASPS.csv
ESMA_MICA,EU,"GG Digital, a.s.",984500C0OE94NDA81B62,AUTHORISED,2026-05-14,a. providing custody and administration of crypto-assets on behalf of clients | c. exchange of crypto-assets for funds | d. exchange of crypto-assets for other crypto-assets | h. providing advice on crypto-assets | j. providing transfer services for crypto-assets on behalf of clients,goldengate.cz,https://www.esma.europa.eu/sites/default/files/2024-12/CASPS.csv
ESMA_MICA,EU,GOin SAS,894500LM6DICD790FQ34,AUTHORISED,2025-06-19,a. providing custody and administration of crypto-assets on behalf of clients | c. exchange of crypto-assets for funds | d. exchange of crypto-assets for other | e. execution of orders for crypto-assets on behalf of clients | h. providing advice on crypto-assets | i. providing portfolio management on crypto-assets | j. providing transfer services for crypto-assets on behalf of clients,goin-invest.com,https://www.esma.europa.eu/sites/default/files/2024-12/CASPS.csv
ESMA_MICA,EU,Hannoversche Volksbank eG,529900MQJIQGD8N3YV53,AUTHORISED,2025-12-12,e. execution of orders for crypto-assets on behalf of clients,hannoversche-volksbank.de,https://www.esma.europa.eu/sites/default/files/2024-12/CASPS.csv
ESMA_MICA,EU,Hauck Aufhäuser Digital Custody GmbH,391200LACJ601I2ONV49,AUTHORISED,2025-11-28,a. providing custody and administration of crypto-assets on behalf of clients | j. providing transfer services for crypto-assets on behalf of clients,hal-privatbank.com,https://www.esma.europa.eu/sites/default/files/2024-12/CASPS.csv
ESMA_MICA,EU,HERCLE S.R.L.,984500AEBA8A0HQ44988,AUTHORISED,2026-06-30,a. providing custody and administration of crypto-assets on behalf of clients | c. exchange of crypto-assets for funds | d. exchange of crypto-assets for other crypto-assets | j. providing transfer services for crypto-assets on behalf of clients,hercle.financial,https://www.esma.europa.eu/sites/default/files/2024-12/CASPS.csv
ESMA_MICA,EU,HEXARQ SAS,969500TD4VXAOPXPVW02,AUTHORISED,2026-02-05,a. providing custody and administration of crypto-assets on behalf of clients | c. exchange of crypto-assets for funds | d. exchange of crypto-assets for other | e. execution of orders for crypto-assets on behalf of clients | j. providing transfer services for crypto-assets on behalf of clients,hexarq.com,https://www.esma.europa.eu/sites/default/files/2024-12/CASPS.csv
ESMA_MICA,EU,Hidden Road Partners CIV NL B.V.,549300OOZDNZ3F2XJW21,AUTHORISED,2024-12-30,c. exchange of crypto-assets for funds | d. exchange of crypto-assets for other crypto-assets | e. execution of orders for crypto-assets on behalf of clients,hiddenroad.com,https://www.esma.europa.eu/sites/default/files/2024-12/CASPS.csv
ESMA_MICA,EU,Hodleris SIA,648812ZREA1B126B8G06,AUTHORISED,2026-06-25,a. providing custody and administration of crypto-assets on behalf of clients | c. exchange of crypto-assets for funds | d. exchange of crypto-assets for other crypto-assets | j. providing transfer services for crypto-assets on behalf of clients,hfinance.eu,https://www.esma.europa.eu/sites/default/files/2024-12/CASPS.csv
ESMA_MICA,EU,HODLIE S.R.L.,9845006D4F5D2E5F8554,AUTHORISED,2026-06-30,a. providing custody and administration of crypto-assets on behalf of clients | i. providing portfolio management on crypto-assets,hodli.com,https://www.esma.europa.eu/sites/default/files/2024-12/CASPS.csv
ESMA_MICA,EU,Hrvatska poštanska banka d.d.,529900D5G4V6THXC5P79,AUTHORISED,2026-06-16,a. providing custody and administration of crypto-assets on behalf of clients,hpb.hr,https://www.esma.europa.eu/sites/default/files/2024-12/CASPS.csv
ESMA_MICA,EU,Huddlestock GmbH,549300Y6TSD1DUCXD871,AUTHORISED,2025-11-06,g. reception and transmission of orders for crypto-assets on behalf of clients,huddlestock.com,https://www.esma.europa.eu/sites/default/files/2024-12/CASPS.csv
ESMA_MICA,EU,Hyphe Markets GmbH,3912000K5NAA00M4HH04,AUTHORISED,2025-11-24,c. exchange of crypto-assets for funds,hyphe.com,https://www.esma.europa.eu/sites/default/files/2024-12/CASPS.csv
ESMA_MICA,EU,ICEBLOCK SAS,9695005CVRZDK63ZST85,AUTHORISED,2026-06-30,a. providing custody and administration of crypto-assets on behalf of clients | i. providing portfolio management on crypto-assets | j. providing transfer services for crypto-assets on behalf of clients,iceblockinvestments.com,https://www.esma.europa.eu/sites/default/files/2024-12/CASPS.csv
ESMA_MICA,EU,"ICONOMI EUROPE, borznoposredniška družba, d.o.o.",485100CIMEOMSMFT8G48,AUTHORISED,2026-09-06,a. providing custody and administration of crypto-assets on behalf of clients | e. execution of orders for crypto-assets on behalf of clients | g. reception and transmission of orders for crypto-assets on behalf of clients | h. providing advice on crypto-assets | i. providing portfolio management on crypto-assets,iconomi.com,https://www.esma.europa.eu/sites/default/files/2024-12/CASPS.csv
ESMA_MICA,EU,IG Europe GmbH,213800HFC5G4V293BN91,AUTHORISED,2025-11-21,a. providing custody and administration of crypto-assets on behalf of clients | c. exchange of crypto-assets for funds | d. exchange of crypto-assets for other crypto-assets | e. execution of orders for crypto-assets on behalf of clients,ig.com,https://www.esma.europa.eu/sites/default/files/2024-12/CASPS.csv
ESMA_MICA,EU,Ihre Volksbank eG Neckar Odenwald Main Tauber,529900XUBIXXFHP44185,AUTHORISED,2026-08-18,e. execution of orders for crypto-assets on behalf of clients,ihre-vb.de,https://www.esma.europa.eu/sites/default/files/2024-12/CASPS.csv
ESMA_MICA,EU,ILAVO GROUP a.s.,315700DWN9FHXPPTHD55,AUTHORISED,2026-02-12,a. providing custody and administration of crypto-assets on behalf of clients | c. exchange of crypto-assets for funds | d. exchange of crypto-assets for other crypto-assets | e. execution of orders for crypto-assets on behalf of clients | g. reception and transmission of orders for crypto-assets on behalf of clients | j. providing transfer services for crypto-assets on behalf of clients,ilavo.cz,https://www.esma.europa.eu/sites/default/files/2024-12/CASPS.csv
ESMA_MICA,EU,ILIRIKA borzno posredniška hiša d.d.,529900OSVFQK3XISEQ85,AUTHORISED,2025-10-04,a. providing custody and administration of crypto-assets on behalf of clients | e. execution of orders for crypto-assets on behalf of clients | g. reception and transmission of orders for crypto-assets on behalf of clients | i. providing portfolio management on crypto-assets,ilirika.si,https://www.esma.europa.eu/sites/default/files/2024-12/CASPS.csv
ESMA_MICA,EU,INCREMENTUM poslovne storitve d.o.o.,485100UM87L7ILR4L484,AUTHORISED,2025-11-22,a. providing custody and administration of crypto-assets on behalf of clients | h. providing advice on crypto-assets | i. providing portfolio management on crypto-assets,incrementum.si,https://www.esma.europa.eu/sites/default/files/2024-12/CASPS.csv
ESMA_MICA,EU,IN KAPITAL limited liability company for trade and services,747800O0P6DFI8RSKT10,AUTHORISED,2026-06-17,c. exchange of crypto-assets for funds,inkapital.hr,https://www.esma.europa.eu/sites/default/files/2024-12/CASPS.csv
ESMA_MICA,EU,Interactive Brokers Ireland Limited,5493001B9LDFCQUY9273,AUTHORISED,2026-01-22,g. reception and transmission of orders for crypto-assets on behalf of clients,interactivebrokers.ie,https://www.esma.europa.eu/sites/default/files/2024-12/CASPS.csv
ESMA_MICA,EU,Invity Finance s.r.o.,64880741U1SN9TUWJ897,AUTHORISED,2026-02-11,a. providing custody and administration of crypto-assets on behalf of clients | c. exchange of crypto-assets for funds | d. exchange of crypto-assets for other crypto-assets | e. execution of orders for crypto-assets on behalf of clients | g. reception and transmission of orders for crypto-assets on behalf of clients | j. providing transfer services for crypto-assets on behalf of clients,invity.io,https://www.esma.europa.eu/sites/default/files/2024-12/CASPS.csv
ESMA_MICA,EU,"IP wBTCb solutions, s.r.o.",315700I7V6W7BLAI9Z32,AUTHORISED,2026-06-13,a. providing custody and administration of crypto-assets on behalf of clients | c. exchange of crypto-assets for funds | d. exchange of crypto-assets for other crypto-assets | j. providing transfer services for crypto-assets on behalf of clients,bit.plus,https://www.esma.europa.eu/sites/default/files/2024-12/CASPS.csv
ESMA_MICA,EU,IQANA TECHNOLOGIES S.L.,959800AZT2DVBLZQY241,AUTHORISED,2026-07-10,i. providing portfolio management on crypto-assets.,iqana.io,https://www.esma.europa.eu/sites/default/files/2024-12/CASPS.csv
ESMA_MICA,EU,ISF Institut Deutsch-Schweizer Finanzdienstleistungen GmbH,529900N0VN8J4S4SCG77,AUTHORISED,2026-01-28,g. reception and transmission of orders for crypto-assets on behalf of clients,isf-institut.de,https://www.esma.europa.eu/sites/default/files/2024-12/CASPS.csv
ESMA_MICA,EU,J2TX Ltd,213800186TP6OZSHUV17,AUTHORISED,2026-03-16,providing custody and administration of crypto-assets on behalf of clients | exchange of crypto-assets for funds | exchange of crypto-assets for other crypto-assets | execution of orders for crypto-assets on behalf of clients | reception and transmission of orders for crypto-assets on behalf of clients | providing advice on crypto-assets | providing portfolio management on crypto-assets | providing transfer services for crypto-assets on behalf of clients,j2tx.com,https://www.esma.europa.eu/sites/default/files/2024-12/CASPS.csv
ESMA_MICA,EU,Januar ApS,984500A43E7FFC73CR76,AUTHORISED,2026-06-29,a. providing custody and administration of crypto-assets on behalf of clients | e. execution of orders for crypto-assets on behalf of clients | j. providing transfer services for crypto-assets on behalf of clients,januar.com,https://www.esma.europa.eu/sites/default/files/2024-12/CASPS.csv
ESMA_MICA,EU,"Joh. Berenberg, Gossler & Co. KG",529900UC2OD7II24Z667,AUTHORISED,2026-03-06,a. providing custody and administration of crypto-assets on behalf of clients | c. exchange of crypto-assets for funds | d. exchange of crypto-assets for other crypto-assets | e. execution of orders for crypto-assets on behalf of clients | g. reception and transmission of orders for crypto-assets on behalf of clients | j. providing transfer services for crypto-assets on behalf of clients,berenberg.de,https://www.esma.europa.eu/sites/default/files/2024-12/CASPS.csv
ESMA_MICA,EU,JT Technologies GmbH,529900YERL5TV5YJCR45,AUTHORISED,2026-07-14,e. execution of orders for crypto-assets on behalf of clients | g. reception and transmission of orders for crypto-assets on behalf of clients,justtrade.com,https://www.esma.europa.eu/sites/default/files/2024-12/CASPS.csv
ESMA_MICA,EU,K33 MARKETS as,6367008S3JL8VVP6T689,AUTHORISED,2026-06-16,a. providing custody and administration of crypto-assets on behalf of clients | e. execution of orders for crypto-assets on behalf of clients | j. providing transfer services for crypto-assets on behalf of clients,k33.com,https://www.esma.europa.eu/sites/default/files/2024-12/CASPS.csv
ESMA_MICA,EU,Kaiser Partner Privatbank AG,529900DPOQPLDSF3R482,AUTHORISED,2026-06-29,a. providing custody and administration of crypto-assets on behalf of clients | g. reception and transmission of orders for crypto-assets on behalf of clients | i. providing portfolio management on crypto-assets | j. providing transfer services for crypto-assets on behalf of clients,kaiserpartner.bank,https://www.esma.europa.eu/sites/default/files/2024-12/CASPS.csv
ESMA_MICA,EU,KBC Bank NV,6B2PBRV1FCJDMR45RZ53,AUTHORISED,,a. providing custody and administration of crypto-assets on behalf of clients | e. execution of orders for crypto-assets on behalf of clients | j. providing transfer services for crypto-assets on behalf of clients,kbc.com,https://www.esma.europa.eu/sites/default/files/2024-12/CASPS.csv
ESMA_MICA,EU,KEYROCK FR SAS,9845001BAFC53ODN8C90,AUTHORISED,2026-06-12,a. providing custody and administration of crypto-assets on behalf of clients | c. exchange of crypto-assets for funds | d. exchange of crypto-assets for other | e. execution of orders for crypto-assets on behalf of clients | j. providing transfer services for crypto-assets on behalf of clients,keyrock.com,https://www.esma.europa.eu/sites/default/files/2024-12/CASPS.csv
ESMA_MICA,EU,Krypto Knight Ltd,984500I2EA955E934537,AUTHORISED,2026-06-15,a. providing custody and administration of crypto-assets on behalf of clients | c. exchange of crypto-assets for funds | d. exchange of crypto-assets for other crypto-assets | e. execution of orders for crypto-assets on behalf of clients | g. reception and transmission of orders for crypto-assets on behalf of clients | j. providing transfer services for crypto-assets on behalf of clients,krypto-knight.com,https://www.esma.europa.eu/sites/default/files/2024-12/CASPS.csv
ESMA_MICA,EU,KuCoin EU Exchange GmbH,529900B4G0EGK7Z9KT45,AUTHORISED,2025-11-27,a. providing custody and administration of crypto-assets on behalf of clients | c. exchange of crypto-assets for funds | d. exchange of crypto-assets for other crypto-assets | f. placing of crypto-assets | j. providing transfer services for crypto-assets on behalf of clients,kucoin.eu,https://www.esma.europa.eu/sites/default/files/2024-12/CASPS.csv
ESMA_MICA,EU,KUTXABANK S.A.,549300U4LIZV0REEQQ46,AUTHORISED,2026-03-27,a. providing custody and administration of crypto-assets on behalf of clients. | g. reception and transmission of orders for crypto-assets on behalf of clients. | j. providing transfer services for crypto-assets on behalf of clients.,kutxabank.es,https://www.esma.europa.eu/sites/default/files/2024-12/CASPS.csv
ESMA_MICA,EU,Kvarn Capital Oy,9845009F15A5B9FD7F45,AUTHORISED,2025-12-02,a. providing custody and administration of crypto-assets on behalf of clients e. execution of orders for crypto-assets on behalf of clients g. reception and transmission of orders for crypto-assets on behalf of clients j. providing transfer services for crypto-assets on behalf of clients,kvarnx.com,https://www.esma.europa.eu/sites/default/files/2024-12/CASPS.csv
ESMA_MICA,EU,Lang & Schwarz TradeCenter AG & Co. KG,5299000TZ4OSOOGU1120,AUTHORISED,2025-10-22,c. exchange of crypto-assets for funds | d. exchange of crypto-assets for other crypto-assets,ls-tc.de,https://www.esma.europa.eu/sites/default/files/2024-12/CASPS.csv
ESMA_MICA,EU,Legend Financial Ireland Limited,9845007FA1A8E1DE3989,AUTHORISED,2025-10-10,c. exchange of crypto-assets for funds | d. exchange of crypto-assets for other crypto-asset,legendtrading.com,https://www.esma.europa.eu/sites/default/files/2024-12/CASPS.csv
ESMA_MICA,EU,Legion Malta Limited,254900OPT54E6SDS6P25,AUTHORISED,2026-06-23,a. providing custody and administration of crypto-assets on behalf of clients | f. placing of crypto-assets | g. reception and transmission of orders for crypto-assets on behalf of clients | j. providing transfer services for crypto-assets on behalf of clients.,legion.cc,https://www.esma.europa.eu/sites/default/files/2024-12/CASPS.csv
ESMA_MICA,EU,LEONOD SARL,969500O878F3MGJCYV50,AUTHORISED,2026-06-22,c. exchange of crypto-assets for funds,bullbitcoin.com,https://www.esma.europa.eu/sites/default/files/2024-12/CASPS.csv
ESMA_MICA,EU,LGT Bank AG,7KDSOB6Z0X4S67TMX170,AUTHORISED,2025-12-19,a. providing custody and administration of crypto-assets on behalf of clients | e. execution of orders for crypto-assets on behalf of clients | g. reception and transmission of orders for crypto-assets on behalf of clients | j. providing transfer services for crypto-assets on behalf of clients,lgt.com,https://www.esma.europa.eu/sites/default/files/2024-12/CASPS.csv
ESMA_MICA,EU,Lightspark Payments Europe AS,6488O0OC79779MZX1E44,AUTHORISED,2026-06-15,providing custody and administration of crypto-assets on behalf of clients | exchange of crypto-assets for funds | exchange of crypto-assets for other crypto-assets | providing transfer services for crypto-assets on behalf of clients,lightspark.com,https://www.esma.europa.eu/sites/default/files/2024-12/CASPS.csv
ESMA_MICA,EU,Lightyear Europe AS,254900BBBJZF2IE8EN54,AUTHORISED,2025-11-17,providing custody and administration of crypto-assets on behalf of clients | execution of orders for crypto-assets on behalf of clients | reception and transmission of orders for crypto-assets on behalf of clients,lightyear.com,https://www.esma.europa.eu/sites/default/files/2024-12/CASPS.csv
ESMA_MICA,EU,Lunar Block A/S,984500DD714F66B77454,AUTHORISED,2025-09-15,a. providing custody and administration of crypto-assets on behalf of clients | e. execution of orders for crypto-assets on behalf of clients,lunar.app,https://www.esma.europa.eu/sites/default/files/2024-12/CASPS.csv
ESMA_MICA,EU,Madison Six j. s. a.,097900CAKA0000249459,AUTHORISED,2025-12-18,a. providing custody and administration of crypto-assets on behalf of clients | c. exchange of crypto-assets for funds | d. exchange of crypto-assets for other crypto-assets | e. execution of orders for crypto-assets on behalf of clients | g. reception and transmission of orders for crypto-assets on behalf of clients | j. providing transfer services for crypto-assets on behalf of clients,madisonsix.com | crypto4me.eu,https://www.esma.europa.eu/sites/default/files/2024-12/CASPS.csv
ESMA_MICA,EU,MEREAU FINANCE SAS,969500USEY22T9ZZRQ98,AUTHORISED,2026-06-30,h. providing advice on crypto-assets | i. providing portfolio management on crypto-assets,crypto-assets-management.com,https://www.esma.europa.eu/sites/default/files/2024-12/CASPS.csv
ESMA_MICA,EU,MERIA SAS,969500UJSWU20FEXQ504,AUTHORISED,2026-06-22,a. providing custody and administration of crypto-assets on behalf of clients | c. exchange of crypto-assets for funds | e. execution of orders for crypto-assets on behalf of clients | h. providing advice on crypto-assets | i. providing portfolio management on crypto-assets | j. providing transfer services for crypto-assets on behalf of clients,meria.com,https://www.esma.europa.eu/sites/default/files/2024-12/CASPS.csv
ESMA_MICA,EU,METAL GEAR SAS,969500PQYLQG3CSJ5041,AUTHORISED,2025-07-04,a. providing custody and administration of crypto-assets on behalf of clients | c. exchange of crypto-assets for funds | e. execution of orders for crypto-assets on behalf of clients | j. providing transfer services for crypto-assets on behalf of clients,metalgear.xyz,https://www.esma.europa.eu/sites/default/files/2024-12/CASPS.csv
ESMA_MICA,EU,MINOS GLOBAL S.L.,959800U0R44NN5DJC930,AUTHORISED,2026-06-30,a. providing custody and administration of crypto-assets on behalf of clients. | c. exchange of crypto-assets for funds | d. exchange of crypto-assets for other crypto-assets | e. execution of orders for crypto-assets on behalf of clients. | f. placing of crypto-assets | g. reception and transmission of orders for crypto-assets on behalf of clients.j. providing transfer services for crypto-assets on behalf of clients.,minos.global,https://www.esma.europa.eu/sites/default/files/2024-12/CASPS.csv
ESMA_MICA,EU,MipSoftware s.r.o.,9845006074DB79BFA392,AUTHORISED,2026-02-27,a. providing custody and administration of crypto-assets on behalf of clients | e. execution of orders for crypto-assets on behalf of clients | j. providing transfer services for crypto-assets on behalf of clients,coinero.cz,https://www.esma.europa.eu/sites/default/files/2024-12/CASPS.csv
ESMA_MICA,EU,MLP Banking AG,529900YOBXEE8ZYM4V56,AUTHORISED,2026-03-11,e. execution of orders for crypto-assets on behalf of clients,mlp.de,https://www.esma.europa.eu/sites/default/files/2024-12/CASPS.csv
ESMA_MICA,EU,Monflo B.V.,724500BUG93MDFGYQG03,AUTHORISED,2025-12-04,a. providing custody and administration of crypto-assets on behalf of clients | e. execution of orders for crypto-assets on behalf of clients | j. providing transfer services for crypto-assets on behalf of clients,monflo.com,https://www.esma.europa.eu/sites/default/files/2024-12/CASPS.csv
ESMA_MICA,EU,MoonPay Europe B.V.,254900KXWAZ3B1340G26,AUTHORISED,2024-12-30,c. exchange of crypto-assets for funds | d. exchange of crypto-assets for other crypto-assets | j. providing transfer services for crypto-assets on behalf of clients,moonpay.com,https://www.esma.europa.eu/sites/default/files/2024-12/CASPS.csv
ESMA_MICA,EU,MP Developers s.r.o.,64889KAWPMO81X649843,AUTHORISED,2026-02-11,a. providing custody and administration of crypto-assets on behalf of clients | b. operation of a trading platform for crypto-assets | c. exchange of crypto-assets for funds | d. exchange of crypto-assets for other crypto-assets | e. execution of orders for crypto-assets on behalf of clients | j. providing transfer services for crypto-assets,anycoin.cz,https://www.esma.europa.eu/sites/default/files/2024-12/CASPS.csv
ESMA_MICA,EU,Münchner Bank eG,529900VHU3S8ZYAQYZ61,AUTHORISED,2026-10-12,e. execution of orders for crypto-assets on behalf of clients,muenchner-bank.de,https://www.esma.europa.eu/sites/default/files/2024-12/CASPS.csv
ESMA_MICA,EU,Myntkaup ehf.,636700BAJ82J2GWSP231,AUTHORISED,2026-06-25,a. providing custody and administration of crypto-assets on behalf of clients | c. exchange of crypto-assets for funds | d. exchange of crypto-assets for other crypto-assets | j. providing transfer services for crypto-assets on behalf of clients,myntkaup.is,https://www.esma.europa.eu/sites/default/files/2024-12/CASPS.csv
ESMA_MICA,EU,N26 Bank SE,529900JB9XYZ8E87N345,AUTHORISED,2025-05-14,g. reception and transmission of orders for crypto-assets on behalf of clients,,https://www.esma.europa.eu/sites/default/files/2024-12/CASPS.csv
ESMA_MICA,EU,NAGA X,984500DCB2AF415E5Y71,AUTHORISED,2026-06-08,Providing custody and administration of crypto-assets on behalf of clients | Exchange of crypto-assets for funds | Exchange of crypto-assets for other crypto-assets | Execution of orders on behalf of clients | Reception and transmission of orders for crypto-assets on behalf of clients | Providing advice on crypto-assets | Providing portfolio management on crypto-assets | Providing transfer services for crypto-assets on behalf of clients.,nagax.com,https://www.esma.europa.eu/sites/default/files/2024-12/CASPS.csv
ESMA_MICA,EU,Neverless SIA,9845008O5EQ5A4B63R72,AUTHORISED,2026-05-20,a. providing custody and administration of crypto-assets on behalf of clients | c. exchange of crypto-assets for funds | d. exchange of crypto-assets for other crypto-assets | i. providing portfolio management on crypto-assets | j. providing transfer services for crypto-assets on behalf of clients,neverless.com,https://www.esma.europa.eu/sites/default/files/2024-12/CASPS.csv
ESMA_MICA,EU,"Newrails, UAB",875500ONK4E5XGIP7O24,AUTHORISED,2025-11-14,a. providing custody and administration of crypto-assets on behalf of clients | j. providing transfer services for crypto-assets on behalf of clients,newrails.xyz,https://www.esma.europa.eu/sites/default/files/2024-12/CASPS.csv
ESMA_MICA,EU,Nexdesk SIA,894500ISUYBQF9I7BE66,AUTHORISED,2025-12-10,a. providing custody and administration of crypto-assets on behalf of clients | e. execution of orders for crypto-assets on behalf of clients | j. providing transfer services for crypto-assets on behalf of clients,nexdesk.io,https://www.esma.europa.eu/sites/default/files/2024-12/CASPS.csv
ESMA_MICA,EU,"Nodu Digital, SIA",98450065E59FDCD93R40,AUTHORISED,2026-07-08,c. exchange of crypto-assets for funds | j. providing transfer services for crypto-assets on behalf of clients,nodu.fi,https://www.esma.europa.eu/sites/default/files/2024-12/CASPS.csv
ESMA_MICA,EU,Noemon Finance Ltd,25490004TC93R20KW073,AUTHORISED,2026-03-02,providing custody and administration of crypto-assets on behalf of clients | exchange of crypto-assets for funds | exchange of crypto-assets for other crypto-assets | execution of orders for crypto-assets on behalf of clients | reception and transmission of orders for crypto-assets on behalf of clients | providing advice on crypto-assets | providing portfolio management on crypto-assets,noemon.finance,https://www.esma.europa.eu/sites/default/files/2024-12/CASPS.csv
ESMA_MICA,EU,NOEMON TECH LTD,254900JFRZG8P67ZHI74,AUTHORISED,2026-06-29,a. providing custody and administration of crypto-assets on behalf of clients | c. exchange of crypto-assets for funds | d. exchange of crypto-assets for other crypto-assets | e. execution of orders for crypto-assets on behalf of clients | f. placing of crypto-assets | g. reception and transmission of orders for crypto-assets on behalf of clients | h. providing advice on crypto-assets | i. providing portfolio management on crypto-assets | j. providing transfer services for crypto-assets on behalf of clients,noemon.tech,https://www.esma.europa.eu/sites/default/files/2024-12/CASPS.csv
ESMA_MICA,EU,NorthCrypto Oy,743700CHRVVP342JOA67,AUTHORISED,2025-11-25,a. providing custody and administration of crypto-assets on behalf of clients e. execution of orders for crypto-assets on behalf of clients g. reception and transmission of orders for crypto-assets on behalf of clients j. providing transfer services for crypto-assets on behalf of clients,northcrypto.com,https://www.esma.europa.eu/sites/default/files/2024-12/CASPS.csv
ESMA_MICA,EU,Northstake ApS,98450010C0CB6A4E8A79,AUTHORISED,2026-04-07,a. providing custody and administration of crypto-assets on behalf of clients | e. execution of orders for crypto-assets on behalf of clients | j. providing transfer services for crypto-assets on behalf of clients,northstake.dk,https://www.esma.europa.eu/sites/default/files/2024-12/CASPS.csv
ESMA_MICA,EU,NORWEGIAN BLOCK EXCHANGE AS,5493004WNVZP9EMYI834,AUTHORISED,2026-06-29,a. providing custody and administration of crypto-assets on behalf of clients | b. operation of a trading platform for crypto-assets | c. exchange of crypto-assets for funds | d. exchange of crypto-assets for other crypto-assets | e. execution of orders for crypto-assets on behalf of clients | g. reception and transmission of orders for crypto-assets on behalf of clients | j. providing transfer services for crypto-assets on behalf of clients,nbx.com,https://www.esma.europa.eu/sites/default/files/2024-12/CASPS.csv
ESMA_MICA,EU,Nuvei Liquidity UAB,894500IY99QLL9M0SR28,AUTHORISED,2025-12-16,a. providing custody and administration of crypto-assets on behalf of clients | c. exchange of crypto-assets for funds | d. exchange of crypto-assets for other crypto-assets | j. providing transfer services for crypto-assets on behalf of clients,simplex.com,https://www.esma.europa.eu/sites/default/files/2024-12/CASPS.csv
ESMA_MICA,EU,Okazio s.r.o.,097900CAKA0000233454,AUTHORISED,2026-01-15,a. providing custody and administration of crypto-assets on behalf of clients | e. execution of orders for crypto-assets on behalf of clients | h.providing advice on crypto-assets | i. providing portfolio management on crypto-assets | j. providing transfer services for crypto-assets on behalf of clients,okazio.sk,https://www.esma.europa.eu/sites/default/files/2024-12/CASPS.csv
ESMA_MICA,EU,OKX Europe Limited,54930069NLWEIGLHXU42,AUTHORISED,2025-01-27,a. providing custody and administration of crypto-assets on behalf of clients | b. operation of a trading platform for crypto-assets | c. exchange of crypto-assets for funds | d. exchange of crypto-assets for other crypto-assets | e. execution of orders for crypto-assets on behalf of clients | f. placing of crypto-assets | g. reception and transmission of orders for crypto-assets on behalf of clients | i. providing portfolio management on crypto-assets | j. providing transfer services for crypto-assets on behalf of clients.,okx.com,https://www.esma.europa.eu/sites/default/files/2024-12/CASPS.csv
ESMA_MICA,EU,OLLIV ITALIA S.R.L.,81560042B094A85D8F89,AUTHORISED,2026-06-04,c. exchange of crypto-assets for funds,coinflip.tech,https://www.esma.europa.eu/sites/default/files/2024-12/CASPS.csv
ESMA_MICA,EU,Olmipay Limited,984500F9M4XF7C5E5E25,AUTHORISED,2026-05-29,a.providing custody and administration of crypto-assets on behalf of clients | e. execution of orders for crypto-assets on behalf of clients | f. placing of crypto-assets | g. reception and transmission of orders for crypto-assets on behalf of clients | j. providing transfer services for crypto-assets on behalf of clients,olmipay.com,https://www.esma.europa.eu/sites/default/files/2024-12/CASPS.csv
ESMA_MICA,EU,One Trading Exchange B.V.,984500AA963ED2BA8460,AUTHORISED,2025-05-15,a. providing custody and administration of crypto-assets on behalf of clients | b. operation of a trading platform for crypto-assets,onetrading.com,https://www.esma.europa.eu/sites/default/files/2024-12/CASPS.csv
ESMA_MICA,EU,OP Digital Services Limited,213800ZWEHNKOCS3AC78,AUTHORISED,2026-06-23,a.providing custody and administration of crypto-assets on behalf of clients | c. exchange of crypto-assets for funds | d. exchange of crypto-assets for other crypto-assets | e. execution of orders for crypto-assets on behalf of clients | j. providing transfer services for crypto-assets on behalf of clients.,openpayd.com,https://www.esma.europa.eu/sites/default/files/2024-12/CASPS.csv
ESMA_MICA,EU,OPEN BANK S.A.,5493000LM0MZ4JPMGM90,AUTHORISED,2025-07-24,a. providing custody and administration of crypto-assets on behalf of clients. | e. execution of orders for crypto-assets on behalf of clients.,openbank.es,https://www.esma.europa.eu/sites/default/files/2024-12/CASPS.csv
ESMA_MICA,EU,Orcabay finančne storitve d.o.o.,485100OLL2HA92JDWC71,AUTHORISED,2025-11-27,e. execution of orders for crypto-assets on behalf of clients | h. providing advice on crypto-assets,orcabay.io,https://www.esma.europa.eu/sites/default/files/2024-12/CASPS.csv
ESMA_MICA,EU,OSL EU GmbH,8945001TKX2A5OJMNR45,AUTHORISED,2026-07-07,a. providing custody and administration of crypto-assets on behalf of clients | c. exchange of crypto-assets for funds | d. exchange of crypto-assets for other crypto-assets | j. providing transfer services for crypto-assets on behalf of clients,osl.com,https://www.esma.europa.eu/sites/default/files/2024-12/CASPS.csv
ESMA_MICA,EU,"Partners Banka, a.s.",315700J0QGFRKN11MF15,AUTHORISED,2026-07-29,g. reception and transmission of orders for crypto-assets on behalf of clients,partnersbanka.cz,https://www.esma.europa.eu/sites/default/files/2024-12/CASPS.csv
ESMA_MICA,EU,Payhound Limited,9845001DD90AF543DC90,AUTHORISED,2025-11-24,a. providing custody and administration of crypto-assets on behalf of clients | c. exchange of crypto-assets for funds | d. exchange of crypto-assets for other crypto-assets | e. execution of orders for crypto-assets on behalf of clients | j. providing transfer services for crypto-assets on behalf of clients.,payhound.com,https://www.esma.europa.eu/sites/default/files/2024-12/CASPS.csv
ESMA_MICA,EU,PAYMIUM SAS,969500D241WXU9J7MI33,AUTHORISED,2026-06-22,a. providing custody and administration of crypto-assets on behalf of clients | b. operation of a trading platform for crypto-assets | c. exchange of crypto-assets for funds | d. exchange of crypto-assets for other | e. execution of orders for crypto-assets on behalf of clients | j. providing transfer services for crypto-assets on behalf of clients,paymium.com,https://www.esma.europa.eu/sites/default/files/2024-12/CASPS.csv
ESMA_MICA,EU,Paymonade AG,529900AAZRC5LYVR7134,AUTHORISED,2026-07-10,c. exchange of crypto-assets for funds | j. providing transfer services for crypto-assets on behalf of clients,paymonade.tech,https://www.esma.europa.eu/sites/default/files/2024-12/CASPS.csv
ESMA_MICA,EU,Paysafe Payment Solutions Limited.,213800QBQVHWRBHJTA89,AUTHORISED,2025-12-03,a. providing custody and administration of crypto-assets on behalf of clients | c. exchange of crypto-assets for funds | d. exchange of crypto-assets for other crypto-assets | j. providing transfer services for crypto-assets on behalf of clients,skrill.com,https://www.esma.europa.eu/sites/default/files/2024-12/CASPS.csv
ESMA_MICA,EU,PAYTOP SAS,969500VA4A8CRCS2N988,AUTHORISED,2026-05-21,a. providing custody and administration of crypto-assets on behalf of clients | c. exchange of crypto-assets for funds | j. providing transfer services for crypto-assets on behalf of clients,paytop.com,https://www.esma.europa.eu/sites/default/files/2024-12/CASPS.csv
ESMA_MICA,EU,Payward Europe Solutions Limited,254900641D8KNHUZYX24,AUTHORISED,2025-06-25,a. providing custody and administration of crypto-assets on behalf of clients | c. exchange of crypto-assets for funds | d. exchange of crypto-assets for other crypto-assets | e. execution of orders for crypto-assets on behalf of clients | f. placing of crypto-assets | g. reception and transmission of orders for crypto-assets on behalf of clients | i. providing portfolio management on crypto-assets | j. providing transfer services for crypto-assets on behalf of clients,kraken.com,https://www.esma.europa.eu/sites/default/files/2024-12/CASPS.csv
ESMA_MICA,EU,Payward Global Solutions Limited,9845003D98SCC2851458,AUTHORISED,2025-06-25,b. operation of a trading platform for crypto-assets,kraken.com,https://www.esma.europa.eu/sites/default/files/2024-12/CASPS.csv
ESMA_MICA,EU,PELICAN EXCHANGE EUROPE (CY) LTD,984500EBL33F46CBF732,AUTHORISED,2025-12-22,execution of orders for crypto-assets on behalf of clients | reception and transmission of orders for crypto-assets providing advice on crypto-assets on behalf of clients | providing portfolio management on crypto-assets,pelicaneu.com,https://www.esma.europa.eu/sites/default/files/2024-12/CASPS.csv
ESMA_MICA,EU,Penning Financial Services ApS,9845000E4A7414709361,AUTHORISED,2026-01-15,a. providing custody and administration of crypto-assets on behalf of clients | c. exchange of crypto-assets for funds | d. exchange of crypto-assets for other crypto-assets | e. execution of orders for crypto-assets on behalf of clients | g. reception and transmission of orders for crypto-assets on behalf of clients | i. providing portfolio management on crypto-assets | j. providing transfer services for crypto-assets on behalf of clients,penning.io,https://www.esma.europa.eu/sites/default/files/2024-12/CASPS.csv
ESMA_MICA,EU,Pionew Ireland Limited,984500FD0NZ8949F4363,AUTHORISED,2025-12-18,a.providing custody and administration of crypto-assets on behalf of clients | b. operation of a trading platform for crypto-assets | c. exchange of crypto-assets for funds | j. providing transfer services for crypto-assets on behalf of clients,webot.com,https://www.esma.europa.eu/sites/default/files/2024-12/CASPS.csv
ESMA_MICA,EU,PIRAEUS BANK Société Anonyme (S.A.),213800OYHR1MPQ5VJL60,AUTHORISED,2026-08-07,a. providing custody and administration of crypto-assets on behalf of clients | e. execution of orders for crypto-assets on behalf of clients | g. reception and transmission of orders for crypto-assets on behalf of clients | j. providing transfer services for crypto-assets on behalf of clients,piraeusbank.gr,https://www.esma.europa.eu/sites/default/files/2024-12/CASPS.csv
ESMA_MICA,EU,Pluso a.s.,315700GXG7KIZFLV9R66,AUTHORISED,2026-02-27,a. providing custody and administration of crypto-assets on behalf of clients | c. exchange of crypto-assets for funds | d. exchange of crypto-assets for other crypto-assets | j. providing transfer services for crypto-assets on behalf of clients,pluso.cz,https://www.esma.europa.eu/sites/default/files/2024-12/CASPS.csv
ESMA_MICA,EU,Plutos Vermögensverwaltung AG,391200PNJ2SKONA02N07,AUTHORISED,2026-02-25,i. providing portfolio management on crypto-assets,plutos.de,https://www.esma.europa.eu/sites/default/files/2024-12/CASPS.csv
ESMA_MICA,EU,PM MTF LTD,2138005EFA978Y43G944,AUTHORISED,2026-07-20,a. providing custody and administration of crypto-assets on behalf of clients | b. operation of a trading platform for crypto-assetse execution of orders for crypto-assets on behalf of clients | e. execution of orders for crypto-assets on behalf of clients | g. reception and transmission of orders for crypto-assets on behalf of clients | j. providing transfer services for crypto-assets on behalf of clients,perpetuals.com,https://www.esma.europa.eu/sites/default/files/2024-12/CASPS.csv
ESMA_MICA,EU,PROSEGUR CUSTODIA DE ACTIVOS DIGITALES S.L.U.,59800G0P3PV13KLX615,AUTHORISED,2026-06-30,a. providing custody and administration of crypto-assets on behalf of clients. | g. reception and transmission of orders for crypto-assets on behalf of clients. | j. providing transfer services for crypto-assets on behalf of clients.,prosegurcrypto.com,https://www.esma.europa.eu/sites/default/files/2024-12/CASPS.csv
ESMA_MICA,EU,Push Virtual Assets Ireland Limited,635400NEDOJDEJEQZQ77,AUTHORISED,2025-11-12,c. exchange of crypto-assets for funds | d. exchange of crypto-assets for other crypto-asset,push.co,https://www.esma.europa.eu/sites/default/files/2024-12/CASPS.csv
ESMA_MICA,EU,QWARKS SAS,969500CMLNBIVUUD9A09,AUTHORISED,2026-05-21,a. providing custody and administration of crypto-assets on behalf of clients | c. exchange of crypto-assets for funds | d. exchange of crypto-assets for other | e. execution of orders for crypto-assets on behalf of clients | i. providing portfolio management on crypto-assets | j. providing transfer services for crypto-assets on behalf of clients,qwarks.fr,https://www.esma.europa.eu/sites/default/files/2024-12/CASPS.csv
ESMA_MICA,EU,Raiffeisebank Auerbach-Freihung eG,529900R1A7TN1LM06875,AUTHORISED,2026-06-19,e. execution of orders for crypto-assets on behalf of clients,rb-af.de,https://www.esma.europa.eu/sites/default/files/2024-12/CASPS.csv
ESMA_MICA,EU,Raiffeisenbank Aidlingen eG,529900JEKLBM7SSTQS98,AUTHORISED,2026-08-07,e. execution of orders for crypto-assets on behalf of clients,ihrziel.de,https://www.esma.europa.eu/sites/default/files/2024-12/CASPS.csv
ESMA_MICA,EU,Raiffeisenbank Falkenstein-Wörth,391200236O6D9SGBE882,AUTHORISED,2026-07-13,e. execution of orders for crypto-assets on behalf of clients,rbfalkenstein-woerth.de,https://www.esma.europa.eu/sites/default/files/2024-12/CASPS.csv
ESMA_MICA,EU,Raiffeisenbank Goldener Steig-Dreisessel eG,529900N21YBLSSD9YT89,AUTHORISED,2026-09-15,e. execution of orders for crypto-assets on behalf of clients,rb-gsd.de,https://www.esma.europa.eu/sites/default/files/2024-12/CASPS.csv
ESMA_MICA,EU,Raiffeisenbank im Oberland eG,529900Q4W1LSVUCO8L66,AUTHORISED,2026-10-12,e. execution of orders for crypto-assets on behalf of clients,oberlandbank.de,https://www.esma.europa.eu/sites/default/files/2024-12/CASPS.csv
ESMA_MICA,EU,Raiffeisenbank Isar-Loisachtal eG,5299008VGCLH8JYR3K70,AUTHORISED,2026-08-27,e. execution of orders for crypto-assets on behalf of clients,rileg.de,https://www.esma.europa.eu/sites/default/files/2024-12/CASPS.csv
ESMA_MICA,EU,Raiffeisenbank Kreis Kelheim eG,529900UYTAE51VW2TG15,AUTHORISED,2026-05-13,e. execution of orders for crypto-assets on behalf of clients,rbkk.de,https://www.esma.europa.eu/sites/default/files/2024-12/CASPS.csv
ESMA_MICA,EU,Raiffeisenbank Schwaben Mitte eG,529900K4NCP94LQNCG60,AUTHORISED,2026-08-13,e. execution of orders for crypto-assets on behalf of clients,rb-schwaben.de,https://www.esma.europa.eu/sites/default/files/2024-12/CASPS.csv
ESMA_MICA,EU,Ramp Swaps (Ireland) Limited,89450036UW3ID72T1M84.,AUTHORISED,2025-12-02,c. exchange of crypto-assets for funds,rampnetwork.com,https://www.esma.europa.eu/sites/default/files/2024-12/CASPS.csv
ESMA_MICA,EU,RCUBE ASSET MANAGEMENT,529900X4PRL0DZNPT990,AUTHORISED,2026-06-18,h. providing advice on crypto-assets | i. providing portfolio management on crypto-assets,rcube.com,https://www.esma.europa.eu/sites/default/files/2024-12/CASPS.csv
ESMA_MICA,EU,REGULAR FINANCE SAS,969500Y5SNO2WBYDB059,AUTHORISED,2028-09-11,a. providing custody and administration of crypto-assets on behalf of clients | c. exchange of crypto-assets for funds | h. providing advice on crypto-assets | i. providing portfolio management on crypto-assets | j. providing transfer services for crypto-assets on behalf of clients,regular.eu,https://www.esma.europa.eu/sites/default/files/2024-12/CASPS.csv
ESMA_MICA,EU,RELAI EU SASU,9695003EKRFOMYXJQL11,AUTHORISED,2025-10-23,c. exchange of crypto-assets for funds,relai.app,https://www.esma.europa.eu/sites/default/files/2024-12/CASPS.csv
ESMA_MICA,EU,RENTA 4 BANCO S.A.,213800IMKAUV5KW28586,AUTHORISED,2025-11-21,a. providing custody and administration of crypto-assets on behalf of clients. | g. reception and transmission of orders for crypto-assets on behalf of clients. | j. providing transfer services for crypto-assets on behalf of clients.,r4.com,https://www.esma.europa.eu/sites/default/files/2024-12/CASPS.csv
ESMA_MICA,EU,Revolut Digital Assets (Europe) Ltd,549300ET4IUR6RCZOL84,AUTHORISED,2025-10-20,Providing Custody and administration of crypto-assets on behalf of clients | Placing of crypto-assets | Exchange of crypto-assets for funds | Exchange of crypto-assets for other crypto-assets | Operation of a trading platform for crypto-assets | Providing transfer services for crypto-assets on behalf of clients,revolut.com,https://www.esma.europa.eu/sites/default/files/2024-12/CASPS.csv
ESMA_MICA,EU,Ripple Payments Europe S.A.,2549000KEHDV2LWRRZ45,AUTHORISED,2026-06-29,c. exchange of crypto-assets for funds | d. exchange of crypto-assets for other crypto-assets | d. exchange of crypto-assets for other crypto-assets | j. providing transfer services for crypto-assets on behalf of clients,ripple.com,https://www.esma.europa.eu/sites/default/files/2024-12/CASPS.csv
ESMA_MICA,EU,RIV-DIGITAL S.R.L.,815600DCB0E8882D2314,AUTHORISED,2026-06-10,c. exchange of crypto-assets for funds | d. exchange of crypto-assets for other crypto-assets | f. placing of crypto-assets,riv-digital.it,https://www.esma.europa.eu/sites/default/files/2024-12/CASPS.csv
ESMA_MICA,EU,Robinhood Europe UAB,254900GTP4UXQO1UMI36,AUTHORISED,2025-05-29,a. providing custody and administration of crypto-assets on behalf of clients | e. execution of orders for crypto-assets on behalf of clients | g. reception and transmission of orders for crypto-assets on behalf of clients | j. providing transfer services for crypto-assets on behalf of clients,robinhood.com,https://www.esma.europa.eu/sites/default/files/2024-12/CASPS.csv
ESMA_MICA,EU,Ronin EM Ltd,213800V83W83UL8WR118,AUTHORISED,2026-06-22,Reception and transmission of client orders/ Execution of orders on behalf of clients/ Exchange between crypto assets and fiat currency/ Exchange between crypto assets/ Providing custody and administration of crypto-assets on behalf of clients/ Providing transfer services for crypto-assets on behalf of clients,ron.in,https://www.esma.europa.eu/sites/default/files/2024-12/CASPS.csv
ESMA_MICA,EU,RUFIJI CAPITAL SAS,969500FUWSKQEO5J7H72,AUTHORISED,2026-06-12,a. providing custody and administration of crypto-assets on behalf of clients | e. execution of orders for crypto-assets on behalf of clients | h. providing advice on crypto-assets | i. providing portfolio management on crypto-assets | j. providing transfer services for crypto-assets on behalf of clients,rufiji.capital,https://www.esma.europa.eu/sites/default/files/2024-12/CASPS.csv
ESMA_MICA,EU,RULEMATCH Europe AG,529900PEBGKH34UTD845,AUTHORISED,2026-06-01,a. providing custody and administration of crypto-assets on behalf of clients | b. operation of a trading platform for crypto-assets | j. providing transfer services for crypto-assets on behalf of clients,rulematch.com,https://www.esma.europa.eu/sites/default/files/2024-12/CASPS.csv
ESMA_MICA,EU,Safello AB,894500QKMN1PCG2V7U40,AUTHORISED,2025-10-13,a. providing custody and administration of crypto-assets on behalf of clients | c. exchange of crypto-assets for funds | d. exchange of crypto-assets for other crypto-assets | e. execution of orders for crypto-assets on behalf of clients | g. reception and transmission of orders for crypto-assets on behalf of clients | j. providing transfer services for crypto-assets on behalf of clients,safello.com,https://www.esma.europa.eu/sites/default/files/2024-12/CASPS.csv
ESMA_MICA,EU,SafeLynx Technologies ApS,9845003F777K7DFF4E96,AUTHORISED,2026-06-30,c. exchange of crypto-assets for funds,safelynx.io,https://www.esma.europa.eu/sites/default/files/2024-12/CASPS.csv
ESMA_MICA,EU,Scalable Capital Bank GmbH,391200Y3EUNL4LTXRP94,AUTHORISED,2026-03-02,h. providing advice on crypto-assets,scalable.capital,https://www.esma.europa.eu/sites/default/files/2024-12/CASPS.csv
ESMA_MICA,EU,SG Digital Assets Limited,254900YI6BJ1QQQZIY62,AUTHORISED,2026-07-13,a. providing custody and administration of crypto-assets on behalf of clients | c. exchange of crypto-assets for funds | d. exchange of crypto-assets for other crypto-assets | e. execution of orders for crypto-assets on behalf of clients | g. reception and transmission of orders for crypto-assets on behalf of clients | j. providing transfer services for crypto-assets on behalf of clients,solidgate.com,https://www.esma.europa.eu/sites/default/files/2024-12/CASPS.csv
ESMA_MICA,EU,SHARES FINANCIAL ASSETS SAS,9695001LQMTTVPIIQI05,AUTHORISED,2026-07-28,a. providing custody and administration of crypto-assets on behalf of clients | g. reception and transmission of orders for crypto-assets on behalf of clients | j. providing transfer services for crypto-assets on behalf of clients,shares.io,https://www.esma.europa.eu/sites/default/files/2024-12/CASPS.csv
ESMA_MICA,EU,SIA AlphaRoute,259400JCJJ78A4ZCXP93,AUTHORISED,2026-06-18,a. providing custody and administration of crypto-assets on behalf of clients | b. operation of a trading platform for crypto-assets | c. exchange of crypto-assets for funds | d. exchange of crypto-assets for other crypto-assets | f. placing of crypto-assets | j. providing transfer services for crypto-assets on behalf of clients,kangaexchange.eu,https://www.esma.europa.eu/sites/default/files/2024-12/CASPS.csv
ESMA_MICA,EU,"SIA ""Paybis Europe""",259400LUESNGU5XM2J49,AUTHORISED,2026-05-12,a. providing custody and administration of crypto-assets on behalf of clients | c. exchange of crypto-assets for funds | d. exchange of crypto-assets for other crypto-assets | e. execution of orders for crypto-assets on behalf of clients | h.providing advice on crypto-assets | j. providing transfer services for crypto-assets on behalf of clients,paybis.com,https://www.esma.europa.eu/sites/default/files/2024-12/CASPS.csv
ESMA_MICA,EU,Simple Coin s.r.o.,3157008PWKP5LP7AR251,AUTHORISED,2026-06-23,a. providing custody and administration of crypto-assets on behalf of clients | c. exchange of crypto-assets for funds | d. exchange of crypto-assets for other crypto-assets | j. providing transfer services for crypto-assets on behalf of clients,simplecoin.eu,https://www.esma.europa.eu/sites/default/files/2024-12/CASPS.csv
ESMA_MICA,EU,sino Aktiengesellschaft,5299008GFCQY16M45R85,AUTHORISED,2025-11-24,g. reception and transmission of orders for crypto-assets on behalf of clients,sino.de,https://www.esma.europa.eu/sites/default/files/2024-12/CASPS.csv
ESMA_MICA,EU,S.K. DASK KRYPTO LTD,254900K8AF5VMJFMZN69,AUTHORISED,2026-06-08,providing custody and administration of crypto-assets on behalf of clients | exchange of crypto-assets for funds | exchange of crypto-assets for other crypto-assets | execution of orders for crypto-assets on behalf of clients | reception and transmission of orders for crypto-assets on behalf of clients | providing transfer services for crypto-assets on behalf of clients,daskkrypto.eu,https://www.esma.europa.eu/sites/default/files/2024-12/CASPS.csv
ESMA_MICA,EU,Smartbroker AG,391200N0BYCZF2F43264,AUTHORISED,2025-08-11,g. reception and transmission of orders for crypto-assets on behalf of clients,smartbrokerplus.de,https://www.esma.europa.eu/sites/default/files/2024-12/CASPS.csv
ESMA_MICA,EU,SMART VALOR AG,254900S56908SP1E8O53,AUTHORISED,2026-07-01,a. providing custody and administration of crypto-assets on behalf of clients | b. operation of a trading platform for crypto-assets | c. exchange of crypto-assets for funds | d. exchange of crypto-assets for other crypto-assets | j. providing transfer services for crypto-assets on behalf of clients,smartvalor.com,https://www.esma.europa.eu/sites/default/files/2024-12/CASPS.csv
ESMA_MICA,EU,SOCIETE GENERALE - FORGE,969500FX8K40ZDW4F377,AUTHORISED,2025-10-23,a. providing custody and administration of crypto-assets on behalf of clients | j. providing transfer services for crypto-assets on behalf of clients,sgforge.com,https://www.esma.europa.eu/sites/default/files/2024-12/CASPS.csv
ESMA_MICA,EU,Socios Europe Services Limited,984500EBA2E9980CDD80,AUTHORISED,2025-09-10,a. providing custody and administration of crypto-assets on behalf of clients | c. exchange of crypto-assets for funds | d. exchange of crypto-assets for other crypto-assets | f. placing of crypto-assets | j. providing transfer services for crypto-assets on behalf of clients.,socios.com,https://www.esma.europa.eu/sites/default/files/2024-12/CASPS.csv
ESMA_MICA,EU,Spar- und Kreditbank Rheinstetten eG,529900793U3P5C6YYC70,AUTHORISED,2026-07-27,e. execution of orders for crypto-assets on behalf of clients,skb-rheinstetten.de,https://www.esma.europa.eu/sites/default/files/2024-12/CASPS.csv
ESMA_MICA,EU,Stable Mint Ltd.,984500A64C0EA64BC554,AUTHORISED,2026-05-29,a.providing custody and administration of crypto-assets on behalf of clients | j. providing transfer services for crypto-assets on behalf of clients.,stablemint.io,https://www.esma.europa.eu/sites/default/files/2024-12/CASPS.csv
ESMA_MICA,EU,Standard Chartered Luxembourg S.A.,213800HAR45C9K18O294,AUTHORISED,2026-06-25,a. providing custody and administration of crypto-assets on behalf of clients | j. providing transfer services for crypto-assets on behalf of clients,sc.com,https://www.esma.europa.eu/sites/default/files/2024-12/CASPS.csv
ESMA_MICA,EU,STOKR S.A.,984500BA521C5EMR1D63,AUTHORISED,2026-06-22,a. providing custody and administration of crypto-assets on behalf of clients | j. providing transfer services for crypto-assets on behalf of clients,stokr.io,https://www.esma.europa.eu/sites/default/files/2024-12/CASPS.csv
ESMA_MICA,EU,StoneX Digital International Limited,98450043FB90T6REA408,AUTHORISED,2025-12-19,a. providing custody and administration of crypto-assets on behalf of clients | c. exchange of crypto-assets for funds | d. exchange of crypto-assets for other crypto-assets | e. execution of orders for crypto-assets on behalf of clients | g. reception and transmission of orders for crypto-assets on behalf of clients | j. providing transfer services for crypto-assets on behalf of clients,stonex.com,https://www.esma.europa.eu/sites/default/files/2024-12/CASPS.csv
ESMA_MICA,EU,Stratos Europe Ltd,549300LZMQXXYV4JJ603,WITHDRAWN,2026-04-24,providing custody and administration of crypto-assets on behalf of clients | exchange of crypto-assets for funds | exchange of crypto-assets for other crypto assets,tradu.com,https://www.esma.europa.eu/sites/default/files/2024-12/CASPS.csv
ESMA_MICA,EU,Sutor Bank GmbH,529900BQBP4JMDPM6Q19,AUTHORISED,2025-12-18,e. execution of orders for crypto-assets on behalf of clients,sutorbank.de,https://www.esma.europa.eu/sites/default/files/2024-12/CASPS.csv
ESMA_MICA,EU,Swissquote Bank Europe SA,549300M2IHOB9P5WE714,AUTHORISED,2026-04-24,a. providing custody and administration of crypto-assets on behalf of clients | e. execution of orders for crypto-assets on behalf of clients | j. providing transfer services for crypto-assets on behalf of clients,swissquote.com,https://www.esma.europa.eu/sites/default/files/2024-12/CASPS.csv
ESMA_MICA,EU,Sygnum Europe AG,506700NPCDRP5LN89R92,AUTHORISED,2026-06-26,a. providing custody and administration of crypto-assets on behalf of clients | c. exchange of crypto-assets for funds | d. exchange of crypto-assets for other crypto-assets | j. providing transfer services for crypto-assets on behalf of clients,sygnum.com,https://www.esma.europa.eu/sites/default/files/2024-12/CASPS.csv
ESMA_MICA,EU,System Pay Services (Malta) Limited,984500640Z8ADE893D04,AUTHORISED,2026-02-13,a. providing custody and administration of crypto-assets on behalf of clients | c. exchange of crypto-assets for funds | d. exchange of crypto-assets for other crypto-assets | e. execution of orders for crypto-assets on behalf of clients | j. providing transfer services for crypto-assets on behalf of clients.,bvnk.com,https://www.esma.europa.eu/sites/default/files/2024-12/CASPS.csv
ESMA_MICA,EU,Tangany GmbH,529900WKXS5ZPJY9W498,AUTHORISED,2025-08-08,a. providing custody and administration of crypto-assets on behalf of client | j. providing transfer services for crypto-assets on behalf of clients,tangany.com,https://www.esma.europa.eu/sites/default/files/2024-12/CASPS.csv
ESMA_MICA,EU,TEROXX DIGITAL ASSET LTD,636700PBO692C1R9V561,AUTHORISED,2025-10-13,providing custody and administration of crypto-assets on behalf of clients | exchange of crypto-assets for funds | exchange of crypto-assets for other crypto-assets | execution of orders on behalf of clients | placing of crypto-assets | providing advice on crypto assets | providing portfolio management on crypto-assets | providing transfer services for crypto-assets on behalf of clients,teroxx.com,https://www.esma.europa.eu/sites/default/files/2024-12/CASPS.csv
ESMA_MICA,EU,Tesseract Investment Oy,743700GULNWPBLJ7A022,AUTHORISED,2025-09-12,a. providing custody and administration of crypto-assets on behalf of clients g. reception and transmission of orders for crypto-assets on behalf of clients h. providing advice on crypto-assets i. providing portfolio management on crypto-assets j. providing transfer services for crypto-assets on behalf of clients,tesseract.fi,https://www.esma.europa.eu/sites/default/files/2024-12/CASPS.csv
ESMA_MICA,EU,Trade Republic Bank GmbH,5299009IFX1XTKDY4568,AUTHORISED,2025-04-28,a. providing custody and administration of crypto-assets on behalf of client | e. execution of orders for crypto-assets on behalf of clients | g. reception and transmission of orders for crypto-assets on behalf of clients | j. providing transfer services for crypto-assets on behalf of clients,traderepublic.com,https://www.esma.europa.eu/sites/default/files/2024-12/CASPS.csv
ESMA_MICA,EU,Traders Place GmbH & Co. KGaA,5299005Y5T6LXFAXDQ78,AUTHORISED,2025-07-21,g. reception and transmission of orders for crypto-assets on behalf of clients,tradersplace.de,https://www.esma.europa.eu/sites/default/files/2024-12/CASPS.csv
ESMA_MICA,EU,Tradevest Digital Assets GmbH,529900SUZQE32VSCS310,AUTHORISED,2025-12-19,a. providing custody and administration of crypto-assets on behalf of clients | j. providing transfer services for crypto-assets on behalf of clients,tradevest.ai,https://www.esma.europa.eu/sites/default/files/2024-12/CASPS.csv
ESMA_MICA,EU,Tradevest Markets AG,391200KFWD74ZYNEEA30,AUTHORISED,2025-12-19,c. exchange of crypto-assets for funds | d. exchange of crypto-assets for other crypto-assets | e. execution of orders for crypto-assets on behalf of clients I g. reception and transmission of orders for crypto-assets on behalf of clients I h. providing advice on crypto-assets I i. providing portfolio management on crypto-assets,tradevest.ai,https://www.esma.europa.eu/sites/default/files/2024-12/CASPS.csv
ESMA_MICA,EU,Tradias GmbH,529900FYBTAGIOS54M10,AUTHORISED,2025-03-19,c. exchange of crypto-assets for funds | d. exchange of crypto-assets for other crypto-assets | e. execution of orders for crypto-assets on behalf of clients | f. placing of crypto-assets | j. providing transfer services for crypto-assets on behalf of clients,tradias.de,https://www.esma.europa.eu/sites/default/files/2024-12/CASPS.csv
ESMA_MICA,EU,Trading 212 Markets Ltd,21380045KC28948FNE32,AUTHORISED,2025-09-22,providing custody and administration of crypto-assets on behalf of clients | exchange of crypto-assets for funds | execution of orders for crypto-assets on behalf of clients | reception and transmission of orders for crypto-assets on behalf of clients,trading212.com,https://www.esma.europa.eu/sites/default/files/2024-12/CASPS.csv
ESMA_MICA,EU,Trading.com Markets EU Ltd,213800QT8WZK738XGX35,AUTHORISED,2026-03-23,providing custody and administration of crypto-assets on behalf of clients | exchange of crypto-assets for funds | exchange of crypto-assets for other crypto-assets | execution of orders for crypto-assets on behalf of clients | reception and transmission of orders for crypto-assets on behalf of clients | providing portfolio management on crypto-assets,trading.com,https://www.esma.europa.eu/sites/default/files/2024-12/CASPS.csv
ESMA_MICA,EU,"""Trek Technologies"" SIA",6488C2PNI17093U2YA18,AUTHORISED,2026-05-27,a. providing custody and administration of crypto-assets on behalf of clients | c. exchange of crypto-assets for funds | d. exchange of crypto-assets for other crypto-assets | e. execution of orders for crypto-assets on behalf of clients | j. providing transfer services for crypto-assets on behalf of clients,backpack.exchange,https://www.esma.europa.eu/sites/default/files/2024-12/CASPS.csv
ESMA_MICA,EU,TRIA BRIDGE LIMITED (ex Tokenomica Bridge Ltd),9845007E2C96JA7B8653,AUTHORISED,2026-06-29,a. providing custody and administration of crypto-assets on behalf of clients | c. exchange of crypto-assets for funds | d. exchange of crypto-assets for other crypto-assets | e. execution of orders for crypto-assets on behalf of clients | g. reception and transmission of orders for crypto-assets on behalf of clients | h. providing advice on crypto-assets | i. providing portfolio management on crypto-assets | j. providing transfer services for crypto-assets on behalf of clients,triabridge.com,https://www.esma.europa.eu/sites/default/files/2024-12/CASPS.csv
ESMA_MICA,EU,TÝR MARKETS AS,984500678DAPX7H3BC86,AUTHORISED,2026-05-18,a. providing custody and administration of crypto-assets on behalf of clients | c. exchange of crypto-assets for funds | d. exchange of crypto-assets for other crypto-assets | j. providing transfer services for crypto-assets on behalf of clients,tyrmarkets.net,https://www.esma.europa.eu/sites/default/files/2024-12/CASPS.csv
ESMA_MICA,EU,UAB BLUE EMI LT,254900XFMACGD0L7AI73,AUTHORISED,2025-05-13,a. providing custody and administration of crypto-assets on behalf of clients,blueemi.com,https://www.esma.europa.eu/sites/default/files/2024-12/CASPS.csv
ESMA_MICA,EU,UAB Decentralized,6488907MV9XAA08E4E40,AUTHORISED,2025-12-16,a. providing custody and administration of crypto-assets on behalf of clients | c. exchange of crypto-assets for funds | d. exchange of crypto-assets for other crypto-assets | j. providing transfer services for crypto-assets on behalf of clients,coingate.com,https://www.esma.europa.eu/sites/default/files/2024-12/CASPS.csv
ESMA_MICA,EU,UAB Micar assets,894500R6HJP62BZX4M89,AUTHORISED,2026-02-26,a. providing custody and administration of crypto-assets on behalf of clients | c. exchange of crypto-assets for funds | d. exchange of crypto-assets for other crypto-assets | e. execution of orders for crypto-assets on behalf of clients | g. reception and transmission of orders for crypto-assets on behalf of clients | j. providing transfer services for crypto-assets on behalf of clients,myriadcapital.lt,https://www.esma.europa.eu/sites/default/files/2024-12/CASPS.csv
ESMA_MICA,EU,Unlimit Crypto Ltd,894500FFZOA2AVGYOA88,AUTHORISED,2026-06-29,a. providing custody and administration of crypto-assets on behalf of clients | c. exchange of crypto-assets for funds | d. exchange of crypto-assets for other crypto-assets | e. execution of orders for crypto-assets on behalf of clients | f. placing of crypto-assets | g. reception and transmission of orders for crypto-assets on behalf of clients | j. providing transfer services for crypto-assets on behalf of clients,unlimit.com,https://www.esma.europa.eu/sites/default/files/2024-12/CASPS.csv
ESMA_MICA,EU,Validvent Technology GmbH,9845002BEC2C588CC678,AUTHORISED,2026-04-15,h. providing advice on crypto-assets,validvent.com,https://www.esma.europa.eu/sites/default/files/2024-12/CASPS.csv
ESMA_MICA,EU,V-Bank AG,529900FB29C36LKTAW50,AUTHORISED,2025-09-19,a. providing custody and administration of crypto-assets on behalf of clients | e. execution of orders for crypto-assets on behalf of clients | j. providing transfer services for crypto-assets on behalf of clients,v-bank.com,https://www.esma.europa.eu/sites/default/files/2024-12/CASPS.csv
ESMA_MICA,EU,VBU Volksbank im Unterland eG,52990053QE1M1V4P6U87,AUTHORISED,2026-08-03,e. execution of orders for crypto-assets on behalf of clients,vbu-volksbank.de,https://www.esma.europa.eu/sites/default/files/2024-12/CASPS.csv
ESMA_MICA,EU,"Vereinigte Volksbank Raiffeisenbank eG, Reinheim",529900TBT1Z4FKTX5T93,AUTHORISED,2026-09-24,e. execution of orders for crypto-assets on behalf of clients,vvrb.de,https://www.esma.europa.eu/sites/default/files/2024-12/CASPS.csv
ESMA_MICA,EU,Vereinigte VR Bank eG,529900C4BDI11BJKQ590,AUTHORISED,2026-09-17,e. execution of orders for crypto-assets on behalf of clients,vereinigte-vrbk.de,https://www.esma.europa.eu/sites/default/files/2024-12/CASPS.csv
ESMA_MICA,EU,Vermögensbutler GmbH,529900ADW3Q5TWADIL41,AUTHORISED,2026-05-06,g. reception and transmission of orders for crypto-assets on behalf of clients | h. providing advice on crypto-assets,vermoegensbutler.de,https://www.esma.europa.eu/sites/default/files/2024-12/CASPS.csv
ESMA_MICA,EU,Virtu Financial Ireland Limited,549300XG5LFGN1IGYC71,AUTHORISED,2026-04-28,c. exchange of crypto-assets for funds | d. exchange of crypto-assets for other crypto-assets,virtu.com,https://www.esma.europa.eu/sites/default/files/2024-12/CASPS.csv
ESMA_MICA,EU,Vivid Money B.V.,7245009PWS7YLG3JPF78,AUTHORISED,2025-05-01,a. providing custody and administration of crypto-assets on behalf of clients | g. reception and transmission of orders for crypto-assets on behalf of clients,vivid.money,https://www.esma.europa.eu/sites/default/files/2024-12/CASPS.csv
ESMA_MICA,EU,Volksbank Alb eG,529900OBUVM58249Q315,AUTHORISED,2026-08-27,e. execution of orders for crypto-assets on behalf of clients,voba-alb.de,https://www.esma.europa.eu/sites/default/files/2024-12/CASPS.csv
ESMA_MICA,EU,Volksbank Backnang eG,5299000CFIYPHBDCD952,AUTHORISED,2026-08-20,e. execution of orders for crypto-assets on behalf of clients,volksbank-backnang.de,https://www.esma.europa.eu/sites/default/files/2024-12/CASPS.csv
ESMA_MICA,EU,Volksbank Baumberge eG,52990051OUSIGVLQ2082,AUTHORISED,2026-10-06,e. execution of orders for crypto-assets on behalf of clients,volksbank-baumberge.de,https://www.esma.europa.eu/sites/default/files/2024-12/CASPS.csv
ESMA_MICA,EU,Volksbank Beilstein-Ilsfeld-Abstatt eG,5299002RCY3D5M211G35,AUTHORISED,2026-08-06,e. execution of orders for crypto-assets on behalf of clients,vb-bia.de,https://www.esma.europa.eu/sites/default/files/2024-12/CASPS.csv
ESMA_MICA,EU,Volksbank eG - Die Gestalterbank,52990093INYLJNWHQ228,AUTHORISED,2026-07-27,e. execution of orders for crypto-assets on behalf of clients,gestalterbank.de,https://www.esma.europa.eu/sites/default/files/2024-12/CASPS.csv
ESMA_MICA,EU,Volksbank Euskirchen eG,529900DLAJ534R7YPF91,AUTHORISED,2026-08-14,e. execution of orders for crypto-assets on behalf of clients,eu-banking.de,https://www.esma.europa.eu/sites/default/files/2024-12/CASPS.csv
ESMA_MICA,EU,Volksbank Göppingen eG,529900K1110GFV3VUM61,AUTHORISED,2026-09-17,e. execution of orders for crypto-assets on behalf of clients,volksbank-goeppingen.de,https://www.esma.europa.eu/sites/default/files/2024-12/CASPS.csv
ESMA_MICA,EU,Volksbank Heiden eG,391200CC11KVFA4HGG45,AUTHORISED,2026-06-02,e. execution of orders for crypto-assets on behalf of clients,vbheiden.de,https://www.esma.europa.eu/sites/default/files/2024-12/CASPS.csv
ESMA_MICA,EU,Volksbank Mittlerer Schwarzwald eG,5299009A1SAL2URXG283,AUTHORISED,2025-11-05,e. execution of orders for crypto-assets on behalf of clients,voba-msw.de,https://www.esma.europa.eu/sites/default/files/2024-12/CASPS.csv
ESMA_MICA,EU,Volksbank Olpe-Wenden-Drolshagen eG,529900AOIGZIIUZHID69,AUTHORISED,2026-09-29,e. execution of orders for crypto-assets on behalf of clients,voba-owd.de,https://www.esma.europa.eu/sites/default/files/2024-12/CASPS.csv
ESMA_MICA,EU,Volksbank Raiffeisenbank Bayern Mitte eG,529900ZW3QH424NY3959,AUTHORISED,2025-11-05,"e. execution of orders for crypto-assets on behalf of clients, g. reception and transmission of orders for crypto-assets on behalf of clients",vr-bayernmitte.de,https://www.esma.europa.eu/sites/default/files/2024-12/CASPS.csv
ESMA_MICA,EU,Volksbank Raiffeisenbank Dachau eG,391200TWGO2RBL7WG010,AUTHORISED,2026-08-31,e. execution of orders for crypto-assets on behalf of clients,voba-raiba-dachau.de,https://www.esma.europa.eu/sites/default/files/2024-12/CASPS.csv
ESMA_MICA,EU,Volksbank Raiffeisenbank Oberbayern Südost eG,5299005O2LPWV9IP2Z21,AUTHORISED,2026-07-24,e. execution of orders for crypto-assets on behalf of clients,www-vrbank-obb-so.de,https://www.esma.europa.eu/sites/default/files/2024-12/CASPS.csv
ESMA_MICA,EU,Volksbank Raiffeisenbank Würzburg eG,529900YT5VCRYQ5WI821,AUTHORISED,2025-12-17,e. execution of orders for crypto-assets on behalf of clients,vr-bank-wuerzburg.de,https://www.esma.europa.eu/sites/default/files/2024-12/CASPS.csv
ESMA_MICA,EU,Volksbank Sauerland eG,5299001O5S0MLDXH7A21,AUTHORISED,2026-09-02,e. execution of orders for crypto-assets on behalf of clients,vb-sauerland.de,https://www.esma.europa.eu/sites/default/files/2024-12/CASPS.csv
ESMA_MICA,EU,Volksbank Schwarzwald-Donau-Neckar eG,5299009ADJ9XFQVUKZ50,AUTHORISED,2026-07-02,e. execution of orders for crypto-assets on behalf of clients,vbsdn.de,https://www.esma.europa.eu/sites/default/files/2024-12/CASPS.csv
ESMA_MICA,EU,Volksbank Zollernalb eG,529900NPL89WYDTGGZ78,AUTHORISED,2026-09-07,e. execution of orders for crypto-assets on behalf of clients,volksbank-zollernalb.de,https://www.esma.europa.eu/sites/default/files/2024-12/CASPS.csv
ESMA_MICA,EU,VR-Bank Augsburg-Ostallgäu eG,529900CG5HHEUT0AHK10,AUTHORISED,2026-07-21,e. execution of orders for crypto-assets on behalf of clients,vrbank-augsburg-ostallgaeu.de,https://www.esma.europa.eu/sites/default/files/2024-12/CASPS.csv
ESMA_MICA,EU,VR-Bank Erding eG,529900IAZ7K53LG7BT89,AUTHORISED,2026-08-04,e. execution of orders for crypto-assets on behalf of clients,vr-bank-erding.de,https://www.esma.europa.eu/sites/default/files/2024-12/CASPS.csv
ESMA_MICA,EU,VR Bank Ihre Heimatbank eG,529900NGC1AZW7YPSR12,AUTHORISED,2026-08-26,e. execution of orders for crypto-assets on behalf of clients,vr-heimatbank.de,https://www.esma.europa.eu/sites/default/files/2024-12/CASPS.csv
ESMA_MICA,EU,VR-Bank Landau-Mengkofen eG,529900E9AS5RG8YBF660,AUTHORISED,2026-07-29,e. execution of orders for crypto-assets on behalf of clients,vrbanklm.de,https://www.esma.europa.eu/sites/default/files/2024-12/CASPS.csv
ESMA_MICA,EU,VR-Bank Mittelfranken Mitte eG,5299009RFJSJRM1FIW34,AUTHORISED,2026-08-18,e. execution of orders for crypto-assets on behalf of clients,vr-mfr.de,https://www.esma.europa.eu/sites/default/files/2024-12/CASPS.csv
ESMA_MICA,EU,VR Bank München Land eG,5299008QOOWW0IUSDH15,AUTHORISED,2026-09-08,e. execution of orders for crypto-assets on behalf of clients,vr-bank-muenchen-land.de,https://www.esma.europa.eu/sites/default/files/2024-12/CASPS.csv
ESMA_MICA,EU,VR Bank Ried-Überwald eG,529900Z9LN7U0GBF2S53,AUTHORISED,2026-08-20,e. execution of orders for crypto-assets on behalf of clients,raiba-ried.de,https://www.esma.europa.eu/sites/default/files/2024-12/CASPS.csv
ESMA_MICA,EU,VR-Bank Rottal-Inn eG,529900APX10RF2PBTB22,AUTHORISED,2025-12-16,e. execution of orders for crypto-assets on behalf of clients,vrbk.de,https://www.esma.europa.eu/sites/default/files/2024-12/CASPS.csv
ESMA_MICA,EU,VR Bank Schleswig-Holstein Mitte eG,52990017DZKEH3Q6PV63,AUTHORISED,2026-07-21,e. execution of orders for crypto-assets on behalf of clients,vrbank-sh-mitte.de,https://www.esma.europa.eu/sites/default/files/2024-12/CASPS.csv
ESMA_MICA,EU,VR Bank Südpfalz eG,529900MBFU46N7U7MF46,AUTHORISED,2025-12-12,e. execution of orders for crypto-assets on behalf of clients,vrbank-suedpfalz.de,https://www.esma.europa.eu/sites/default/files/2024-12/CASPS.csv
ESMA_MICA,EU,VR TeilhaberBank Metropolregion Nürnberg eG,529900ZMDTSQYEYCKL45,AUTHORISED,2025-12-12,e. execution of orders for crypto-assets on behalf of clients,vr-teilhaberbank.de,https://www.esma.europa.eu/sites/default/files/2024-12/CASPS.csv
ESMA_MICA,EU,WB-Shields Innovations GmbH,254900ERDZ4CZ5IF7P56,AUTHORISED,2026-06-18,a. providing custody and administration of crypto-assets on behalf of clients | c. exchange of crypto-assets for funds | d. exchange of crypto-assets for other crypto-assets | f. placing of crypto-assets | j. providing transfer services for crypto-assets on behalf of clients,whitebit.eu,https://www.esma.europa.eu/sites/default/files/2024-12/CASPS.csv
ESMA_MICA,EU,"wBTCb.cz, s.r.o.",3157009R9J4OHLL5NY32,AUTHORISED,2026-06-26,c. exchange of crypto-assets for funds,bit.plus,https://www.esma.europa.eu/sites/default/files/2024-12/CASPS.csv
ESMA_MICA,EU,WEB3 Technology B.V.,724500YJVIN0Q94ZZG5,AUTHORISED,2026-02-12,a. providing custody and administration of crypto-assets on behalf of clients | c. exchange of crypto-assets for funds | d. exchange of crypto-assets for other crypto-assets | j. providing transfer services for crypto-assets on behalf of clients,ari10.com,https://www.esma.europa.eu/sites/default/files/2024-12/CASPS.csv
ESMA_MICA,EU,Webull Securities (Europe) B.V.,894500CUU8Y0ZBG8DX95,AUTHORISED,2026-06-30,a. providing custody and administration of crypto-assets on behalf of clients | g. reception and transmission of orders for crypto-assets on behalf of clients,webull.eu,https://www.esma.europa.eu/sites/default/files/2024-12/CASPS.csv
ESMA_MICA,EU,Westerwald Bank eG Volks- und Raiffeisenbank,52990071YX99SH321F74,AUTHORISED,2025-12-11,e. execution of orders for crypto-assets on behalf of clients,westerwaldbank.de,https://www.esma.europa.eu/sites/default/files/2024-12/CASPS.csv
ESMA_MICA,EU,WHITE TECH Limited liability company for services,254900S52YR70F0BK713,AUTHORISED,2026-04-23,a. providing custody and administration of crypto-assets on behalf of clients | c. exchange of crypto-assets for funds | d. exchange of crypto-assets for other crypto-assets | j. providing transfer services for crypto-assets on behalf of clients,whitely.hr,https://www.esma.europa.eu/sites/default/files/2024-12/CASPS.csv
ESMA_MICA,EU,Wiesbadener Volksbank eG,5299002PZ7ROI71ZQW56,AUTHORISED,2026-09-29,e. execution of orders for crypto-assets on behalf of clients,wvb.de,https://www.esma.europa.eu/sites/default/files/2024-12/CASPS.csv
ESMA_MICA,EU,WOORTON SAS,213800RF9FDNJ92AE175,AUTHORISED,2026-07-23,c. exchange of crypto-assets for funds | d. exchange of crypto-assets for other | e. execution of orders for crypto-assets on behalf of clients,woorton.com,https://www.esma.europa.eu/sites/default/files/2024-12/CASPS.csv
ESMA_MICA,EU,wSw PortfolioManagement AG,3912005CEQV0XYGFEO78,AUTHORISED,2025-12-19,g. reception and transmission of orders for crypto-assets on behalf of clients,wsw-pm.de,https://www.esma.europa.eu/sites/default/files/2024-12/CASPS.csv
ESMA_MICA,EU,Wyden Capital AG,391200DN4V2D0IBP3S36,AUTHORISED,2026-02-12,i. providing portfolio management on crypto-assets,wydencapital.com,https://www.esma.europa.eu/sites/default/files/2024-12/CASPS.csv
ESMA_MICA,EU,XENIOS BLOCKCHAIN GROUP S.A.,,AUTHORISED,2026-07-22,g. reception and transmission of orders for crypto-assets on behalf of clients,xeniosblockchaingroup.com,https://www.esma.europa.eu/sites/default/files/2024-12/CASPS.csv
ESMA_MICA,EU,XTB Limited,259400HM2TR4U3LF5D43,AUTHORISED,2025-12-15,providing custody and administration of crypto-assets on behalf of clients | execution of orders for crypto-assets on behalf of clients | reception and transmission of orders for crypto-assets on behalf of clients,xtb.com,https://www.esma.europa.eu/sites/default/files/2024-12/CASPS.csv
ESMA_MICA,EU,YOUNG PLATFORM S.P.A.,815600F1E30AAB016171,AUTHORISED,2026-06-30,a. providing custody and administration of crypto-assets on behalf of clients | c. exchange of crypto-assets for funds | d. exchange of crypto-assets for other crypto-assets | e. execution of orders for crypto-assets on behalf of clients | f. placing of crypto-assets | h. providing advice on crypto-assets | i. providing portfolio management on crypto-assets | j. providing transfer services for crypto-assets on behalf of clients,youngplatform.com,https://www.esma.europa.eu/sites/default/files/2024-12/CASPS.csv
ESMA_MICA,EU,Zap (Strike) Europe Limited,984500457TABOA3BZ224,AUTHORISED,2026-06-25,a.providing custody and administration of crypto-assets on behalf of clients | c. exchange of crypto-assets for funds | e. execution of orders for crypto-assets on behalf of clients | j. providing transfer services for crypto-assets on behalf of clients.,strike.me,https://www.esma.europa.eu/sites/default/files/2024-12/CASPS.csv
ESMA_MICA,EU,Zebedee Europe B.V.,724500B2I1LR33CAWG54,AUTHORISED,2024-12-30,a. providing custody and administration of crypto-assets on behalf of clients | c. exchange of crypto-assets for funds | j. providing transfer services for crypto-assets on behalf of clients,zbd.gg,https://www.esma.europa.eu/sites/default/files/2024-12/CASPS.csv
ESMA_MICA,EU,zerohash europe B.V.,724500G7QSOMFR1GQA47,AUTHORISED,2025-10-29,a. providing custody and administration of crypto-assets on behalf of clients | b. operation of a trading platform for crypto-assets | c. exchange of crypto-assets for funds | d. exchange of crypto-assets for other crypto-assets | j. providing transfer services for crypto-assets on behalf of clients,zerohash.com,https://www.esma.europa.eu/sites/default/files/2024-12/CASPS.csv
ESMA_MICA,EU,ZEUS Anstalt für Vermögensverwaltung,529900QH6TWSXWH0XM44,AUTHORISED,2025-12-01,i. providing portfolio management on crypto-assets,zeus-management.li,https://www.esma.europa.eu/sites/default/files/2024-12/CASPS.csv
ESMA_MICA,EU,Zillion Bits Limited,254900FESD7AF56FOQ37,AUTHORISED,2025-02-06,a. providing custody and administration of crypto-assets on behalf of clients | b. operation of a trading platform for crypto-assets | c. exchange of crypto-assets for funds | d. exchange of crypto-assets for other crypto-assets | e. execution of orders for crypto-assets on behalf of clients | f. placing of crypto-assets | g. reception and transmission of orders for crypto-assets on behalf of clients | j. providing transfer services for crypto-assets on behalf of clients.,zbx.com,https://www.esma.europa.eu/sites/default/files/2024-12/CASPS.csv
ESMA_MICA,EU,Zodia Custody (Europe) S.A.,213800K35A9YPYDQKB81,AUTHORISED,2025-12-12,a. providing custody and administration of crypto-assets on behalf of clients | j. providing transfer services for crypto-assets on behalf of clients,zodia-custody.com,https://www.esma.europa.eu/sites/default/files/2024-12/CASPS.csv
